Date,BNB_price,WBTC_price,WETH_price
2020-09-10,24.69469075747042,10370.743981931926,367.1606740792223
2020-09-11,24.157347222222224,10297.893687500027,366.7326874999999
2020-09-12,27.12035416666664,10363.75020138894,374.4428819444449
2020-09-13,30.51469444444446,10378.939624999992,374.59334027777726
2020-09-14,31.0018819444444,10478.567624999963,371.0638958333327
2020-09-15,28.597784722222222,10780.307069444429,371.9695694444456
2020-09-16,27.315229166666697,10929.084173611112,364.7078194444444
2020-09-17,26.96459722222217,11005.907993055567,381.7038263888895
2020-09-18,27.526937499999992,10978.280375000024,384.83343055555486
2020-09-19,27.186430555555585,11043.120131944454,383.8471944444448
2020-09-20,26.56559722222218,10923.02361805556,376.8753819444424
2020-09-21,24.628777777777756,10702.900298611105,357.02884722222234
2020-09-22,23.825229166666624,10477.359062500036,343.0719652777777
2020-09-23,23.66057638888883,10439.653923611111,337.0359374999999
2020-09-24,23.760256944444517,10457.855409722226,335.4578680555561
2020-09-25,24.499229166666627,10678.6201111111,347.3057500000003
2020-09-26,25.294069444444435,10720.685236111118,352.57690972222184
2020-09-27,26.20436805555561,10731.471993055544,355.02562500000033
2020-09-28,26.82067361111117,10895.91361805554,360.7947847222236
2020-09-29,27.99934027777768,10738.248708333353,356.04250694444494
2020-09-30,28.661104166666576,10740.310062500022,356.7107777777771
2020-10-01,28.29649305555568,10746.061118055542,360.3721319444445
2020-10-02,27.058534722222284,10530.02796527779,345.2364444444455
2020-10-03,27.772708333333327,10563.483493055604,347.6347708333341
2020-10-04,28.680055555555587,10629.360937500009,348.91620138888754
2020-10-05,28.72377777777776,10709.221409722208,352.6034097222212
2020-10-06,28.259006944444643,10716.857347222192,348.8845208333327
2020-10-07,27.52250694444444,10637.590374999963,340.3239444444454
2020-10-08,27.317875000000036,10746.685159722234,344.103340277777
2020-10-09,28.207513888888872,11010.842236111126,357.3777430555552
2020-10-10,28.639812500000005,11344.35625694443,373.68090972222217
2020-10-11,28.3617847222221,11370.210562500024,373.3423750000004
2020-10-12,30.083493055555557,11447.719680555543,379.0765833333343
2020-10-13,30.94807638888878,11451.249458333325,382.4171250000005
2020-10-14,30.81286805555553,11417.497652777767,380.6168194444453
2020-10-15,31.05179166666659,11418.630604166628,377.0877847222219
2020-10-16,30.483722222222244,11361.884715277753,369.9307500000005
2020-10-17,30.27744444444457,11349.527902777778,367.7990347222212
2020-10-18,30.649881944444516,11443.123826388895,373.4904027777773
2020-10-19,30.17027083333337,11582.906736111094,377.9452916666663
2020-10-20,29.32156944444449,11874.28149999994,373.93271527777904
2020-10-21,29.657368055555636,12473.122555555528,384.5852500000004
2020-10-22,30.608569444444548,12931.342854166704,406.47311111111145
2020-10-23,30.713874999999977,12933.378256944425,412.812111111111
2020-10-24,30.65644444444436,13024.216472222244,412.51698611111067
2020-10-25,30.373437499999955,13054.102541666643,409.6145277777778
2020-10-26,30.75097916666656,13077.249361111097,401.506555555557
2020-10-27,31.619486111111232,13352.59151388891,399.8735902777779
2020-10-28,30.90925000000002,13438.061826388895,394.2260000000003
2020-10-29,30.13683333333333,13322.72422222224,389.36650694444535
2020-10-30,28.62736111111106,13427.484145833314,382.6687500000015
2020-10-31,28.56015277777769,13708.47517361112,386.9892499999995
2020-11-01,28.3186180555556,13725.402583333307,389.1369652777772
2020-11-02,28.531604166666728,13578.309888888847,390.7630902777785
2020-11-03,26.804305555555537,13596.46777777774,381.1530972222216
2020-11-04,26.58913194444453,13870.829340277738,389.1089722222207
2020-11-05,27.495541666666718,14701.39036111114,407.3906736111096
2020-11-06,28.7766527777777,15547.747215277735,438.3695347222243
2020-11-07,28.81433333333338,15313.26972222227,452.9819791666669
2020-11-08,28.22251388888886,15180.728666666611,445.6930486111116
2020-11-09,28.22569444444449,15359.718840277832,449.1596388888881
2020-11-10,28.15252083333339,15300.131319444425,448.38945833333474
2020-11-11,28.19854861111117,15562.488499999996,463.809465277779
2020-11-12,27.83726388888892,15911.308062500031,461.0952986111113
2020-11-13,28.045597222222224,16271.493993055525,467.4382916666675
2020-11-14,27.835701388888992,16010.254381944464,464.219597222222
2020-11-15,27.84868055555565,15981.168118055475,455.85161805555504
2020-11-16,27.89325694444449,16361.27689583335,456.6044027777777
2020-11-17,28.5061388888887,17067.795097222224,471.0328611111084
2020-11-18,28.135124999999853,17854.919743055554,478.3056944444448
2020-11-19,28.06431944444452,17816.067076388867,474.6018263888899
2020-11-20,28.66083333333336,18317.296854166714,498.3772916666674
2020-11-21,29.46563194444438,18664.29381249997,523.4707916666667
2020-11-22,30.05513194444453,18369.039750000087,547.3879305555533
2020-11-23,30.478270833333333,18403.15231250003,587.227722222223
2020-11-24,32.9932222222221,18815.226090277814,608.0828680555517
2020-11-25,33.09555555555563,19038.56277083338,592.3969861111133
2020-11-26,28.790854166666765,17401.14639583333,521.8899027777775
2020-11-27,28.148541666666723,16987.644145833267,514.9377708333353
2020-11-28,28.75341666666663,17284.14745833327,525.5263402777773
2020-11-29,29.628645833333188,17973.686444444418,550.4591111111122
2020-11-30,30.623791666666644,18863.121361111043,593.3518541666651
2020-12-01,30.889270833333303,19252.68228472224,603.3160347222212
2020-12-02,30.342034722222287,18950.43954166671,593.3725347222188
2020-12-03,30.43689583333325,19277.506423611125,606.3961527777782
2020-12-04,29.969729166666703,19118.762451388888,597.5664444444485
2020-12-05,29.46109722222221,19009.34832638893,588.2099513888901
2020-12-06,29.51015972222216,19151.725006944424,596.5054583333332
2020-12-07,29.3769583333333,19207.016861111133,594.4609027777798
2020-12-08,28.628993055555483,18944.6695486112,579.5635277777766
2020-12-09,27.88071527777775,18268.66652083335,560.1080069444432
2020-12-10,27.852173611111013,18298.25478472224,562.8846875000002
2020-12-11,27.231743055555533,17948.607513888877,546.7388263888922
2020-12-12,27.9099236111112,18481.175083333397,559.3812916666649
2020-12-13,28.774194444444365,19119.23996527776,581.2859583333341
2020-12-14,29.34347916666672,19170.469284722167,585.0546388888893
2020-12-15,29.746270833333423,19369.27162500009,587.7878819444452
2020-12-16,29.694118055555496,20071.429513888816,603.0976805555574
2020-12-17,30.709604166666697,22575.692909722176,650.5210694444434
2020-12-18,30.528562499999943,22861.00773611103,646.183604166668
2020-12-19,32.77623611111117,23355.050826388928,656.6508819444449
2020-12-20,34.18231250000005,23601.471965277786,649.1790694444458
2020-12-21,33.425333333333434,23268.83240972229,624.8021875000001
2020-12-22,32.435034722222206,23082.13663194441,614.3589444444456
2020-12-23,32.772451388889,23540.4601875,611.7653819444446
2020-12-24,31.672583333333417,23234.12785416663,587.642388888888
2020-12-25,32.58500694444432,24019.968215277837,617.0720624999996
2020-12-26,33.284694444444455,25234.18573611112,630.7611319444428
2020-12-27,33.70251388888891,27039.857187499994,662.2715347222236
2020-12-28,35.16138888888894,26932.14573611111,725.0413611111122
2020-12-29,37.820763888888905,26662.77649999986,720.0259305555575
2020-12-30,37.66339583333328,28083.341562500005,736.4198888888885
2020-12-31,37.33990277777767,28838.47239583325,741.3182152777742
2021-01-01,37.88786805555568,29221.69911805559,737.1224513888899
2021-01-02,37.701902777777946,30698.704534722237,750.1611319444411
2021-01-03,39.47285416666662,33492.15974305549,860.2070208333316
2021-01-04,40.51131944444426,31943.2799930556,1015.0026597222196
2021-01-05,40.37320833333344,32300.31767361115,1058.6747638888903
2021-01-06,41.42538194444455,34888.14093055557,1139.3567291666636
2021-01-07,43.265777777777856,38011.29161111109,1220.6789999999974
2021-01-08,42.37168750000012,39861.84224999998,1204.290979166663
2021-01-09,42.896972222222125,40432.61009027778,1227.2723958333277
2021-01-10,43.52270833333342,39744.85993749991,1305.5008611111084
2021-01-11,38.62800694444435,34289.27138888871,1073.7394166666622
2021-01-12,38.62447916666663,34871.15388888882,1088.1113888888922
2021-01-13,38.58145833333339,34636.31791666663,1068.3032291666646
2021-01-14,40.878194444444375,38439.60904166671,1168.0293194444423
2021-01-15,41.035118055555664,37430.97510416663,1194.4992499999978
2021-01-16,42.362083333333295,36816.00128472214,1215.916993055556
2021-01-17,43.40756250000005,35596.96259722226,1224.2519583333412
2021-01-18,45.22360416666668,36017.72566666668,1226.269076388886
2021-01-19,44.58136805555554,36845.47262500004,1367.95645138889
2021-01-20,41.74318055555564,35130.79286111129,1334.0505069444444
2021-01-21,40.63390277777777,33012.70144444444,1253.0901736111175
2021-01-22,39.99046527777796,31856.893090277623,1194.7705694444433
2021-01-23,40.695611111111134,32380.04893749993,1241.769333333331
2021-01-24,41.38595833333324,32224.29549305556,1317.643687499997
2021-01-25,42.18736111111123,33341.77881249987,1400.5389999999995
2021-01-26,41.092840277778045,31998.647291666668,1326.5743888888892
2021-01-27,41.04120833333327,31088.782145833367,1280.8473888888886
2021-01-28,42.14295833333328,31713.88674305577,1308.5151875
2021-01-29,42.83270138888888,34916.74022916666,1357.6519027777797
2021-01-30,43.87634027777768,33991.00770138903,1357.587652777775
2021-01-31,44.17109722222216,33299.02460416672,1333.6788888888873
2021-02-01,47.34523611111102,33604.618340277746,1319.337583333338
2021-02-02,50.569354166666656,34581.836111111195,1433.7628611111118
2021-02-03,50.934104166666685,36437.8807083333,1565.9096944444443
2021-02-04,53.60231249999997,37378.25221527784,1637.452437500007
2021-02-05,59.71665972222259,37493.381687499896,1669.214687499998
2021-02-06,70.3713402777777,39786.55131944433,1684.9999861111112
2021-02-07,69.09959027777757,38583.541749999946,1604.2123402777777
2021-02-08,72.99520138888907,41037.24340972218,1659.6279722222237
2021-02-09,95.43314583333348,46544.54359722226,1748.5937986111123
2021-02-10,126.97180555555563,45585.58813194443,1762.0472847222202
2021-02-11,124.2054583333339,46143.18620833319,1760.4567291666608
2021-02-12,129.96143055555547,47466.89295833323,1790.726562499996
2021-02-13,131.71997916666703,47083.4329027776,1817.993611111109
2021-02-14,132.52059722222262,48350.28190277783,1817.9620763888863
2021-02-15,130.35453472222238,47732.43275694456,1776.918222222223
2021-02-16,129.82041666666692,48763.233993055546,1781.3524305555572
2021-02-17,143.3542013888882,50828.40919444464,1801.082138888892
2021-02-18,184.3705972222226,51785.358277777945,1906.924298611108
2021-02-19,274.9602152777771,52919.85975694453,1933.9549999999988
2021-02-20,286.182381944445,56182.74996527767,1992.254680555552
2021-02-21,282.59006944444434,56967.92158333312,1944.3259583333363
2021-02-22,267.86881250000016,54676.33297222231,1812.6862708333424
2021-02-23,227.73516666666623,48938.22372222216,1571.0894583333377
2021-02-24,250.623659722222,49762.76426388884,1633.8514652777772
2021-02-25,249.32680555555663,49909.91993749992,1606.768298611108
2021-02-26,226.3049027777784,46619.499763888845,1482.251430555555
2021-02-27,228.0648125,47074.877930555645,1486.4066666666697
2021-02-28,210.8538055555553,44856.623750000086,1382.221347222223
2021-03-01,238.72231250000016,47554.83697222226,1495.8897013888914
2021-03-02,245.65239583333255,48522.8690277778,1539.5438541666688
2021-03-03,245.5002013888881,50295.994666666746,1577.9117361111132
2021-03-04,237.72669444444412,49332.67975694447,1560.9613680555517
2021-03-05,223.49838194444493,47675.08946527774,1493.102902777778
2021-03-06,224.89615277777784,48284.61123611113,1574.8381874999989
2021-03-07,232.71561805555612,50106.2830902776,1662.517645833335
2021-03-08,234.55044444444388,50732.7503194445,1731.898381944457
2021-03-09,262.6754861111103,53865.42295138908,1828.5470902777731
2021-03-10,282.1103055555549,55272.93934722224,1821.166243055559
2021-03-11,285.7798611111103,56200.66690277778,1791.243520833339
2021-03-12,273.7439791666674,56784.19169444431,1780.689965277778
2021-03-13,271.3060902777774,58698.43336111096,1838.7954722222255
2021-03-14,269.5751319444451,60340.05859027779,1881.864166666665
2021-03-15,258.5679930555564,57445.206694444365,1808.5717986111108
2021-03-16,252.91797222222272,55293.39868749996,1782.018375000001
2021-03-17,256.10188888888865,56035.3403333333,1784.4443055555582
2021-03-18,268.75329166666705,58397.25863888899,1808.914534722224
2021-03-19,264.67131250000057,58174.33989583344,1803.4063333333256
2021-03-20,268.1111527777779,58747.672965277845,1836.247381944446
2021-03-21,264.1576666666668,57238.63166666719,1786.1302152777798
2021-03-22,265.1154999999999,56666.8116180557,1764.5368402777806
2021-03-23,258.22252083333336,54661.63668055555,1693.786215277778
2021-03-24,258.497236111111,55105.29714583341,1681.085993055553
2021-03-25,239.8280972222227,52083.281020833245,1592.3904305555534
2021-03-26,246.96249999999972,53173.07001388885,1639.5141805555593
2021-03-27,258.7463055555564,55059.49389583339,1696.5875416666674
2021-03-28,270.7184236111104,55695.0573125001,1698.305909722215
2021-03-29,271.8095972222216,56807.13494444438,1755.21028472222
2021-03-30,291.405104166666,58269.64624305531,1825.833291666672
2021-03-31,303.6334652777778,58630.56079861109,1850.0364513888933
2021-04-01,318.09179166666604,58797.86861805562,1937.033256944436
2021-04-02,344.5188402777778,59181.47502777785,2022.9436666666725
2021-04-03,338.5698402777785,58807.47704166691,2084.724868055552
2021-04-04,340.44377777777777,57623.90263194419,2046.0505208333311
2021-04-05,359.58356944444574,58040.26490277766,2070.5935486111066
2021-04-06,394.6125069444455,59082.76370138913,2146.569249999992
2021-04-07,390.86140277777815,57139.07664583329,2041.5716736111108
2021-04-08,404.81172916666856,57152.57588194433,2028.9166111111103
2021-04-09,430.2674861111119,58250.39376388892,2077.6960486111143
2021-04-10,473.84947222222286,59919.16096527766,2141.971868055557
2021-04-11,482.9934722222213,59850.90514583351,2142.9737986111154
2021-04-12,572.7027986111091,60168.323763889086,2151.1964583333297
2021-04-13,562.6777569444445,62165.01313888892,2226.022000000012
2021-04-14,561.2723749999984,63497.47589583322,2362.6382083333347
2021-04-15,548.0252361111109,62949.19769444429,2464.0687083333387
2021-04-16,529.8716874999998,62330.46302777789,2470.6107361111035
2021-04-17,536.2988402777772,62038.8073402778,2466.8318125000083
2021-04-18,478.8753611111116,56449.7000972223,2203.275722222213
2021-04-19,519.6030763888868,56727.50904861134,2240.068027777774
2021-04-20,527.7775763888853,55757.29726388884,2203.4952569444463
2021-04-21,582.0964305555552,55534.754673611096,2357.546652777778
2021-04-22,550.5422083333344,53908.7146805556,2488.415965277773
2021-04-23,500.55145138888975,49920.41025000012,2285.3098125000065
2021-04-24,508.9286805555561,50134.4029444444,2267.8885416666626
2021-04-25,500.5101527777768,49757.47715972232,2266.594819444446
2021-04-26,534.440270833334,53100.18959722205,2479.246930555561
2021-04-27,554.1700972222221,54672.76192361129,2580.0523194444454
2021-04-28,561.5122013888888,54860.71025694433,2682.655784722221
2021-04-29,582.517118055555,53960.79100694436,2742.779784722222
2021-04-30,611.9821875,55290.9838194448,2762.0341875000163
2021-05-01,625.0719027777756,57819.28617361139,2872.5324444444414
2021-05-02,619.1943402777757,56926.85727777788,2933.4900694444414
2021-05-03,649.4392152777781,58053.791465277856,3174.729659722232
2021-05-04,641.67317361111,55417.86056944463,3355.9111944444344
2021-05-05,643.5134930555524,55939.87977083326,3376.4171527777926
2021-05-06,642.3463611111129,57039.244215277904,3498.307833333334
2021-05-07,634.8456736111128,57113.50542361084,3515.668590277772
2021-05-08,639.6791111111121,58600.18752083337,3658.4228611111175
2021-05-09,658.371562500001,58042.240152777806,3899.183840277781
2021-05-10,665.4986388888891,57845.17713888891,4068.876909722222
2021-05-11,655.2815625,55906.663986111285,3993.511604166665
2021-05-12,660.0156458333341,55997.12870833348,4215.110326388885
2021-05-13,593.4162638888885,49909.3608194444,3824.955576388878
2021-05-14,598.3649722222221,50319.2242222222,3976.4688958333054
2021-05-15,587.9379583333358,48965.35916666664,3905.302173611131
2021-05-16,577.7640555555553,47830.22628472211,3707.0097222222175
2021-05-17,525.4180555555536,44432.9117499998,3394.6648194444497
2021-05-18,518.5777361111114,44265.61554166681,3425.9350277777767
2021-05-19,411.15440277777896,39181.74249305572,2836.321652777783
2021-05-20,372.9925902777777,39939.06837500011,2699.161104166667
2021-05-21,363.4000069444448,39183.924166666686,2625.572312499994
2021-05-22,313.2415000000008,37572.537930555634,2352.083937500005
2021-05-23,264.7332430555552,35102.858034722085,2106.6007361111115
2021-05-24,303.8979652777783,37056.35184722229,2363.1717361111064
2021-05-25,338.0111388888888,38117.43358333325,2590.4405763888917
2021-05-26,368.21442361111207,39332.6484444446,2795.1793819444383
2021-05-27,367.54022222222073,38830.56797916663,2768.306465277773
2021-05-28,339.7908472222212,36620.81267361135,2555.0993472222244
2021-05-29,322.9129375000008,35270.62436805572,2401.981402777773
2021-05-30,323.50538194444454,35497.76791666668,2382.140402777788
2021-05-31,334.9953194444452,36179.83162500004,2503.090201388893
2021-06-01,352.05454861111207,36613.078847222336,2611.525465277776
2021-06-02,388.4327499999997,37350.59625000005,2697.9645138888845
2021-06-03,415.8576041666668,38596.74616666667,2802.3453263888846
2021-06-04,392.43096527777817,37128.60682638884,2684.796541666671
2021-06-05,402.2261736111111,36638.37297222227,2691.775444444437
2021-06-06,392.26486111111024,36030.9426736113,2693.7549374999944
2021-06-07,392.5608680555551,35940.06495833335,2752.193965277781
2021-06-08,348.6135694444435,32926.36555555563,2499.245451388889
2021-06-09,357.674152777776,34870.783708333205,2527.537430555565
2021-06-10,361.519347222221,37030.24488194443,2531.202701388888
2021-06-11,355.1743680555551,37034.92893750014,2434.55571527777
2021-06-12,339.6576180555553,35775.739090277806,2366.4522916666674
2021-06-13,344.45188194444273,36419.533868055645,2394.094791666663
2021-06-14,364.80524305555406,39675.00409027765,2522.6954791666644
2021-06-15,370.6491597222212,40234.08120138885,2579.732833333336
2021-06-16,356.8038749999997,39472.60713194448,2472.285277777776
2021-06-17,354.8635833333331,38638.5287430555,2396.9309930555514
2021-06-18,345.3260763888882,37053.20696527782,2282.8322361111163
2021-06-19,339.01075694444467,35787.38453472226,2228.1544861111083
2021-06-20,331.45155555555533,35107.7795208333,2171.9441875000043
2021-06-21,310.334229166666,33200.51314583352,2021.4287986111135
2021-06-22,268.259361111111,32048.817868055423,1900.2235763888957
2021-06-23,289.66443749999814,33793.50400694452,1983.288875000004
2021-06-24,302.0128472222223,33781.41335416681,1963.9122638888912
2021-06-25,293.5282986111119,33433.213277777846,1900.922180555552
2021-06-26,276.6896458333335,31537.816777777723,1791.4869374999987
2021-06-27,279.5845486111108,33097.31231250005,1857.4888819444463
2021-06-28,290.5514930555558,34507.17745833324,2040.1893194444544
2021-06-29,302.8628541666664,35556.93809027768,2172.914402777777
2021-06-30,295.0904583333338,34991.32530555555,2165.7585486111084
2021-07-01,290.2422708333343,33776.50041666689,2149.136888888889
2021-07-02,282.6959166666659,33294.95845833325,2081.7744375000066
2021-07-03,293.5652499999993,34302.36001388891,2193.1603125000056
2021-07-04,305.4237916666664,35301.47703472225,2306.7894652777786
2021-07-05,300.8742847222227,34118.13339583337,2250.4028333333367
2021-07-06,314.280340277779,34187.146152777896,2295.8412361111173
2021-07-07,332.6962152777771,34580.4938958333,2361.160312500001
2021-07-08,316.6152083333329,32921.20641666671,2188.206965277779
2021-07-09,311.5934236111101,33172.91096527792,2127.277326388892
2021-07-10,315.1869236111102,33721.30130555564,2119.6514583333287
2021-07-11,319.90416666666613,33824.94770833335,2124.6687152777813
2021-07-12,322.7252986111105,33722.630111111175,2100.856055555557
2021-07-13,311.95839583333344,32878.516479166705,1996.090604166665
2021-07-14,304.276347222222,32494.0560972223,1952.5601041666591
2021-07-15,312.2204097222215,32146.562784722297,1945.122354166666
2021-07-16,310.9960208333337,31782.21718750005,1911.1153055555535
2021-07-17,301.3246319444453,31607.91979861103,1889.004541666665
2021-07-18,305.11972916666605,31817.902361111104,1942.1027152777767
2021-07-19,292.0789583333328,31201.66840972207,1857.6152777777827
2021-07-20,266.7642847222233,29883.971381944444,1771.964111111111
2021-07-21,282.8833541666658,31198.30712499993,1899.949118055556
2021-07-22,293.8978194444442,32171.69810416666,2002.8322916666675
2021-07-23,292.21033333333287,32552.804111111065,2055.92513194444
2021-07-24,302.07035416666696,33889.14988194462,2150.63339583334
2021-07-25,299.7165069444435,34389.42185416664,2159.8335486111205
2021-07-26,317.0412222222222,38268.737888888805,2322.4482430555536
2021-07-27,307.9624930555558,37660.35695833341,2235.400340277773
2021-07-28,313.67479166666686,39834.598236111,2296.9655486111133
2021-07-29,313.8343402777782,39932.60918055554,2309.681249999993
2021-07-30,315.69404861110905,39689.17064583351,2384.28990277779
2021-07-31,327.2796388888876,41615.95982638891,2465.0020208333394
2021-08-01,340.2007291666649,41500.99227083325,2598.006076388887
2021-08-02,332.4342916666665,39646.44465277768,2598.8955555555603
2021-08-03,323.77867361111174,38489.35389583332,2511.0618541666763
2021-08-04,327.8985486111095,38791.97586805543,2588.52286111111
2021-08-05,332.9803263888897,39499.09010416678,2725.224652777778
2021-08-06,338.1296805555544,41419.32113194445,2819.12873611111
2021-08-07,350.9918541666682,43546.25833333341,3026.9981944444407
2021-08-08,349.611222222222,44282.50695138918,3084.1002013888765
2021-08-09,348.5770972222232,44856.09122916664,3053.8239930555574
2021-08-10,361.4438680555557,45616.17011805578,3132.3356736111123
2021-08-11,389.6159236111113,46045.83804861107,3208.5260694444546
2021-08-12,386.86134027778,44940.89741666659,3109.095368055559
2021-08-13,399.1164930555569,46152.01059027765,3202.7544027777867
2021-08-14,407.7213611111106,47106.5939375001,3269.7485694444617
2021-08-15,405.3453402777787,46447.13029166664,3210.8582013888963
2021-08-16,422.45665277777726,46846.7659652778,3249.852187499986
2021-08-17,420.65577777777895,45925.71829166659,3163.9215763889
2021-08-18,400.11684027777767,45102.92817361122,3048.962333333316
2021-08-19,410.9483333333332,45110.94055555574,3047.049395833332
2021-08-20,437.4317291666684,47716.92856250008,3237.060722222227
2021-08-21,453.1969652777767,48997.27361805554,3268.868888888865
2021-08-22,449.6186388888893,48870.652479166754,3222.0271458333204
2021-08-23,487.9078055555564,49849.554826388965,3324.526881944444
2021-08-24,486.91275694444346,48956.086138889,3274.337951388896
2021-08-25,490.46229166666615,48238.163152777975,3191.1249791666514
2021-08-26,488.5922777777765,47238.47492361112,3134.540506944424
2021-08-27,483.9009652777781,47597.28381249973,3175.033312500005
2021-08-28,487.952249999998,48867.03786805544,3246.895479166675
2021-08-29,485.27801388888975,48732.39880555523,3216.365715277767
2021-08-30,474.8947569444445,48015.462875,3221.296881944451
2021-08-31,465.2000694444423,47310.97622916656,3296.139104166653
2021-09-01,475.4104652777785,47893.40509722208,3563.491868055557
2021-09-02,490.0964930555557,49777.65478472236,3777.6449861111214
2021-09-03,487.652909722223,49909.42952777771,3894.4534097222127
2021-09-04,494.58319444444425,50151.09452777773,3909.940895833329
2021-09-05,496.5035416666667,50339.56299305546,3899.631951388887
2021-09-06,499.3470972222213,51727.50572222245,3925.277784722216
2021-09-07,460.5185486111112,50041.18302777778,3691.3280069444418
2021-09-08,413.36672222222114,46288.0436250001,3427.2758055555505
2021-09-09,418.0366666666675,46520.40514583316,3493.052520833336
2021-09-10,415.2878194444446,45955.29869444448,3363.5144583333336
2021-09-11,408.9376805555559,45432.733527777775,3285.691562500001
2021-09-12,412.5962986111123,45691.5574930556,3371.7673819444453
2021-09-13,399.90613194444296,44881.97229861111,3258.83137499999
2021-09-14,404.3383333333354,46076.06261805572,3335.66356944444
2021-09-15,424.7053611111109,47513.00808333334,3439.2124722222325
2021-09-16,426.8870833333326,47953.773784722274,3583.7609722222182
2021-09-17,414.6934722222225,47551.80034027784,3471.3092152777685
2021-09-18,413.8296458333345,48241.85129166678,3456.228625000004
2021-09-19,411.2318333333332,47750.76776388881,3383.4698194444554
2021-09-20,380.1238402777779,44726.13150694447,3116.626888888903
2021-09-21,362.9872499999995,42489.41047222233,2967.529083333321
2021-09-22,363.76973611111146,42556.692055555446,2946.343243055553
2021-09-23,378.54106249999967,44092.90568750009,3107.219305555552
2021-09-24,360.9529583333341,43131.69524999995,2965.273472222224
2021-09-25,352.73628472222174,42573.811166666725,2913.15603472222
2021-09-26,343.9197013888904,42755.9706249999,2947.20717361112
2021-09-27,347.5770069444435,43495.062118055546,3060.093527777784
2021-09-28,337.8932569444441,41988.05854861099,2896.4047638888887
2021-09-29,356.49875694444466,41937.85709027778,2877.312118055564
2021-09-30,378.9184999999998,43237.39479861109,2983.0844166666584
2021-10-01,405.67044444444406,46048.79141666661,3164.3229652777864
2021-10-02,425.4513541666673,47858.28556250016,3335.8347569444354
2021-10-03,429.7539930555543,47988.500305555644,3398.7090624999946
2021-10-04,422.0202847222242,48118.94161805558,3359.0838958333325
2021-10-05,435.7082638888887,50034.21225694445,3417.941361111115
2021-10-06,433.9007916666656,52863.19850000004,3504.201833333339
2021-10-07,438.98775,54433.65671527788,3576.187361111117
2021-10-08,429.1986805555569,54465.54316666669,3603.440888888892
2021-10-09,422.5384791666677,54788.81550694455,3590.6282638889006
2021-10-10,416.8550972222226,55165.989590277626,3538.11171527777
2021-10-11,414.8924027777769,56777.90432638879,3536.785583333345
2021-10-12,418.4103819444462,56741.59427777791,3486.109777777788
2021-10-13,458.6424375000005,56115.126138889136,3493.987013888893
2021-10-14,472.2575416666677,57680.22231944442,3694.851208333315
2021-10-15,467.03911805555737,59837.09374305549,3792.8629722222367
2021-10-16,472.0188333333346,61331.42168055567,3870.5079444444423
2021-10-17,466.666,60897.58896527763,3838.653527777773
2021-10-18,475.5177638888901,61694.78143055555,3791.4853194444486
2021-10-19,487.98004861111184,62786.14692361081,3804.526180555557
2021-10-20,492.092999999999,64654.44679166668,3947.0808541666624
2021-10-21,486.5311944444435,64503.98321527782,4137.171027777785
2021-10-22,482.8737430555552,62442.323701388814,4057.836909722228
2021-10-23,481.35334722222,61098.563263888966,4020.380048611093
2021-10-24,479.8859652777769,60932.69305555573,4071.571159722235
2021-10-25,483.25621527777855,62355.24897222214,4131.52884027778
2021-10-26,492.5102986111099,63433.30702083328,4240.561923611125
2021-10-27,467.9998541666671,60557.81506944452,4095.7483263889017
2021-10-28,475.0607499999984,60181.66051388896,4105.834645833326
2021-10-29,508.9531527777762,61644.85503472255,4347.0948124999895
2021-10-30,526.375861111112,61717.796819444455,4316.957868055567
2021-10-31,523.6782361111111,61241.98367361144,4270.039104166668
2021-11-01,532.967972222222,61403.5408750001,4308.710541666665
2021-11-02,551.4370763888893,62626.76264583312,4427.9446527777845
2021-11-03,553.9506249999987,62885.02350000008,4574.023791666675
2021-11-04,556.8554583333348,61875.44504861112,4526.664743055549
2021-11-05,595.7666875000001,61614.80615277772,4510.684319444443
2021-11-06,615.3799791666653,61116.37814583342,4461.001576388895
2021-11-07,656.6685347222227,62190.27372916676,4581.578888888897
2021-11-08,644.8940624999977,65836.92336111098,4714.096944444432
2021-11-09,644.3398125000011,67601.62401388898,4786.906840277769
2021-11-10,637.5506944444417,67024.29196527766,4733.7652638888885
2021-11-11,625.3647569444455,65051.755395833214,4697.772347222208
2021-11-12,623.7125416666659,64323.75770833336,4676.121819444443
2021-11-13,637.1012222222225,64190.481013888784,4646.504937499996
2021-11-14,648.1714097222216,64578.4112152778,4609.015694444457
2021-11-15,645.6540277777768,65225.34933333309,4661.597055555583
2021-11-16,599.6071111111121,61405.88324305555,4307.830590277787
2021-11-17,575.6974583333343,60009.29947916654,4200.963298611111
2021-11-18,561.1327083333325,59074.53781944423,4159.759326388897
2021-11-19,562.3182708333347,57322.75902083327,4124.226256944453
2021-11-20,588.2949166666684,58779.42647222241,4302.535104166651
2021-11-21,591.1015277777794,59235.59827083344,4345.82165277778
2021-11-22,570.128125,57456.68579861098,4175.088930555558
2021-11-23,581.1941736111102,56980.48972222224,4200.853416666679
2021-11-24,587.0362152777756,56870.3749652779,4258.897006944454
2021-11-25,623.9005416666677,58379.602472222345,4394.737402777751
2021-11-26,602.8902986111095,55758.35019444449,4199.020534722218
2021-11-27,602.4447777777798,54762.32645833324,4120.741451388897
2021-11-28,592.6848749999979,54653.64675694449,4084.773034722219
2021-11-29,616.976472222222,57691.37300694438,4354.549402777774
2021-11-30,621.1605347222237,57464.65610416661,4531.434229166673
2021-12-01,635.0591944444456,57458.29197222224,4690.730694444444
2021-12-02,621.5198541666671,56744.2624444443,4533.090062500007
2021-12-03,612.0438958333332,56083.06066666663,4469.569506944449
2021-12-04,559.4876458333331,49218.83132638873,4021.231756944464
2021-12-05,564.6256388888904,49258.80920138899,4145.329263888885
2021-12-06,560.2840902777757,48880.4555694445,4134.879444444446
2021-12-07,585.5917222222222,51059.80489583333,4350.515833333342
2021-12-08,584.9001944444453,50433.96945833337,4353.048583333332
2021-12-09,591.6213680555549,49138.93211805573,4285.52872222221
2021-12-10,575.0378194444465,48238.730763888925,4085.457347222221
2021-12-11,558.9210486111122,48520.4433819444,4021.300590277776
2021-12-12,566.141395833333,49623.49635416672,4071.537305555564
2021-12-13,544.8513680555533,48341.4392013889,3932.8685486111176
2021-12-14,523.8143541666666,47240.44972916677,3797.0849513888897
2021-12-15,527.8382361111109,48066.42779861102,3866.707437499999
2021-12-16,536.5463472222236,48655.36565972205,4038.581465277776
2021-12-17,527.9376180555573,47114.41127777767,3892.4918402777744
2021-12-18,529.8173541666669,46701.63430555559,3921.1497361111074
2021-12-19,535.1208194444432,47254.71519444449,3947.701069444452
2021-12-20,520.0156874999996,46480.5476249999,3860.1086736111056
2021-12-21,528.1270416666662,48423.47124305542,4000.6330416666574
2021-12-22,535.6091666666655,49071.62447222222,4020.202319444441
2021-12-23,535.5909583333317,49141.16822916657,3992.934916666667
2021-12-24,546.9451250000008,51073.20244444445,4094.318756944449
2021-12-25,546.2812430555564,50939.25174999982,4075.378722222208
2021-12-26,544.615874999999,50228.69762499968,4063.057555555542
2021-12-27,554.5748750000022,50989.26756249998,4081.085763888883
2021-12-28,546.5381388888907,48825.98243749997,3895.778034722233
2021-12-29,530.814444444442,47585.05729861114,3775.529902777776
2021-12-30,518.890034722223,47153.170534722194,3703.6203194444406
2021-12-31,517.0789861111124,47374.34124305564,3739.461881944455
2022-01-01,519.3988263888892,47182.42072916656,3730.062180555551
2022-01-02,525.7497499999996,47333.08793055551,3772.902236111102
2022-01-03,523.218743055556,46882.17637499996,3791.9169305555697
2022-01-04,511.59737499999926,46596.766034722175,3794.900236111098
2022-01-05,506.128437499998,46209.47386111115,3766.140305555554
2022-01-06,470.6240000000003,43132.06852777782,3428.578416666672
2022-01-07,452.5931805555552,42027.77985416671,3230.7422986111146
2022-01-08,446.4723541666676,41759.96325000006,3168.6334513889005
2022-01-09,434.5214583333309,41880.43720833348,3130.653597222205
2022-01-10,430.9663541666684,41584.0559166666,3102.55249305556
2022-01-11,447.4792430555543,42279.39981250015,3152.3172361111
2022-01-12,472.1217083333343,43298.83802777768,3303.826590277796
2022-01-13,480.3453750000011,43563.29718749993,3328.073145833341
2022-01-14,480.8994999999989,42869.61817361104,3275.2227013888887
2022-01-15,492.9221180555549,43216.91915277772,3330.369687500004
2022-01-16,496.75384027777807,43171.82111111117,3336.551902777767
2022-01-17,481.5027291666673,42593.69701388891,3258.383840277781
2022-01-18,468.3775763888884,41992.96552777773,3163.950652777783
2022-01-19,466.4018194444447,41972.26679166671,3120.565020833334
2022-01-20,466.6919374999998,42352.504680555576,3157.1703194444203
2022-01-21,420.9725069444451,38773.291229166825,2822.5141388888983
2022-01-22,365.3829166666672,35589.30784027786,2469.6746736111063
2022-01-23,374.8751458333327,35539.19788194439,2458.691229166664
2022-01-24,361.7671388888895,35212.47926388896,2368.3777152777666
2022-01-25,371.668875,36583.512055555424,2425.6376597222124
2022-01-26,384.081152777778,37665.556881944445,2518.922222222219
2022-01-27,371.1422083333336,36490.54040972216,2427.0962430555564
2022-01-28,386.3998472222231,37186.05955555558,2442.574298611112
2022-01-29,388.9065763888896,37946.07865277774,2567.3371597222244
2022-01-30,382.7273680555563,38063.606555555416,2601.5152777777785
2022-01-31,375.41940972222267,37735.38027777784,2586.999048611124
2022-02-01,383.31087499999927,38727.70633333335,2758.69246527778
2022-02-02,379.0416388888899,38203.539847222026,2740.757493055552
2022-02-03,366.8586805555551,36952.72954861117,2647.9056111111204
2022-02-04,381.7469375000012,38757.832499999866,2832.9863194444456
2022-02-05,415.9994999999994,41638.17622916662,3015.355840277777
2022-02-06,415.616930555554,41726.98885416665,3013.206201388879
2022-02-07,429.5514166666659,43233.20498611079,3102.152576388889
2022-02-08,424.5921249999994,43998.75939583352,3115.091041666647
2022-02-09,418.9327916666656,44138.75968055558,3159.7412986111244
2022-02-10,422.34131944444414,44498.5566388887,3194.797763888887
2022-02-11,412.1212013888866,43292.462784722295,3058.226868055551
2022-02-12,401.7483124999997,42477.56070833324,2930.128027777785
2022-02-13,402.8745208333336,42490.61709722228,2915.929194444435
2022-02-14,398.8741944444448,42440.53715972221,2900.1025555555507
2022-02-15,425.7367291666648,44049.09197916666,3077.073715277771
2022-02-16,429.9080208333333,44166.963465277775,3132.776999999999
2022-02-17,418.9146458333321,42834.632111111016,3029.8484861111106
2022-02-18,403.0010972222221,40504.07361805544,2864.425645833333
2022-02-19,401.1035902777776,40177.06688888886,2777.411305555552
2022-02-20,384.0312152777768,38886.51083333336,2661.61552777779
2022-02-21,379.9126250000002,38613.804944444346,2686.065631944449
2022-02-22,363.4176666666671,37462.34627777776,2582.318812499998
2022-02-23,376.3435486111112,38333.84969444434,2673.299604166668
2022-02-24,346.8035416666651,36172.81785416673,2463.4486180555537
2022-02-25,365.7762708333338,38929.58292361111,2664.1096319444327
2022-02-26,376.3215625000015,39324.06965972228,2793.3494027777715
2022-02-27,370.5007083333328,38807.90072222229,2734.6365833333107
2022-02-28,372.6555972222216,39459.39061805561,2705.50368055555
2022-03-01,404.3038888888888,43698.269875000144,2937.32648611111
2022-03-02,410.41303472222125,44088.80890972233,2970.873381944445
2022-03-03,406.22610416666777,43210.56398611108,2886.7654305555543
2022-03-04,390.7985416666658,41033.77667361105,2704.6010138888887
2022-03-05,378.58007638888887,39208.79609027789,2646.490840277774
2022-03-06,381.29880555555616,39104.1547430555,2637.470666666665
2022-03-07,376.1088819444449,38372.56271527783,2547.13651388889
2022-03-08,382.8795902777785,38677.17197222233,2559.398034722224
2022-03-09,393.62820138888833,41580.8848055556,2710.556006944436
2022-03-10,376.0104236111111,39744.37499305559,2618.4018333333383
2022-03-11,372.337902777778,39022.52806250004,2584.6507291666667
2022-03-12,376.578541666666,39186.85620138895,2589.1170972222144
2022-03-13,372.9462847222226,38967.25361111108,2577.233659722224
2022-03-14,367.6358888888894,38757.839312500015,2562.3788402777814
2022-03-15,369.0506944444441,39109.59074305557,2572.752902777774
2022-03-16,376.9659166666664,40288.67458333312,2681.393173611109
2022-03-17,387.3117777777777,41022.688208333246,2790.9308819444464
2022-03-18,390.560611111112,41024.718784722216,2849.8832152777786
2022-03-19,399.6066944444443,41783.10029166665,2946.090076388889
2022-03-20,394.0619930555554,41659.78129861119,2897.9721875
2022-03-21,393.9080000000016,41167.46477083312,2894.184201388894
2022-03-22,404.9062430555551,42511.34477083328,2995.1670694444406
2022-03-23,403.72706944444514,42319.540131944384,2972.0695138889005
2022-03-24,410.80274305555616,43331.25244444441,3060.096291666676
2022-03-25,413.7196666666651,44276.02446527775,3128.4552291666696
2022-03-26,412.9872152777791,44433.097166666594,3122.9172777777694
2022-03-27,417.8129930555557,44968.52861111118,3169.891243055564
2022-03-28,434.3262152777786,47300.21265972239,3344.9250555555545
2022-03-29,435.2558888888883,47571.30128472227,3407.361381944448
2022-03-30,438.0531875000009,47284.65354861125,3388.5697430555592
2022-03-31,439.5048055555552,46699.0719791666,3365.890562500006
2022-04-01,433.6471458333335,45549.103493055394,3344.0764861111115
2022-04-02,446.9605624999992,46514.83458333318,3480.0992152777844
2022-04-03,444.5837013888903,46397.98559027779,3489.8499791666736
2022-04-04,444.707770833333,46099.91385416668,3485.705888888892
2022-04-05,452.60859027777616,46440.01138888897,3494.824611111114
2022-04-06,434.4310138888886,44718.67653472209,3298.2734374999923
2022-04-07,431.8207013888882,43595.91048611108,3221.2912083333485
2022-04-08,431.993048611112,43472.74424999989,3262.479736111105
2022-04-09,424.2870347222233,42543.33746527779,3220.9665486111026
2022-04-10,425.5964097222232,42851.73020138894,3262.280645833322
2022-04-11,407.5443333333325,41312.19937499987,3092.299055555567
2022-04-12,407.54880555555735,40032.19645138887,3016.0779583333274
2022-04-13,418.522222222221,40569.69530555557,3068.662027777782
2022-04-14,419.1690486111117,40862.65003472204,3075.254166666674
2022-04-15,417.3424999999992,40335.40202083319,3033.511875000009
2022-04-16,416.36013888888925,40543.3183333332,3046.429874999994
2022-04-17,415.82688888889015,40449.545541666674,3054.40393750001
2022-04-18,407.5107430555556,39790.83549305554,2964.9094097222182
2022-04-19,419.3432500000016,41123.42490277762,3073.333611111115
2022-04-20,421.8478680555537,41526.953534722285,3093.706326388872
2022-04-21,418.5484097222216,41769.11962500006,3085.740263888879
2022-04-22,409.3467847222229,40234.918090277846,2989.8845694444435
2022-04-23,405.5360972222235,39719.24945138896,2961.2978958333365
2022-04-24,403.2249444444445,39727.55740277778,2949.095611111103
2022-04-25,395.116749999999,39263.058833333314,2892.951041666662
2022-04-26,396.6310000000005,39684.62552777788,2939.5869027777826
2022-04-27,390.1155555555549,38831.62938194431,2863.839895833344
2022-04-28,399.7810694444431,39657.862854166655,2914.853034722212
2022-04-29,400.2078888888884,39163.22929861103,2875.362138888885
2022-04-30,394.8552638888888,38593.23824305532,2817.4247083333257
2022-05-01,385.2334583333341,38129.68756250016,2781.213000000004
2022-05-02,389.0963333333334,38765.72257638883,2837.085020833329
2022-05-03,387.5004444444448,38314.03204166657,2826.596472222217
2022-05-04,391.7189375000005,38867.85470138889,2853.500263888882
2022-05-05,393.85146527777687,38544.84461805554,2863.875319444446
2022-05-06,378.8786805555547,36213.85339583336,2711.7497569444404
2022-05-07,375.9568680555549,35947.472375000114,2675.4128263889
2022-05-08,358.8465138888888,34667.50002083343,2556.44251388888
2022-05-09,332.4033680555556,32765.02363194448,2399.041236111112
2022-05-10,319.2836319444437,31427.43731249999,2359.612819444443
2022-05-11,297.5668333333348,30655.291361111213,2283.7285694444395
2022-05-12,262.589506944444,28448.04437500002,1952.720076388888
2022-05-13,299.0777222222224,30227.143027777965,2075.68118055555
2022-05-14,287.84091666666586,29437.511222222223,2021.0272222222184
2022-05-15,298.465902777778,30168.457652777877,2065.790513888891
2022-05-16,298.9280902777771,30042.29612499994,2042.938166666668
2022-05-17,304.5547986111114,30329.63451388901,2069.6752361111044
2022-05-18,298.4220138888884,29660.732500000075,2012.46054861112
2022-05-19,300.01311805555576,29575.616312499988,1971.2830763888812
2022-05-20,305.945097222222,29874.68753472233,2002.8244652777769
2022-05-21,307.6253263888887,29386.439659722084,1971.075513888888
2022-05-22,317.0948611111104,29818.11281249996,2002.147493055556
2022-05-23,326.5457569444459,30161.007423611147,2040.6904861111127
2022-05-24,323.7367638888893,29326.10204166668,1969.8317986111056
2022-05-25,329.62697916666684,29786.70244444451,1973.1335763888903
2022-05-26,316.2119791666673,29490.6718680555,1876.0781458333392
2022-05-27,301.27271527777833,28977.87152083317,1766.7048055555565
2022-05-28,304.246583333333,28915.12259722218,1771.264562499998
2022-05-29,303.3302847222226,29204.821138888907,1795.7768680555553
2022-05-30,315.8579513888884,30624.629194444344,1904.2412499999928
2022-05-31,320.10202777777664,31699.4617152779,1967.071506944441
2022-06-01,313.186756944444,31120.12417361117,1901.0999652777805
2022-06-02,303.64370833333464,30062.80195833339,1823.0984583333336
2022-06-03,301.5181180555545,30041.79651388885,1791.0267638888934
2022-06-04,299.53497916666805,29746.849847222325,1775.4904027777775
2022-06-05,298.5592361111117,29844.104555555637,1800.9761527777812
2022-06-06,304.2339861111105,31214.09004861123,1873.192506944439
2022-06-07,284.7429444444434,30052.98350694442,1782.0284375000062
2022-06-08,290.2853333333335,30548.760569444417,1806.083868055553
2022-06-09,289.66493750000035,30275.70074999997,1800.2864722222291
2022-06-10,288.9703125000001,29707.297611111077,1745.4332708333322
2022-06-11,279.96616666666586,28940.096812499894,1599.9775416666696
2022-06-12,260.9179722222232,27717.37961805561,1484.665180555561
2022-06-13,230.55493749999945,24295.354479166657,1273.8188402777782
2022-06-14,221.51650000000097,22216.05798611108,1196.3149999999982
2022-06-15,215.16840972222172,21427.96829861116,1140.5144305555566
2022-06-16,220.7395555555554,21482.181576388863,1145.321958333333
2022-06-17,216.26829166666656,20744.91933333328,1089.3535972222203
2022-06-18,202.61186111111124,19379.36533333329,1009.3123055555578
2022-06-19,203.1270763888889,19310.784416666687,1028.8107291666663
2022-06-20,212.319395833333,20310.59185416666,1104.7752152777748
2022-06-21,221.4424652777787,21051.12145833327,1146.524395833331
2022-06-22,216.0461944444444,20358.914875000068,1088.347124999999
2022-06-23,223.59131944444476,20557.361333333312,1103.7366458333345
2022-06-24,235.12762500000048,21116.364624999947,1183.071861111114
2022-06-25,237.3681944444451,21301.56103472225,1216.687868055559
2022-06-26,238.92384027777723,21385.46716666668,1233.8043680555588
2022-06-27,236.09324305555583,21083.24543749997,1210.6697916666667
2022-06-28,235.1767847222223,20738.890083333376,1191.0000416666635
2022-06-29,221.40521527777756,20180.910215277865,1124.3043333333333
2022-06-30,213.3280138888892,19367.85839583329,1047.1280694444474
2022-07-01,219.5841458333331,19559.28189583328,1066.5637013888886
2022-07-02,216.79879166666612,19252.567104166672,1054.0059305555556
2022-07-03,217.6757152777789,19189.71906250006,1062.9516527777762
2022-07-04,222.25027083333237,19528.38107638895,1089.171034722225
2022-07-05,229.9097569444444,20023.35089583334,1132.6036874999952
2022-07-06,235.6298819444445,20195.085944444403,1142.5726041666687
2022-07-07,238.85913888888936,20826.31175694445,1199.631555555556
2022-07-08,241.37634027777727,21788.97459027777,1234.6486597222224
2022-07-09,243.1845902777773,21660.14786805557,1219.4499583333295
2022-07-10,236.1672916666658,21161.511944444384,1183.6500069444453
2022-07-11,231.27570138888916,20505.50916666664,1144.0464722222257
2022-07-12,224.65768749999927,19783.5769444445,1072.3794166666669
2022-07-13,224.4186041666673,19638.48559027781,1067.5012986111096
2022-07-14,233.00793750000017,20214.3424861111,1127.4517152777787
2022-07-15,238.19016666666735,20805.5905972222,1219.0440833333384
2022-07-16,240.6638541666669,20870.28977083332,1255.8887361111122
2022-07-17,251.07283333333345,21228.568305555564,1351.4443263888895
2022-07-18,258.08305555555484,21811.32361805548,1454.51839583333
2022-07-19,264.0789513888882,22534.49611805551,1544.312493055552
2022-07-20,266.76069444444573,23577.246374999973,1559.261569444453
2022-07-21,258.8950208333342,22959.74702777778,1521.3893611111146
2022-07-22,266.53565277777835,23161.669861111142,1580.1273958333363
2022-07-23,261.54588888888924,22541.758020833364,1543.0496944444417
2022-07-24,262.5664236111114,22676.33037499997,1593.0862430555562
2022-07-25,255.2678472222212,21975.930138888925,1523.7427361111124
2022-07-26,243.61522916666715,21062.825881944475,1405.4934236111094
2022-07-27,257.5687986111115,21685.02875000001,1495.463749999999
2022-07-28,271.6013055555553,23343.134840277733,1665.8553472222277
2022-07-29,287.4463611111119,23921.30744444443,1714.7700069444506
2022-07-30,293.010708333333,24054.85164583336,1712.3538402777765
2022-07-31,291.48445138888934,23750.13647916668,1705.4406458333297
2022-08-01,285.1162986111116,23265.97536111121,1667.941222222227
2022-08-02,282.0012430555554,23019.19806249992,1614.371534722223
2022-08-03,292.74735416666624,23213.57627083332,1643.630430555557
2022-08-04,304.3539791666667,22894.080819444345,1622.863451388885
2022-08-05,315.07459722222126,23120.099541666583,1673.299236111108
2022-08-06,316.7860208333344,23221.528173611056,1720.9432083333313
2022-08-07,317.35392361111155,23119.046979166684,1697.40011805556
2022-08-08,327.25624305555465,23824.515229166587,1758.3059722222158
2022-08-09,322.0344722222225,23477.775208333347,1733.67582638889
2022-08-10,324.5952152777777,23454.587166666737,1759.0794513888916
2022-08-11,329.3674652777783,24407.71096527771,1893.260618055553
2022-08-12,323.5695416666671,24035.49463888892,1899.3759513888904
2022-08-13,328.00284722222244,24587.97313194452,1984.9846041666729
2022-08-14,324.5096597222229,24539.182076388803,1975.286833333336
2022-08-15,319.285611111112,24313.86365277771,1922.478159722217
2022-08-16,317.1218541666664,24028.325159722244,1886.194777777784
2022-08-17,313.22502083333364,23755.641215277803,1873.223062499996
2022-08-18,306.05688888888886,23441.90936805547,1858.088013888895
2022-08-19,286.19809722222163,21880.739930555614,1737.9677291666724
2022-08-20,285.2550694444449,21204.842284722305,1620.601548611104
2022-08-21,294.6607430555551,21397.68352777779,1608.3797083333352
2022-08-22,296.9766180555556,21314.641895833305,1582.7637291666676
2022-08-23,298.1162638888881,21432.252499999955,1626.9692777777766
2022-08-24,297.45713194444465,21498.81768055552,1650.8788958333355
2022-08-25,301.1316041666676,21623.72647222222,1696.8939444444436
2022-08-26,292.9806041666671,21202.646569444507,1631.8848611111111
2022-08-27,279.982541666668,20156.52104166667,1493.80013888889
2022-08-28,279.6800555555553,20040.92294444444,1487.9924166666638
2022-08-29,279.6647986111119,20004.509486111077,1486.2057291666677
2022-08-30,285.7109513888896,20179.88313888894,1552.202652777779
2022-08-31,284.7663125000004,20229.99070138888,1576.4372291666705
2022-09-01,276.56735416666646,20005.769479166644,1558.1668749999994
2022-09-02,278.3784097222229,20120.691729166607,1592.4411736111083
2022-09-03,276.8895694444444,19901.35103472224,1559.1487638888964
2022-09-04,277.8910763888901,19856.416111111128,1559.2233750000028
2022-09-05,276.12502083333305,19840.838750000046,1579.2703819444464
2022-09-06,276.66045833333345,19664.699020833337,1632.4857083333295
2022-09-07,267.14693055555534,18949.367444444422,1547.5959027777765
2022-09-08,279.29610416666605,19286.33992361108,1628.431194444442
2022-09-09,289.4644722222228,20740.711208333378,1697.863152777777
2022-09-10,294.2033819444447,21412.36429166669,1728.7280347222245
2022-09-11,294.86524305555497,21629.444569444364,1762.650347222225
2022-09-12,294.4859652777775,22135.751319444385,1733.606708333332
2022-09-13,287.2053541666657,21558.54044444448,1662.3834027777766
2022-09-14,278.8709097222223,20247.924256944443,1600.3018194444485
2022-09-15,274.0167986111127,20019.27100000011,1563.096375000006
2022-09-16,273.5592500000003,19730.351145833338,1455.0276319444424
2022-09-17,277.26436805555466,19970.72413194445,1444.3766527777784
2022-09-18,275.23855555555576,19889.08876388893,1421.4227777777803
2022-09-19,264.7433194444432,19025.47277777776,1330.274263888885
2022-09-20,268.9521458333343,19211.660472222236,1353.5009166666673
2022-09-21,267.23334722222194,19037.301923611165,1329.6812916666645
2022-09-22,268.7578819444447,18995.5367916667,1285.6180624999963
2022-09-23,273.705777777778,19079.325680555496,1314.961083333333
2022-09-24,279.295972222222,19099.475472222177,1329.427923611114
2022-09-25,275.8171666666668,19004.212097222167,1314.8164513888898
2022-09-26,273.8515138888892,19039.328625,1312.5154305555543
2022-09-27,279.73947916666754,19756.065256944457,1361.3122708333362
2022-09-28,274.2561319444445,19117.513715277724,1306.3186527777766
2022-09-29,281.8851180555556,19411.045159722224,1328.9702708333327
2022-09-30,284.61739583333394,19546.84182638891,1337.3387430555554
2022-10-01,282.3185416666671,19346.64060416668,1323.22784027777
2022-10-02,282.7694791666672,19250.26170833329,1303.535534722222
2022-10-03,286.1005347222218,19330.40375694451,1303.939555555558
2022-10-04,291.6734236111113,19945.522076388825,1343.014875
2022-10-05,293.426042884991,20130.027208412997,1345.830433905141
