Date,BNB_returns,WBTC_returns,WETH_returns
2020-09-10,,,
2020-09-11,-0.021759476177511616,-0.007024596746271983,-0.0011656656320716552
2020-09-12,0.12265448342435392,0.006395144083576332,0.02102401751260574
2020-09-13,0.12515840526705846,0.0014656300389230825,0.0004018191841463903
2020-09-14,0.015965668635054664,0.00959905381470727,-0.009422069388172583
2020-09-15,-0.07754681559430288,0.028795867454686208,0.002440748402856352
2020-09-16,-0.044848073653722564,0.013800822481984332,-0.019522430318283712
2020-09-17,-0.012836500192076383,0.0070293007377462136,0.046601707005720305
2020-09-18,0.02085476275219067,-0.0025102534087124706,0.008199037972118184
2020-09-19,-0.012369953775075992,0.005906185188354618,-0.0025627610098380993
2020-09-20,-0.022836147322272793,-0.010875233851843191,-0.018162989337704993
2020-09-21,-0.07290705449769719,-0.020152233222364924,-0.052660735280251725
2020-09-22,-0.0326264103871271,-0.021072908260234557,-0.039091748616485344
2020-09-23,-0.0069108580918983975,-0.003598725467362951,-0.017594057191151036
2020-09-24,0.004212938599521987,0.0017434951622246064,-0.004682199340964255
2020-09-25,0.03110118817106855,0.021109940111013525,0.035318539443176755
2020-09-26,0.032443481073243685,0.003939191071723691,0.01517728895136794
2020-09-27,0.0359886183245659,0.0010061630116788844,0.006945194680240796
2020-09-28,0.023519191695405173,0.015323305610489113,0.016249981173114714
2020-09-29,0.04394619925497367,-0.014470095418242068,-0.01317169199504209
2020-09-30,0.02363498147897869,0.0001919637198448676,0.0018769411525247914
2020-10-01,-0.012721460729169909,0.000535464574304978,0.010264209535458368
2020-10-02,-0.04374953217357569,-0.020103473301000818,-0.042000160829118505
2020-10-03,0.02639365429217122,0.003177154693998263,0.00694690965418765
2020-10-04,0.03267046235938187,0.006236337140841153,0.0036861403491994515
2020-10-05,0.0015244817827315682,0.0075131960135490505,0.010567604251841667
2020-10-06,-0.016180700078131327,0.0007130245241779853,-0.010546945339576341
2020-10-07,-0.026062486960285347,-0.007396475445553552,-0.02453699111797758
2020-10-08,-0.007435076494211268,0.010255591809462894,0.011105289225244563
2020-10-09,0.032566181992151,0.024580330814838902,0.03857679139953252
2020-10-10,0.015325654462636562,0.030289601256796805,0.045618864026830686
2020-10-11,-0.009707737359590074,0.0022790456302681505,-0.0009059459913898227
2020-10-12,0.060705218313869436,0.006816858635067868,0.015359114628586967
2020-10-13,0.028739459601203388,0.0003083389422766647,0.008812313430947905
2020-10-14,-0.004368876812705369,-0.0029474343108467638,-0.004707701192919189
2020-10-15,0.007754020517670712,9.922939538209441e-05,-0.009271883274560633
2020-10-16,-0.018294256593707425,-0.004969587935366726,-0.01897975753177361
2020-10-17,-0.0067668172631261125,-0.001087567143095436,-0.005762471159208249
2020-10-18,0.012300823495302815,0.008246679898307407,0.015474124503492837
2020-10-19,-0.01564805737198216,0.012215450242690329,0.011927719844355922
2020-10-20,-0.028130386816123676,0.025155582318594494,-0.010616818035204534
2020-10-21,0.011452272762799476,0.05043177185546699,0.02848783828477819
2020-10-22,0.03207302101478038,0.036736614794751876,0.05691289801444799
2020-10-23,0.0034403945518119983,0.00015740072788084092,0.015595127516975449
2020-10-24,-0.0018698570452480023,0.007023548950100933,-0.0007149136182220683
2020-10-25,-0.00923156450700835,0.0022946539247208353,-0.007035972895795051
2020-10-26,0.0124299946842239,0.0017731452139717607,-0.019794151995066733
2020-10-27,0.02824322893061293,0.02105505104128569,-0.004067094933280946
2020-10-28,-0.022461975144549617,0.006401028025988964,-0.014123439044460118
2020-10-29,-0.024989822356307312,-0.008582904711761485,-0.012326668092807025
2020-10-30,-0.05008728705921106,0.007863250928540344,-0.017201677147334782
2020-10-31,-0.00234769572621496,0.020926558149390928,0.011290443758467328
2020-11-01,-0.008457052877183013,0.0012348134645034925,0.005549806041841521
2020-11-02,0.007521063022683183,-0.010716821860152548,0.004178798585326993
2020-11-03,-0.06053983509028149,0.001337271651441041,-0.02459288836293494
2020-11-04,-0.008027576415476578,0.020178885206378228,0.020873174212619805
2020-11-05,0.03408948152636371,0.0598782524431789,0.046983499980689736
2020-11-06,0.0465934123663434,0.05756985110778512,0.0760421460720202
2020-11-07,0.0013094141228537914,-0.015081123317020495,0.0333336221772389
2020-11-08,-0.020539064277426244,-0.008655307322336214,-0.016090994544561088
2020-11-09,0.0001126956857264716,0.01179061806198023,0.007777976992414892
2020-11-10,-0.0025924467954233643,-0.0038794668999506676,-0.0017147145221209081
2020-11-11,0.001634943387495147,0.017147380965426784,0.034389762421624503
2020-11-12,-0.01281217438545379,0.0224141249967853,-0.005851900122482823
2020-11-13,0.007483973071666039,0.022637103696356853,0.013756360289645775
2020-11-14,-0.007484092125765729,-0.016055047632537955,-0.006885816805827227
2020-11-15,0.0004662776944373004,-0.0018167271546785102,-0.018025906740557485
2020-11-16,0.0016006643043613433,0.023784793137144433,0.0016513810468277157
2020-11-17,0.021972405218397162,0.04318233875552835,0.03159947264098717
2020-11-18,-0.013015227714107014,0.046117535472489646,0.015440182487864496
2020-11-19,-0.002516624879233098,-0.002176020235644005,-0.007743725610160124
2020-11-20,0.02125524155573011,0.0281335816501338,0.050095604264059235
2020-11-21,0.028080084125642335,0.01894367717550649,0.05035040805346869
2020-11-22,0.020006358632036703,-0.015819192810935245,0.045689538498867144
2020-11-23,0.014078756655301117,0.001857068358728009,0.07278164066612791
2020-11-24,0.08251620974961038,0.022391477871858356,0.03551457985397444
2020-11-25,0.0031016471396541068,0.011869997175902647,-0.025795632089745668
2020-11-26,-0.1300688662458862,-0.08600525127393199,-0.11901998994996765
2020-11-27,-0.022309602079944257,-0.02376293151002251,-0.013321070033045612
2020-11-28,0.02148867984575542,0.017454057193253103,0.020562813691654913
2020-11-29,0.030439136218590512,0.039894301282340505,0.047443427517174896
2020-11-30,0.03358728707789549,0.04948539184856782,0.07792176056269318
2020-12-01,0.008669049527123995,0.020651986283369395,0.01679303854127201
2020-12-02,-0.017716057917446237,-0.015698734263919656,-0.01648141177713025
2020-12-03,0.003126392543525869,0.01725906574490188,0.021948467941234062
2020-12-04,-0.015348696175347953,-0.00823467354822438,-0.01456095704579019
2020-12-05,-0.016971522886173096,-0.005722866491916223,-0.015657661407439072
2020-12-06,0.0016653317298358505,0.00748982438066248,0.014102969398691156
2020-12-07,-0.004513746795770657,0.0028870430285867776,-0.0034275554850177192
2020-12-08,-0.025460950357447887,-0.013658930712510231,-0.02506031083018445
2020-12-09,-0.026137062394254507,-0.03568302028405701,-0.033569263593814735
2020-12-10,-0.0010237064000107043,0.0016196181508458807,0.004957402003061162
2020-12-11,-0.02227583973223446,-0.019108230536023285,-0.028684136324294562
2020-12-12,0.02490404503935384,0.029671804290801518,0.023123408595789208
2020-12-13,0.030966434927435227,0.034525125110674404,0.039158740188476315
2020-12-14,0.019784558115831796,0.0026794642222935927,0.006483350408739819
2020-12-15,0.013726786260719104,0.010370238585466263,0.00467177400857266
2020-12-16,-0.0017532543178314652,0.036251125105935644,0.026046468600996464
2020-12-17,0.03419822434905462,0.12476756546415824,0.07863301487944829
2020-12-18,-0.005895278417924477,0.012638142604517011,-0.006667678391231169
2020-12-19,0.07362526850424844,0.021610731074532374,0.016198612453616423
2020-12-20,0.04289926348230755,0.010551085532660265,-0.011378668186470597
2020-12-21,-0.022145346856407566,-0.01409401735810678,-0.03755032023029781
2020-12-22,-0.029627187296398683,-0.00802342698122982,-0.016714479021497475
2020-12-23,0.010402845859623033,0.019856201480122015,-0.004221575226427743
2020-12-24,-0.03356075023208305,-0.01301301380233999,-0.03943177199547265
2020-12-25,0.02880799464660777,0.03382267524925764,0.05008092364942729
2020-12-26,0.021472682242881236,0.05055033836643408,0.02218390732029496
2020-12-27,0.012552900106739484,0.07155655705604502,0.049956158016020824
2020-12-28,0.04328683031804936,-0.003983432702398981,0.09477959280737647
2020-12-29,0.0756333888972267,-0.010001774041719647,-0.006917440610379355
2020-12-30,-0.004160890457367339,0.05327896224536666,0.02276856657187576
2020-12-31,-0.008589057051231586,0.02688892387156594,0.006651540055872651
2021-01-01,0.014675059039096494,0.01328873169709599,-0.005659868869284712
2021-01-02,-0.004908306730403766,0.050544816394815006,0.017688622197008952
2021-01-03,0.046972467127905926,0.09099586613414501,0.1466963352308699
2021-01-04,0.0263083402429658,-0.04624603972638841,0.1799516106470842
2021-01-05,-0.003409198046492312,0.011177239176226372,0.043026590864917225
2021-01-06,0.02606118400162938,0.08011757912395501,0.07621034148523553
2021-01-07,0.04442676800907841,0.08951897685726817,0.07137560059246195
2021-01-08,-0.020665068876606574,0.0486842346169567,-0.013425331994188827
2021-01-09,0.012397068731850869,0.014318651824924311,0.01908294346152717
2021-01-10,0.014586952847621681,-0.017009788664206105,0.06374172966276404
2021-01-11,-0.11246316179134208,-0.13726526039317521,-0.1775268414968295
2021-01-12,-9.132694272306896e-05,0.016969812318282873,0.013384972181468946
2021-01-13,-0.0011138230019259732,-0.006734390636181753,-0.018204165423224228
2021-01-14,0.05952953077273038,0.10980645038975045,0.09334998486859347
2021-01-15,0.003838809743041738,-0.02623944318493887,0.02266204290843099
2021-01-16,0.032337308643321405,-0.016429543118582468,0.017930311011545852
2021-01-17,0.02467959751743609,-0.03311165376359748,0.006854880164837374
2021-01-18,0.04183698789045409,0.01182019584663263,0.0016476331051091808
2021-01-19,-0.014201347348262061,0.022981655365858167,0.11554346246522385
2021-01-20,-0.06366308670615628,-0.04653705439851852,-0.024785836135368777
2021-01-21,-0.026573868186721916,-0.06029159162563358,-0.06068760733711742
2021-01-22,-0.015834991374535146,-0.03501102011030144,-0.04654062843586948
2021-01-23,0.017632848941245394,0.016422061176517122,0.03933706193544895
2021-01-24,0.016963677491836915,-0.004810167049006164,0.06110181023958261
2021-01-25,0.019364122761717395,0.03467828550930241,0.06291178205944448
2021-01-26,-0.025944282944137753,-0.04028373916060113,-0.052811532639298386
2021-01-27,-0.0012564705699521506,-0.028434487793809193,-0.03446998553793923
2021-01-28,0.026844969842303,0.020107078955043045,0.021601167204714722
2021-01-29,0.01636674507043412,0.10099214618694452,0.03755150551340458
2021-01-30,0.02436546972401632,-0.02651257023713638,-4.7324354551570025e-05
2021-01-31,0.006717901779829338,-0.020357828261562072,-0.017611211946401917
2021-02-01,0.07186008699127311,0.00917725788498891,-0.010753192297658143
2021-02-02,0.06809804576724865,0.029079865182166875,0.0867293399530662
2021-02-03,0.007212866488226943,0.05367108302921353,0.09216784512811538
2021-02-04,0.052385496456409,0.025807524715055097,0.04568765575012579
2021-02-05,0.11406872086391084,0.003080119197627962,0.019397357304914653
2021-02-06,0.17842057149740653,0.06116198456190358,0.009456721612457697
2021-02-07,-0.018071987757802277,-0.03023658823267883,-0.04794519080073523
2021-02-08,0.056376761359239635,0.06359451591097742,0.034543825996782074
2021-02-09,0.3073893080300454,0.13420248851791405,0.05360588510072195
2021-02-10,0.3304790955681367,-0.02060296204805967,0.007693888724639164
2021-02-11,-0.021787098404388194,0.01223189387783763,-0.0009026747291915882
2021-02-12,0.04634234517112845,0.028686938609388646,0.017194306927193814
2021-02-13,0.013531311586785222,-0.008078473893208815,0.015226807476986348
2021-02-14,0.006078182373097318,0.026906470533194726,-1.7345892763254156e-05
2021-02-15,-0.01634510065154615,-0.012778604829556839,-0.02257684838409335
2021-02-16,-0.004097425967524937,0.021595405399927214,0.0024954487369648337
2021-02-17,0.10425004841088503,0.04235107133549021,0.01107569057919755
2021-02-18,0.28611924475143913,0.018827051613448775,0.058765870493564076
2021-02-19,0.4913452547228365,0.02190776537802619,0.014175025934998198
2021-02-20,0.04081378338801045,0.06165719681267601,0.030145313906245752
2021-02-21,-0.012552528480589853,0.0139753148171049,-0.024057527729763217
2021-02-22,-0.052094034915612264,-0.040225947294893816,-0.06770453633856466
2021-02-23,-0.1498257503692555,-0.10494685612722665,-0.1332810957899162
2021-02-24,0.1005048688376593,0.01684859970289998,0.03994807972998515
2021-02-25,-0.005174508137430922,0.002957144278214141,-0.016576272226841993
2021-02-26,-0.09233625211890151,-0.0659271779584405,-0.07749522327717417
2021-02-27,0.007776719375583996,0.00976797625399528,0.0028033274419287935
2021-02-28,-0.07546542035915638,-0.04712182544217969,-0.07009206953981628
2021-03-01,0.13216980775384735,0.06015194628245224,0.08223599960679362
2021-03-02,0.029029893606331347,0.020356121841422548,0.029182735022004413
2021-03-03,-0.0006195520460045012,0.03654206097899704,0.0249215907949647
2021-03-04,-0.03166395343248718,-0.019152914980737124,-0.010742278967603713
2021-03-05,-0.05985155572557843,-0.033600248351264295,-0.04347222594131417
2021-03-06,0.006254053479816113,0.012784910897279067,0.05474189660348272
2021-03-07,0.03476922651275749,0.037727793753138394,0.0556752173202788
2021-03-08,0.007884414480723523,0.012502767927091707,0.041732330652253014
2021-03-09,0.1199104172805272,0.06174852757280758,0.05580506878515901
2021-03-10,0.0739879450959644,0.0261302393764431,-0.00403645454987589
2021-03-11,0.013007520403513828,0.016784480190705997,-0.01643052760082775
2021-03-12,-0.04211592061682534,0.010382880200976441,-0.005891748069325242
2021-03-13,-0.008905726059478702,0.033710820028348465,0.03263089480901482
2021-03-14,-0.006380093906333095,0.027967104659635478,0.023422232159615808
2021-03-15,-0.04083143281612889,-0.047975622885786384,-0.03894668348214336
2021-03-16,-0.02185119962670612,-0.03745844311066793,-0.014681984774672197
2021-03-17,0.012588732381060064,0.0134182680653534,0.0013613386874067324
2021-03-18,0.0493998807766205,0.04215051236426026,0.013713080924118604
2021-03-19,-0.015188573659329685,-0.003817280952073676,-0.0030450313064371848
2021-03-20,0.012996649486813228,0.009855428879313788,0.01821056519770492
2021-03-21,-0.014745698081377157,-0.02568682677018641,-0.02729325425291873
2021-03-22,0.003625991043227028,-0.009990106890421901,-0.012089474112972787
2021-03-23,-0.025999910102074475,-0.03538534955902195,-0.04009586163634005
2021-03-24,0.0010638703273870842,0.008116487032223674,-0.007498125860082139
2021-03-25,-0.0722218123866658,-0.05484075545409994,-0.0527608717617033
2021-03-26,0.029747985579714253,0.020923969682702825,0.02959308791096249
2021-03-27,0.04771495897375777,0.03547705410749846,0.034811142098062575
2021-03-28,0.04626971592830498,0.011543212109234702,0.00101283783674333
2021-03-29,0.0040306588541558774,0.019967258956293144,0.033506551837479526
2021-03-30,0.07209277061848485,0.025745204366339314,0.040236208481212676
2021-03-31,0.04196344173888589,0.006193869000857388,0.013255952683461025
2021-04-01,0.047617697132498416,0.0028535940500247214,0.04702437375773383
2021-04-02,0.08307994517131445,0.006524155020211753,0.04435154090113835
2021-04-03,-0.017267560738341015,-0.00631951106212536,0.030540248058751107
2021-04-04,0.005534862462828416,-0.02012625722549055,-0.01855129557613666
2021-04-05,0.05622012477831606,0.007225513230036729,0.011995318555369394
2021-04-06,0.09741528945307265,0.01796164783806109,0.0366927161730255
2021-04-07,-0.009505791379276873,-0.03289770034082107,-0.04891413421154778
2021-04-08,0.03569123553706777,0.00023625226208534578,-0.006198686366771677
2021-04-09,0.06288295301335678,0.019208545984213732,0.024042110569192143
2021-04-10,0.10129044726344105,0.02864817031371314,0.03093610323194751
2021-04-11,0.019297267457354383,-0.001139131762604384,0.00046776083780586397
2021-04-12,0.18573610524411643,0.005303489016283969,0.003837032318147582
2021-04-13,-0.01750478903015118,0.03318505901602298,0.03478322092657904
2021-04-14,-0.0024976674963620438,0.021434287385531547,0.06137235316332079
2021-04-15,-0.023601979144061036,-0.008634645608407654,0.04293103347023064
2021-04-16,-0.033125388056820304,-0.009829111240936439,0.0026549697074760292
2021-04-17,0.012129639928680769,-0.004679183714231594,-0.00152955038843694
2021-04-18,-0.10707365903853716,-0.09009050113422878,-0.10683991058583542
2021-04-19,0.08504867567894214,0.004921353894007829,0.016698911164169994
2021-04-20,0.0157322009269254,-0.017103021109054928,-0.016326634003883123
2021-04-21,0.10291997348262827,-0.003991272913112853,0.0699122883735872
2021-04-22,-0.05420789505976753,-0.029279682652999295,0.055510804991196316
2021-04-23,-0.09080276895713868,-0.07398255466094472,-0.08162065973366894
2021-04-24,0.01673600015227583,0.004286677400538563,-0.007623154960458511
2021-04-25,-0.016541665069041755,-0.0075183060450477734,-0.0005704522944791623
2021-04-26,0.06779106850729955,0.06718010293748544,0.09382008168678224
2021-04-27,0.036916803365367734,0.029615192305669336,0.040659680827474176
2021-04-28,0.013248827757883275,0.0034376959699904397,0.039767978542337934
2021-04-29,0.037407765342785115,-0.01640371124954687,0.022412118745315013
2021-04-30,0.05058232373118843,0.024651099208854443,0.007020032335459447
2021-05-01,0.021389046193073247,0.04572720866069013,0.04000611485712269
2021-05-02,-0.00940301823499079,-0.015434796153550812,0.021220865622560314
2021-05-03,0.048845528830955276,0.019796177786541636,0.08223637529595518
2021-05-04,-0.011958073186797646,-0.04540497406461008,0.057069909611785485
2021-05-05,0.002868001219508365,0.00941969242451135,0.006110399574132064
2021-05-06,-0.0018136868255826943,0.01965260649376388,0.03610059866425619
2021-05-07,-0.011677014075436754,0.0013019318427969218,0.004962615576312945
2021-05-08,0.007613562950670838,0.026030307301150746,0.04060515579543478
2021-05-09,0.02922160668404583,-0.009521255676139373,0.06581004665314749
2021-05-10,0.010825310196912019,-0.003395165544441303,0.0435201509843024
2021-05-11,-0.015352512825491993,-0.0335120964038742,-0.018522385225141158
2021-05-12,0.00722450257149454,0.0016181384431142032,0.05548969032442863
2021-05-13,-0.10090576240864324,-0.10871571506099564,-0.0925609817511599
2021-05-14,0.008339354066406734,0.008212154915398395,0.03961178539685695
2021-05-15,-0.017425842709612893,-0.02690552321666473,-0.01789696438886912
2021-05-16,-0.01730438158240566,-0.023182366090296558,-0.0507751878276701
2021-05-17,-0.09060099792754994,-0.07102861095615343,-0.08425791303037866
2021-05-18,-0.013018813061552392,-0.0037651416876363086,0.009211574631525554
2021-05-19,-0.2071499137986822,-0.1148492568419317,-0.17210290627795255
2021-05-20,-0.09281625647731895,0.01932854012499874,-0.04835860152771687
2021-05-21,-0.025717892481963434,-0.01890740668367996,-0.027263578877553707
2021-05-22,-0.13802560810658437,-0.04112365645812066,-0.1041633375313824
2021-05-23,-0.15485897285144368,-0.06573098416716472,-0.10436838476513466
2021-05-24,0.1479403257792007,0.05565056299882776,0.12179384332393117
2021-05-25,0.11225206322105286,0.028634274104629487,0.09617110631654069
2021-05-26,0.08935588578976295,0.0318808153349206,0.07903628727162504
2021-05-27,-0.001831002116319591,-0.012764979861123127,-0.009614022212760975
2021-05-28,-0.07550024003419631,-0.05690762253956372,-0.07701716581229578
2021-05-29,-0.04967146661011257,-0.03686942497943413,-0.059926415233487296
2021-05-30,0.0018346878543500367,0.0064400206313521835,-0.008260263787654543
2021-05-31,0.03551699026130528,0.019214270315095705,0.05077358096528095
2021-06-01,0.05092378363661254,0.01197482693432228,0.043320557856331154
2021-06-02,0.10333115005161275,0.02014355050158989,0.03309906403762142
2021-06-03,0.070603866864128,0.033363588316655424,0.03868872698757042
2021-06-04,-0.05633331855463619,-0.038037904385467725,-0.041946573684295885
2021-06-05,0.024960334937890183,-0.013203669517115824,0.002599415884763312
2021-06-06,-0.02476545076758696,-0.01657907405090009,0.0007353856576866047
2021-06-07,0.0007546098919144484,-0.002522213090597525,0.021694262890900706
2021-06-08,-0.11195027876515751,-0.08385347678897104,-0.09190795310219424
2021-06-09,0.025990334649828917,0.05905353111313838,0.011320208325658498
2021-06-10,0.010750551625221982,0.06192752051899464,0.0014501351350975078
2021-06-11,-0.017550870279608333,0.0001264926972706082,-0.03818223884562344
2021-06-12,-0.04368769651072546,-0.03400006111385634,-0.02797365580246436
2021-06-13,0.01411499001945904,0.017995289381814494,0.01168098765284098
2021-06-14,0.059089127329529756,0.08938802550346336,0.05371578767375196
2021-06-15,0.016019278170783302,0.014091419117161497,0.022609686598206835
2021-06-16,-0.037354151113138,-0.018926095655890873,-0.04165065241144539
2021-06-17,-0.005437978123602583,-0.02113056242018463,-0.030479607430238476
2021-06-18,-0.026876544656559087,-0.04102955856109325,-0.04760201994759339
2021-06-19,-0.018287988878463945,-0.03416229077665944,-0.023951716265034673
2021-06-20,-0.022297821629677972,-0.018990072136441882,-0.0252272896522584
2021-06-21,-0.06371165268328283,-0.054326032606761276,-0.06929984193661076
2021-06-22,-0.13557920493829423,-0.034689080639183745,-0.05996017386587926
2021-06-23,0.07979246763366943,0.054438392893988885,0.043713434378580995
2021-06-24,0.0426300509265114,-0.00035778038214739905,-0.009769938890577867
2021-06-25,-0.028093336721094708,-0.010307445480104982,-0.03207377666078004
2021-06-26,-0.05736636929881678,-0.056692023116424184,-0.057569554490426444
2021-06-27,0.010462635018590793,0.04944843029911894,0.03684199033935065
2021-06-28,0.03922586029494601,0.04259757204819059,0.09835883233322762
2021-06-29,0.04237238976692015,0.03042151544304117,0.06505527799227173
2021-06-30,-0.025663087190796352,-0.015907241036505093,-0.0032932057321359842
2021-07-01,-0.01642949598364507,-0.03471788731293879,-0.00767475198603218
2021-07-02,-0.02600018992754427,-0.014256715538712994,-0.03134395567688075
2021-07-03,0.03844885154867561,0.030256879786060287,0.05350525637818948
2021-07-04,0.04039490936569323,0.02912677204801084,0.0518106916900416
2021-07-05,-0.014895718894777366,-0.033521080087525856,-0.024443770354071748
2021-07-06,0.044557000170131644,0.0020227588697145915,0.02019123070089468
2021-07-07,0.05859696786544499,0.011505720345815984,0.028451042415949646
2021-07-08,-0.04833540691473692,-0.04798333662222565,-0.07324930302555299
2021-07-09,-0.015860844931162688,0.007645666000981821,-0.0278445502896717
2021-07-10,0.011532656749794201,0.01653126977164332,-0.0035848020194473307
2021-07-11,0.014966493538216108,0.003073618121630206,0.0023670197874878784
2021-07-12,0.008818678336828034,-0.0030249151633415794,-0.011207704782865924
2021-07-13,-0.033362438036663944,-0.02503107347093747,-0.0498679817267097
2021-07-14,-0.02462523437008457,-0.011693361596409546,-0.02180787781333149
2021-07-15,0.026108051357004447,-0.010694057751987063,-0.003809229730814212
2021-07-16,-0.003921553014350154,-0.011333889712009992,-0.017483243940035753
2021-07-17,-0.03109811136159657,-0.005484116726682364,-0.011569560363319353
2021-07-18,0.012594712877374237,0.006643352800120184,0.028109076733221272
2021-07-19,-0.04273984795722585,-0.019367522861664654,-0.043503073671317116
2021-07-20,-0.0866706515099912,-0.0422316207734279,-0.04610812997249569
2021-07-21,0.06042439099831909,0.04398129439548293,0.07222776473965498
2021-07-22,0.038936420667895044,0.0312001217010498,0.054150488891199444
2021-07-23,-0.0057417442371678895,0.011846002213201423,0.026508879699353782
2021-07-24,0.03374288896924971,0.041051633102704876,0.04606600815241113
2021-07-25,-0.0077923807806863365,0.014762010081833088,0.004277880551657454
2021-07-26,0.05780367405986775,0.11280550313328819,0.07529038270055688
2021-07-27,-0.0286358004269327,-0.015897595899864725,-0.037481094805047244
2021-07-28,0.018548682842623343,0.05773289085345423,0.027541021276614064
2021-07-29,0.0005086433954848424,0.0024604476707308365,0.005535869441563035
2021-07-30,0.005925764311466963,-0.00609623412337823,0.03230257542152071
2021-07-31,0.0366987921652282,0.04854697513710016,0.03385163773982214
2021-08-01,0.039480275404985,-0.002762583298217214,0.05395697627484419
2021-08-02,-0.022828985461091134,-0.044686825942688135,0.00034236993314107345
2021-08-03,-0.02603707942450717,-0.029185233810449462,-0.03379654915378394
2021-08-04,0.012724355665704179,0.007862485118381501,0.030847908750595066
2021-08-05,0.01549801851610888,0.018228363476933573,0.052810733766511575
2021-08-06,0.015464439663773755,0.04861456359408911,0.034457373353648846
2021-08-07,0.038039173579737184,0.05135132936180753,0.07373535506579221
2021-08-08,-0.003933515630224815,0.016907276221529877,0.018864235548351926
2021-08-09,-0.0029579285053427107,0.012952841138987647,-0.009816869218349233
2021-08-10,0.03691226685822602,0.016944831082270406,0.02570930110382652
2021-08-11,0.0779431000091706,0.009419202213673428,0.024323828533200142
2021-08-12,-0.0070699968004407365,-0.023996536468246843,-0.03098952579372738
2021-08-13,0.0316784116215314,0.026949020674471802,0.030124207730817254
2021-08-14,0.02155979070089664,0.02068346178234637,0.02091767217885021
2021-08-15,-0.005827560338896198,-0.013999391395362326,-0.018010671709100534
2021-08-16,0.04221415864376876,0.008604098274783256,0.012144412386140946
2021-08-17,-0.004262863392390792,-0.01966085928522532,-0.026441390608964777
2021-08-18,-0.04882599642040686,-0.01791567227822044,-0.036334416097250855
2021-08-19,0.027070825232039297,0.00017764660231556206,-0.00062740607815015
2021-08-20,0.06444458751911686,0.05776842546067007,0.062359122450960314
2021-08-21,0.036040449423140775,0.026832092804935037,0.009826249612272298
2021-08-22,-0.007895742167413178,-0.002584248664034283,-0.014329648770791459
2021-08-23,0.08515920683646128,0.020030474273686316,0.031812188871119584
2021-08-24,-0.0020394193324698717,-0.017923303239349875,-0.015096563311948308
2021-08-25,0.007289878261759419,-0.014664631973934084,-0.025413678568807274
2021-08-26,-0.003812757719936166,-0.020724011111299734,-0.017731825795492373
2021-08-27,-0.009601691867369477,0.007595691636295143,0.012918258821626782
2021-08-28,0.00837213606278775,0.02667702763371249,0.02263351580714157
2021-08-29,-0.005480528291668452,-0.0027552122734294526,-0.00940275536579449
2021-08-30,-0.02139651219975236,-0.01471168972034076,0.0015331486227641022
2021-08-31,-0.020414391521985875,-0.014672078610747707,0.02323356864177817
2021-09-01,0.021948397053185742,0.012310649969138776,0.08111088623381923
2021-09-02,0.030891258923373188,0.039342570938009525,0.06009642395295223
2021-09-03,-0.004985922911012741,0.002647267004145748,0.030920963732841145
2021-09-04,0.014211511064639915,0.004842070973091639,0.003976806109029951
2021-09-05,0.0038827587427017196,0.0037580130015575364,-0.0026365985366755273
2021-09-06,0.005727160668399955,0.027571608624382904,0.006576475332292553
2021-09-07,-0.07775863487963852,-0.03260011614517533,-0.059600820784797115
2021-09-08,-0.10238854988815627,-0.07500101267978243,-0.0715331178622256
2021-09-09,0.01129734009390293,0.005019903686479532,0.01919212780341839
2021-09-10,-0.006575612718715762,-0.012147496343103081,-0.03708448748692128
2021-09-11,-0.015290934603821693,-0.011371162445080074,-0.02313737514655867
2021-09-12,0.008946639621435715,0.005696860945414661,0.026197169699931022
2021-09-13,-0.030756860178792533,-0.017718485402200113,-0.03349460213335553
2021-09-14,0.011083104345867234,0.02660512135028359,0.023576609404790005
2021-09-15,0.05037125124860453,0.03118637712577743,0.031042969598711334
2021-09-16,0.005137025387468297,0.009276737448739691,0.042029534716878425
2021-09-17,-0.02856401982439183,-0.008382519512416309,-0.03137814095752056
2021-09-18,-0.0020830479540925317,0.014511563104887326,-0.0043443523300640274
2021-09-19,-0.006277492504844662,-0.010179616134731506,-0.02105150250456833
2021-09-20,-0.07564587790639254,-0.06334214921737247,-0.07886665015364802
2021-09-21,-0.04508159831610592,-0.05000926660457661,-0.04783947866429927
2021-09-22,0.0021556848377235482,0.0015834906294383,-0.007139219088619919
2021-09-23,0.04060625423874287,0.03609805080571582,0.0546019418746202
2021-09-24,-0.0464628699737577,-0.02179966193002858,-0.0456825924966211
2021-09-25,-0.022763835068846827,-0.012934434413013896,-0.017575929501351006
2021-09-26,-0.02499482960839805,0.004278673986222614,0.011688745293091385
2021-09-27,0.010634184493599319,0.01728627563008689,0.038302822813893966
2021-09-28,-0.027860732460784576,-0.03464769323364114,-0.05349142514861782
2021-09-29,0.05506324739430846,-0.001195612754399944,-0.0065918431261278165
2021-09-30,0.06288869910154826,0.0309872224881651,0.0367608011474867
2021-10-01,0.07060078735782027,0.06502234075735358,0.060755420664107884
2021-10-02,0.04876103249107211,0.03929514956126812,0.05420173400397288
2021-10-03,0.010113115980826093,0.0027208401121145975,0.018848147506308477
2021-10-04,-0.01799566370132688,0.0027181785567245154,-0.011658887518167016
2021-10-05,0.03243441052999163,0.039802842175776565,0.01752188010272393
2021-10-06,-0.0041483542361363535,0.056541036931443855,0.025237551821012616
2021-10-07,0.011723782097273316,0.0297079681108936,0.020542631732288763
2021-10-08,-0.02229918589856572,0.0005857855840110116,0.007620833313752184
2021-10-09,-0.015517758303143503,0.005935355115960883,-0.0035556639875788942
2021-10-10,-0.013450566574797818,0.006884143777214247,-0.014626005465197212
2021-10-11,-0.004708337399553009,0.029219356855247014,-0.0003748134742888043
2021-10-12,0.008479256653329381,-0.0006395101940034342,-0.014328209715160689
2021-10-13,0.09615453461882795,-0.011040721482408644,0.0022596064419193596
2021-10-14,0.02968566153817198,0.02789080749246753,0.05748853491612005
2021-10-15,-0.01104995294028277,0.037393604547255155,0.026526579383729265
2021-10-16,0.010662308755869265,0.024973270659115254,0.020471335977823024
2021-10-17,-0.01134029609694509,-0.007073579959350318,-0.008230035210854414
2021-10-18,0.0189680925734681,0.013090706525876739,-0.0122876961913857
2021-10-19,0.026207821597036496,0.017689753780612882,0.003439512489796348
2021-10-20,0.008428523667296295,0.029756561910527113,0.037469757558689976
2021-10-21,-0.011302346417355058,-0.0023271960994994956,0.04815968576130314
2021-10-22,-0.007517403674526135,-0.0319617395875903,-0.019175933874353235
2021-10-23,-0.003148640519806234,-0.021520026127246128,-0.009230745824552855
2021-10-24,-0.003048450692014537,-0.0027147971977153906,0.012732903479815594
2021-10-25,0.007023022642578924,0.0233463489849266,0.014725932128774488
2021-10-26,0.01914943469068886,0.01728897031734067,0.026390493095532763
2021-10-27,-0.04976635922855377,-0.04533094814754601,-0.03414962446743497
2021-10-28,0.015087388960631554,-0.006211494835542064,0.002462631646441338
2021-10-29,0.0713433024676906,0.024312963589562475,0.058760322194538084
2021-10-30,0.03423244013372506,0.00118325827323007,-0.006932663248513604
2021-10-31,-0.005124902563553357,-0.00770949661772613,-0.0108684785265305
2021-11-01,0.017739396962717757,0.0026380138541834963,0.009056459802033734
2021-11-02,0.03465330963446078,0.019921029852710825,0.02767280604210609
2021-11-03,0.0045581784735431174,0.004123809746122031,0.03299028112224711
2021-11-04,0.005243848823775821,-0.016054354362910694,-0.010353913920913227
2021-11-05,0.06987671321948863,-0.004212315493304919,-0.0035302865394707394
2021-11-06,0.03292109491547435,-0.008089419379303298,-0.011014458015023987
2021-11-07,0.0670944082572682,0.017571322383843624,0.027029201948322923
2021-11-08,-0.017930617350511047,0.058636976705152666,0.028924102098713877
2021-11-09,-0.0008594434841716625,0.026804117851904286,0.01544514181430734
2021-11-10,-0.01053654907527457,-0.008540209751362049,-0.011101443617356321
2021-11-11,-0.01911367614557291,-0.029430173920618752,-0.007603443487417816
2021-11-12,-0.002642002542408095,-0.011191053693633046,-0.004608679641653346
2021-11-13,0.021466107639554366,-0.002071966862522201,-0.006333642083765301
2021-11-14,0.017375869192945537,0.0060434225645555895,-0.008068267129768714
2021-11-15,-0.003883821326712944,0.01001786984041253,0.011408371026921493
2021-11-16,-0.07131825201362074,-0.05855800128809163,-0.07588954194489739
2021-11-17,-0.03987553238565089,-0.02274348466515952,-0.02480768206341777
2021-11-18,-0.025299312667051432,-0.015576946703849348,-0.00980821999464665
2021-11-19,0.0021128023413989894,-0.029653702987319286,-0.008542097428336115
2021-11-20,0.04619562831354784,0.02541167725125959,0.043234496876100925
2021-11-21,0.004770755333079357,0.007760739190380006,0.010060707829951276
2021-11-22,-0.035481895735624436,-0.030031138777209976,-0.03928663803151988
2021-11-23,0.01940975743147244,-0.008287914100333471,0.00617100295099382
2021-11-24,0.010051789800932243,-0.0019324993077656227,0.013817094890169246
2021-11-25,0.0627973631430021,0.026538026307473706,0.03189567524450565
2021-11-26,-0.033675628810053704,-0.04490013920572822,-0.044534371480723256
2021-11-27,-0.0007389749583898153,-0.01786322107160343,-0.018642224463067403
2021-11-28,-0.01620049361832465,-0.0019845705691748927,-0.008728627381985987
2021-11-29,0.0409856877522381,0.055581400880882814,0.0660443960441246
2021-11-30,0.006781559246386681,-0.0039298233160525164,0.04062069574318383
2021-12-01,0.022375310318832664,-0.00011074863012883185,0.03515365273370996
2021-12-02,-0.021319808289088416,-0.012426918783508878,-0.03360683915005869
2021-12-03,-0.015246429007548357,-0.011652310723485493,-0.014012639210729927
2021-12-04,-0.08587006644097273,-0.12239398596798945,-0.1003089334002738
2021-12-05,0.009183389649121798,0.0008122475467804424,0.03086057070202708
2021-12-06,-0.00768925162459555,-0.007680933381837063,-0.002520865962438945
2021-12-07,0.04516928533862097,0.04458529080795137,0.05215058668242967
2021-12-08,-0.001180904291393725,-0.012256910083709105,0.0005821723439285442
2021-12-09,0.011491146139032349,-0.025677878505033225,-0.015510936719070445
2021-12-10,-0.02803067892157518,-0.018319513985450064,-0.04668534222219467
2021-12-11,-0.028027323227027168,0.005839967461713558,-0.015703690307296014
2021-12-12,0.012918366986111929,0.02273377766850304,0.01249265359551699
2021-12-13,-0.037605495613762474,-0.025835687667545182,-0.034058083357171975
2021-12-14,-0.03861055532256963,-0.022775272942028968,-0.03452533323804563
2021-12-15,0.007681885600187233,0.017484551357568323,0.018335772573548237
2021-12-16,0.016497689093670997,0.012252582271737866,0.044449710911902196
2021-12-17,-0.01604470743531272,-0.03167080055920768,-0.03617349959534699
2021-12-18,0.0035605269388319094,-0.00876116162819951,0.007362352192185506
2021-12-19,0.010009987849714852,0.011842859401241634,0.006771313293350012
2021-12-20,-0.028227516844001044,-0.016382863937684067,-0.02218820379063635
2021-12-21,0.015598287439485325,0.041800790165615664,0.03640425178084228
2021-12-22,0.014167282509123469,0.013385104630634137,0.004891545306447531
2021-12-23,-3.399555957395162e-05,0.0014171888070206862,-0.006782594658455432
2021-12-24,0.02119932476455766,0.03931600091939136,0.02539080711148123
2021-12-25,-0.001213799911726765,-0.0026227197049241147,-0.0046259306728662075
2021-12-26,-0.0030485543421595596,-0.013949049123991974,-0.003023318200951808
2021-12-27,0.018286282969630863,0.01514213932398989,0.004437103852661606
2021-12-28,-0.01449170612193973,-0.04242628357719336,-0.045406477562007774
2021-12-29,-0.028769619767826105,-0.02541526205800959,-0.030866268784492057
2021-12-30,-0.022464365555649457,-0.009076100532541487,-0.01904622269854872
2021-12-31,-0.0034902358687234347,0.004690473743872214,0.00967743975046309
2022-01-01,0.0044864330984015766,-0.0040511489733319195,-0.002513650810104351
2022-01-02,0.012227450830539999,0.0031932910406144988,0.011485078125204495
2022-01-03,-0.004814090628561529,-0.00952634985947054,0.00503980576609564
2022-01-04,-0.022211299212426705,-0.006087821904743773,0.0007867539321573247
2022-01-05,-0.010689924865234679,-0.008311567659490038,-0.007578573550332979
2022-01-06,-0.07014906665859455,-0.06659684857228398,-0.0896307257568002
2022-01-07,-0.03831257956339906,-0.025602497429492166,-0.057702083491471545
2022-01-08,-0.013523903257610437,-0.0063723709673922935,-0.019224327254115714
2022-01-09,-0.026767381500345855,0.0028849153341490297,-0.011986193653938715
2022-01-10,-0.008181653859624327,-0.00707684330496694,-0.008976114186372786
2022-01-11,0.03831595837873669,0.016721406330036714,0.016039935880836298
2022-01-12,0.05506951587186948,0.024111936777686305,0.04806285117217701
2022-01-13,0.01741853111499081,0.006107765745412941,0.007338931052524256
2022-01-14,0.0011535970342126944,-0.0159234736274263,-0.015880193171421086
2022-01-15,0.025000271481995684,0.008101331291550107,0.01683762941913236
2022-01-16,0.007773484049241386,-0.0010435274552340612,0.0018563150214123691
2022-01-17,-0.03070154646933898,-0.01339123720851021,-0.023427797551990426
2022-01-18,-0.027258729769807366,-0.014103764834390797,-0.028981603190110228
2022-01-19,-0.004218299602804287,-0.0004929096064273386,-0.013712486920855915
2022-01-20,0.0006220345707499408,0.009059265032699049,0.011730343180387015
2022-01-21,-0.09796490335887731,-0.08451007746495809,-0.10599877317179796
2022-01-22,-0.13205040557461856,-0.08211795511684195,-0.12500892747226044
2022-01-23,0.025978853235016253,-0.0014080059819753243,-0.004447324403413222
2022-01-24,-0.03496632702950897,-0.009193190548102304,-0.03673235289471777
2022-01-25,0.027370468587948782,0.03893599145324833,0.024176863375751756
2022-01-26,0.03339606464969114,0.029577390621923882,0.038457748265126046
2022-01-27,-0.0336880483482892,-0.031196046719955572,-0.036454471819956646
2022-01-28,0.041109953398742016,0.0190602588513078,0.006377190686130296
2022-01-29,0.006487396888707586,0.02043827999809178,0.05107843031921466
2022-01-30,-0.015888670206374633,0.0030972344692874465,0.013312672208293908
2022-01-31,-0.019094423193360077,-0.008623099792147038,-0.005579913095514866
2022-02-01,0.02102039764969965,0.02629696714994778,0.06636779273607862
2022-02-02,-0.011137790210385634,-0.01353466382955315,-0.0065012582765081595
2022-02-03,-0.03214147756707553,-0.032740691140478395,-0.033878182283436975
2022-02-04,0.04058308480502615,0.04884897471549676,0.06989701881996502
2022-02-05,0.08972583440829318,0.07431642956728202,0.0643735974231936
2022-02-06,-0.0009196391929446879,0.0021329614561220733,-0.0007128972508598785
2022-02-07,0.03352723406259139,0.03609692847016288,0.02951884771742863
2022-02-08,-0.011545280667797031,0.017707556263031554,0.004170802357122971
2022-02-09,-0.013328870226535172,0.0031819143685973827,0.014333531940879718
2022-02-10,0.00813621622747207,0.008151496800931302,0.011094726423701795
2022-02-11,-0.024198716973752976,-0.027104111801962705,-0.042747900157252494
2022-02-12,-0.02516951045937288,-0.018823185930568642,-0.041886637520522685
2022-02-13,0.0028032683605456743,0.000307371437326287,-0.004845806462633884
2022-02-14,-0.009929459874042701,-0.0011786116776201228,-0.0054276485584896506
2022-02-15,0.06734588272784703,0.03790137748235267,0.06102237984074299
2022-02-16,0.009797819593421853,0.0026759118250805347,0.018102681273334253
2022-02-17,-0.025571458235860933,-0.03016579021136878,-0.032855359283118
2022-02-18,-0.03798756803895875,-0.054408276158651736,-0.054597726927956725
2022-02-19,-0.004708441137067587,-0.008073428175402242,-0.030377587354852076
2022-02-20,-0.04256350582196877,-0.03212170911143364,-0.04169198042297173
2022-02-21,-0.010724623712678016,-0.007012865979615035,0.009186189331812589
2022-02-22,-0.043417768317999705,-0.029819870596105358,-0.03862408208147483
2022-02-23,0.0355675662743713,0.023263449923945245,0.035232207280629924
2022-02-24,-0.07849213053727877,-0.05637398428550744,-0.07849886551587237
2022-02-25,0.054707426214535504,0.07621095709376235,0.08145532746985595
2022-02-26,0.028829895505913417,0.01013334093214513,0.04851143109265044
2022-02-27,-0.015467766789655335,-0.013126030493956553,-0.02101878819243863
2022-02-28,0.005816153222978793,0.016787558298927863,-0.010653299584784226
2022-03-01,0.08492638216780812,0.10742383981482306,0.08568563673436125
2022-03-02,0.015110282144754184,0.008937173847828106,0.01142089447392336
2022-03-03,-0.010201748485857198,-0.019919905874744015,-0.028310850236855867
2022-03-04,-0.03797777233358757,-0.05037627634760111,-0.06310329711534901
2022-03-05,-0.03126538094453479,-0.044475082024482915,-0.0214856732333909
2022-03-06,0.007181384695676751,-0.0026688232656124633,-0.0034083524771099105
2022-03-07,-0.013611171961447677,-0.01870880556260046,-0.03425029666469903
2022-03-08,0.018001990004409718,0.007938204680377536,0.004813845181235843
2022-03-09,0.028073084552017402,0.07507562433516846,0.05905997041941835
2022-03-10,-0.044757407410379146,-0.04416716529934528,-0.03399825473998652
2022-03-11,-0.009767071875463107,-0.018162241340609397,-0.012889963540739346
2022-03-12,0.011389221610937916,0.004211109506429667,0.0017280354382689378
2022-03-13,-0.009645416672887874,-0.005603985916841303,-0.004589764407619823
2022-03-14,-0.014239036694757456,-0.005374109776916769,-0.0057638621117666045
2022-03-15,0.003848388033689254,0.009075620230514447,0.004048606059698923
2022-03-16,0.021447520195396308,0.03014820195956447,0.04222724643164799
2022-03-17,0.02744508363672482,0.01821885759686359,0.04085104318581512
2022-03-18,0.008388160442666326,4.949886215799282e-05,0.021122820960818744
2022-03-19,0.02316179122005413,0.018485964789278553,0.03375817668434977
2022-03-20,-0.013875396648690974,-0.00295140839704644,-0.016332796228643698
2022-03-21,-0.0003907838316496992,-0.011817549502941893,-0.0013071161025784983
2022-03-22,0.027920842063510865,0.03264422542124312,0.03489165202653166
2022-03-23,-0.002912213954053944,-0.004511845953659277,-0.0077116084078155955
2022-03-24,0.017525883564972755,0.023906505348255225,0.029618007710255023
2022-03-25,0.007100545603500041,0.021803478264207588,0.02233881910387936
2022-03-26,-0.00177040505419368,0.003547579153408975,-0.0017701871956707915
2022-03-27,0.011685053675404289,0.012050284103226172,0.015041693743236273
2022-03-28,0.03952299831907613,0.051851464137856684,0.0552176081382747
2022-03-29,0.0021404961948132684,0.005731234803320939,0.018665986637038
2022-03-30,0.006426790957966055,-0.0060256442092131435,-0.005515011993874608
2022-03-31,0.0033137940710779024,-0.012384178068316376,-0.006692847506541977
2022-04-01,-0.013327862740470597,-0.02462508219915438,-0.006480922651475707
2022-04-02,0.030701036071807852,0.021201978002158173,0.04067572309772616
2022-04-03,-0.005317831841391785,-0.0025120801589876285,0.0028018637647118094
2022-04-04,0.00027906880988903815,-0.006424238731898013,-0.0011874694621604176
2022-04-05,0.017766317484486427,0.00737740065628234,0.0026160331688593885
2022-04-06,-0.04016180156397742,-0.03706577157685009,-0.056240640227330885
2022-04-07,-0.006008577694841977,-0.025107318364827602,-0.023340159821616968
2022-04-08,0.0003991175542752412,-0.0028251786632701448,0.01278634097755682
2022-04-09,-0.017838282152141227,-0.021379068672944368,-0.01272442769238058
2022-04-10,0.003086059419320053,0.007248907925073933,0.012826614806053849
2022-04-11,-0.04241595083161742,-0.035926923350674156,-0.0521051401555106
2022-04-12,1.097358461166209e-05,-0.03098365477935805,-0.024648682372845676
2022-04-13,0.0269254050486174,0.013426664080732786,0.017434585634355626
2022-04-14,0.001545500703537872,0.007221023647332014,0.0021482127484939717
2022-04-15,-0.004357546477166352,-0.01290293246866836,-0.013573607059578552
2022-04-16,-0.002353848724033436,0.005154685514045854,0.004258430667915203
2022-04-17,-0.0012807421993424883,-0.0023129037168481137,0.0026175106032979567
2022-04-18,-0.019999057433625067,-0.01628473298748434,-0.029300161212809983
2022-04-19,0.029036061370369515,0.033489857481244556,0.036569144754764915
2022-04-20,0.005972715801559003,0.009812622195225051,0.006628865543299112
2022-04-21,-0.007821441290056685,0.005831539991858259,-0.0025749252383925336
2022-04-22,-0.02198461345512115,-0.03673052121989051,-0.031064083897855643
2022-04-23,-0.009309191233993208,-0.012816445599114767,-0.009561129517591582
2022-04-24,-0.005699006311915444,0.00020916687761141084,-0.004120586699299156
2022-04-25,-0.020108365209441037,-0.011692099887620655,-0.01903789393362121
2022-04-26,0.003832411559371973,0.010736980433288634,0.016120515155435555
2022-04-27,-0.01642696724271564,-0.021494373059826377,-0.02576790870610457
2022-04-28,0.024776027900563324,0.02127733204536919,0.01781284594962451
2022-04-29,0.001067632954803166,-0.012472521713399742,-0.013548160186090064
2022-04-30,-0.013374611417231841,-0.014554240438388155,-0.020149611686111957
2022-05-01,-0.02436793031651785,-0.01201118904912235,-0.012852768780729273
2022-05-02,0.010027361114248956,0.016680834660554478,0.020089083731927415
2022-05-03,-0.004101526414337697,-0.011651802280537638,-0.0036969454683565273
2022-05-04,0.010886421205538843,0.01445482582256119,0.00951808718756153
2022-05-05,0.005444025227338889,-0.008310468530227544,0.003635904887362651
2022-05-06,-0.038016323518466844,-0.060474785806511666,-0.05311877981109736
2022-05-07,-0.007711736368263167,-0.007355776749896847,-0.013399809647806182
2022-05-08,-0.04551148182279696,-0.03560674143689857,-0.04446802053371279
2022-05-09,-0.07368929280310899,-0.054877807391523925,-0.06157043505677273
2022-05-10,-0.039469323634889086,-0.0408236030735043,-0.016435072508625637
2022-05-11,-0.06801726251625606,-0.024569166862411174,-0.03215961931325251
2022-05-12,-0.11754443866299147,-0.07200215323711678,-0.1449421343168097
2022-05-13,0.13895534403626497,0.06253852213269906,0.06296914015143962
2022-05-14,-0.03757152312136214,-0.026123269567027596,-0.026330613220043486
2022-05-15,0.03691270245437828,0.02483044252748745,0.02214878215121363
2022-05-16,0.0015485437220719156,-0.004181901813807842,-0.01106227716149355
2022-05-17,0.018822949452845794,0.009564461640798605,0.013087556873080386
2022-05-18,-0.020136884232955343,-0.022054404037827102,-0.02764428278491171
2022-05-19,0.0053317251831823675,-0.002869658984318346,-0.020461256868194
2022-05-20,0.019772399304112342,0.01011208757451798,0.016000436094990134
2022-05-21,0.005491930355877805,-0.016343196039549257,-0.015852088857165714
2022-05-22,0.03078268890725422,0.014689535642167018,0.015763971977594826
2022-05-23,0.02980463259549282,0.01149954100943118,0.019250826020182243
2022-05-24,-0.008602142259758305,-0.02768161455014506,-0.03472289795158534
2022-05-25,0.01819445900126171,0.015706158361019407,0.0016761724428009384
2022-05-26,-0.04069751824900425,-0.009938346714985946,-0.049188474473773836
2022-05-27,-0.047244459012145246,-0.017388561017417703,-0.05829892561815431
2022-05-28,0.009871016871915161,-0.0021654083035698157,0.002580938779417341
2022-05-29,-0.0030116972919511653,0.010018928354623702,0.013838873127433926
2022-05-30,0.04130041508429705,0.04861553675686903,0.06039969880104401
2022-05-31,0.013436661544299344,0.03509699706106284,0.03299490384658377
2022-06-01,-0.02160333341634868,-0.018275942565533,-0.03353794787518305
2022-06-02,-0.030470792265338997,-0.033975514023634634,-0.041029671437109116
2022-06-03,-0.0070002776920596865,-0.0006987187845515219,-0.017591860877201326
2022-06-04,-0.006577179844698633,-0.009817877120969265,-0.008674555525558625
2022-06-05,-0.003257526243749309,0.003269412016156492,0.014354203188105652
2022-06-06,0.019007115887337278,0.045904727699412895,0.040098451084581654
2022-06-07,-0.06406595763942247,-0.037198154418679574,-0.04866775257025768
2022-06-08,0.01946453458119457,0.01649676686460877,0.013498903861093314
2022-06-09,-0.002137193175449692,-0.00893849093562138,-0.00320992614787341
2022-06-10,-0.0023980292747728393,-0.018774235601760392,-0.030469151568520925
2022-06-11,-0.031159414804364127,-0.025825331157830922,-0.08333502723780262
2022-06-12,-0.06803748706936386,-0.04224993448937486,-0.07207123731936249
2022-06-13,-0.11637003945578595,-0.12346135118269919,-0.14201608755913853
2022-06-14,-0.03920296653806643,-0.08558411834816337,-0.060843691290418445
2022-06-15,-0.028657415035806433,-0.035473876058147336,-0.046643709595250216
2022-06-16,0.025892024951645665,0.0025300241731838202,0.004215227487682549
2022-06-17,-0.020255834427298725,-0.034319710055235264,-0.04886692401545989
2022-06-18,-0.06314578272345128,-0.0658259489014158,-0.07347595112437544
2022-06-19,0.0025428682948385184,-0.0035388628826065194,0.019318523616311145
2022-06-20,0.04525403312971088,0.051774563680440755,0.07383718302844633
2022-06-21,0.042968610609683155,0.036460267110073996,0.03778975123465189
2022-06-22,-0.02436872632611442,-0.032882171370456126,-0.050742287774039774
2022-06-23,0.03492366537352076,0.009747398599172286,0.014140268743150664
2022-06-24,0.05159549835932742,0.027192365917128924,0.07187875439061875
2022-06-25,0.009529162915010936,0.008770279023456728,0.02841417165722593
2022-06-26,0.006553724844952757,0.003938966341840322,0.014068111016307228
2022-06-27,-0.011847278274660589,-0.014132107884824774,-0.01875060340834389
2022-06-28,-0.0038817643464615914,-0.016333128369036665,-0.016246998261123635
2022-06-29,-0.058558371144970534,-0.02690500146408148,-0.05599975314862082
2022-06-30,-0.036481531741493156,-0.04028816395154755,-0.06864357060696724
2022-07-01,0.02932634973905679,0.009883565652316628,0.018560892895128633
2022-07-02,-0.012684677921971255,-0.015681291025921862,-0.011774046704364882
2022-07-03,0.004044873148836947,-0.0032643980060722555,0.008487354731965713
2022-07-04,0.021015461231933097,0.017648096503439348,0.024666579967141944
2022-07-05,0.03446333758061404,0.02534617782745152,0.039876797484655
2022-07-06,0.024879870589321174,0.008576738703949927,0.00880176956573231
2022-07-07,0.013704785309047729,0.03125640634739146,0.04993901584967797
2022-07-08,0.010538434495733773,0.04622339493272598,0.02918988251392718
2022-07-09,0.00749141360714578,-0.005912472920119871,-0.012310142864701556
2022-07-10,-0.02885585226883003,-0.023020891946290645,-0.02935745837230863
2022-07-11,-0.020712395197726052,-0.030999806606444635,-0.033458821856010346
2022-07-12,-0.02861525810600274,-0.03520674450726158,-0.06264348284414611
2022-07-13,-0.0010642116724003392,-0.007333929277507756,-0.004548873262338549
2022-07-14,0.03827371338141772,0.029322876918695506,0.056159572587563655
2022-07-15,0.02224056923669049,0.029248941018849894,0.08123839523628162
2022-07-16,0.010385346862204159,0.0031097013713110577,0.030224216893802724
2022-07-17,0.043251111400625986,0.01716691711789009,0.0760860317719445
2022-07-18,0.027921070269336434,0.027451465596359137,0.07626956392636486
2022-07-19,0.023232427330133865,0.03315582825983965,0.06173459028050088
2022-07-20,0.010155080673613925,0.046273511130740186,0.009680085122748094
2022-07-21,-0.02948587919780521,-0.02619047777678385,-0.024288553681748093
2022-07-22,0.029512471579601796,0.008794645389126776,0.038608153983227256
2022-07-23,-0.018720812157348776,-0.026764557305024916,-0.023465007623224232
2022-07-24,0.0039019337163266332,0.005969913883479228,0.032427049362871996
2022-07-25,-0.02779706669463633,-0.03088684211812398,-0.04352777964577881
2022-07-26,-0.04564859296756618,-0.0415501983840314,-0.07760451268945723
2022-07-27,0.057277081946704334,0.029540331935654418,0.06401333857381597
2022-07-28,0.05448061651920311,0.07646317232932986,0.11393896857896335
2022-07-29,0.05833939392576126,0.024768421556177644,0.029363089540629606
2022-07-30,0.019357862805124304,0.005582646420940085,-0.0014090324981712588
2022-07-31,-0.005208877699812153,-0.01266751386178111,-0.00403724643927883
2022-08-01,-0.02184731551694874,-0.020385614140793207,-0.02198811415848445
2022-08-02,-0.010925561150767482,-0.010606789304168807,-0.0321172513673067
2022-08-03,0.038106609015882364,0.008444178107579692,0.018124016190838255
2022-08-04,0.039647241332171346,-0.013763301598229138,-0.012634822756142694
2022-08-05,0.03522417576043546,0.00987236500144939,0.031078267662666637
2022-08-06,0.005431804487576963,0.0043870326666060055,0.028473073550760786
2022-08-07,0.0017927015096286247,-0.004413197687860637,-0.013680341201132373
2022-08-08,0.031202763563678237,0.030514590442920264,0.03588184866890787
2022-08-09,-0.015956214569283866,-0.014553917152058227,-0.014007883850952974
2022-08-10,0.007951766895899715,-0.000987659242021377,0.014653042173931263
2022-08-11,0.014702157565436247,0.04063698891130074,0.07627919623568902
2022-08-12,-0.017603206820143713,-0.01524994813804148,0.0032300536307663386
2022-08-13,0.01370124497108094,0.02298594230558093,0.04507198941588286
2022-08-14,-0.010649869443459026,-0.0019843463832457386,-0.0048855647610466235
2022-08-15,-0.016098283840248806,-0.009181985891367206,-0.02673468618327357
2022-08-16,-0.006776869577416078,-0.01174385515741938,-0.018873234923862836
2022-08-17,-0.012288126100841845,-0.011348437422577073,-0.0068771875686510775
2022-08-18,-0.022884927664380106,-0.013206625086615853,-0.008079683041539165
2022-08-19,-0.06488594894486033,-0.06659736683511275,-0.0646472523499122
2022-08-20,-0.0032950176361392636,-0.030890072638240396,-0.06753070185707288
2022-08-21,0.03297285348663004,0.00909420784489523,-0.007541545476272726
2022-08-22,0.007859462295470632,-0.003880870180955953,-0.015926574448773545
2022-08-23,0.0038374934726992382,0.005517831579879395,0.027929341440230848
2022-08-24,-0.0022109895510066258,0.0031058415607769785,0.014695801809002873
2022-08-25,0.012352947122845404,0.005810030743210293,0.027873061268907096
2022-08-26,-0.027067899507117743,-0.0194730498149166,-0.038310634289296264
2022-08-27,-0.044364924896546754,-0.04933938432409779,-0.08461670643123842
2022-08-28,-0.001080374902349468,-0.005735022278064328,-0.003887884376919448
2022-08-29,-5.4551420955339935e-05,-0.0018169551589167776,-0.0012007369661187761
2022-08-30,0.021619284256740423,0.00876670597195206,0.044406317588424615
2022-08-31,-0.003306274695797029,0.0024830452265294234,0.015613023431909623
2022-09-01,-0.028791882935008117,-0.011083604808915903,-0.0115896490064048
2022-09-02,0.006548334531432332,0.0057444553742178606,0.021996551948974652
2022-09-03,-0.005348260589835618,-0.01090125018547028,-0.020906524067520915
2022-09-04,0.003616990508003237,-0.002257883071994149,4.78537474002394e-05
2022-09-05,-0.006355207869595536,-0.0007845001345617719,0.012857046184574727
2022-09-06,0.0019391125743855042,-0.008877635234382897,0.03369614664929177
2022-09-07,-0.034387016616287736,-0.03637643147403746,-0.05200033612681387
2022-09-08,0.04547749654411315,0.017782782467783864,0.05223281576384031
2022-09-09,0.036407124567297666,0.07540939807567115,0.042637330069706936
2022-09-10,0.016371300028086955,0.03238331977080189,0.018178662923423072
2022-09-11,0.0022496720015110494,0.01013808072853295,0.019622700516597646
2022-09-12,-0.0012862749568147702,0.02340821782891611,-0.016477254796825158
2022-09-13,-0.02472311746416933,-0.02607595589009326,-0.041083888988886486
2022-09-14,-0.029019112365178734,-0.06079336358031484,-0.03734492490095387
2022-09-15,-0.01740630141718502,-0.011292676426617465,-0.02324901714937655
2022-09-16,-0.0016697830696201788,-0.014432086671226418,-0.06913760711367722
2022-09-17,0.013544115417608138,0.012182904619103763,-0.0073201215790180685
2022-09-18,-0.007306429290593108,-0.004087752027225777,-0.015891890079955173
2022-09-19,-0.03813141690824684,-0.04342159645238097,-0.06412484400411456
2022-09-20,0.01589776239764329,0.009786232206641987,0.01746004820831626
2022-09-21,-0.006390722802328996,-0.009075662609339452,-0.01759852890138014
2022-09-22,0.00570488203687769,-0.0021938577279518867,-0.03313818840862082
2022-09-23,0.018410235255374108,0.004410977684271344,0.022824057695857602
2022-09-24,0.02042410098110059,0.0010561060702065639,0.011001725040492127
2022-09-25,-0.012455623788184433,-0.004987748231021216,-0.010990796840294359
2022-09-26,-0.0071266513304197865,0.0018478286602032767,-0.0017500700047561324
2022-09-27,0.021500575966022506,0.03764505808273788,0.03717810788489362
2022-09-28,-0.01960162090298334,-0.0323217975523884,-0.0403975041096889
2022-09-29,0.02781701199175557,0.015354059571560441,0.017340040278372548
2022-09-30,0.009692877001189704,0.006995845177284021,0.006296959688176562
2022-10-01,-0.008076998104546651,-0.010242126272897445,-0.010551479833407651
2022-10-02,0.001597264909835694,-0.004981686371567373,-0.014882021792569033
2022-10-03,0.011780109951651685,0.004163166705236199,0.0003099423242205468
2022-10-04,0.019478778305326294,0.03182128667246964,0.02996712483945907
2022-10-05,0.006008841162767231,0.009250453877193143,0.0020964465528656717
