Date,net_flow,aum_change,net_flow_change,DPI_returns
2020-09-10,969.9631226444906,,,
2020-09-11,5854.244308675133,5.395547370190403,5.035532869243753,-0.7151992012516224
2020-09-12,2931.8117800028404,0.6768023872390057,-0.4991989357775307,0.021389776986851627
2020-09-13,175075.40894609975,16.862386585876727,58.715773754729284,0.02988801510733663
2020-09-14,461649.081362955,2.4128352408537848,1.636858506525507,-0.05712395191692843
2020-09-15,577352.5479421219,0.896688394449783,0.25063077400169065,-0.03109385183512592
2020-09-16,279544.5372378351,0.12890261402887204,-0.5158165695566329,-0.09605770914550726
2020-09-17,64143.91293206359,0.01934388684595212,-0.7705413471289182,-0.021482849575697127
2020-09-18,13402.327890794126,-0.0317221857952763,-0.7910584609175797,-0.03768432887890372
2020-09-19,54130.08203055874,0.0702011834685019,3.0388567174020524,0.020366531862485937
2020-09-20,58870.93153678464,0.03522484319900743,0.08758252949902223,-0.016370460983012314
2020-09-21,52641.18819056804,-0.0956297229982318,-0.10582036301436881,-0.14554752222350287
2020-09-22,37497.00014732269,0.027286661132241985,-0.28768704818024615,0.03278287186682238
2020-09-23,58444.3384819457,0.02293301204951792,0.5586403779588396,-0.013708187615950052
2020-09-24,18189.826795098437,0.036894155839481746,-0.6887666578565598,0.013767187889475174
2020-09-25,57745.96472248512,0.05506627702639988,2.1746297187417842,0.019761790219137154
2020-09-26,35957.504008274314,0.11478724043756827,-0.3773157279287226,0.09897647760333261
2020-09-27,68083.23098347247,0.05744994636267564,0.8934359561721967,0.014186575897249032
2020-09-28,49236.67116021456,0.01841803049917612,-0.27681647229452144,-0.014447941556368304
2020-09-29,54577.22181369857,-0.012395195923338154,0.10846693181401368,-0.0628172990200404
2020-09-30,12963.881040861916,-0.025946359126216567,-0.7624671866751551,-0.016064453659241362
2020-10-01,19938.296298416382,0.05107978976446281,0.5379882178470503,0.0405621148843851
2020-10-02,111170.64437840192,-0.0149351761986658,4.575734391470135,-0.07240940085692038
2020-10-03,210976.57120215625,0.13234310606544186,0.8977723155407427,0.019046697193417117
2020-10-04,37816.29575736237,-0.008465173294281647,-0.820755946777014,-0.02999710491975638
2020-10-05,27607.47366444276,0.0006651356652995766,-0.2699582782624096,-0.010880602928651006
2020-10-06,485401.91282510496,0.13321598310052263,16.582264814410806,-0.11921700422638437
2020-10-07,3082210.295511441,1.2492231626560977,5.349810773452784,-0.02490576600272909
2020-10-08,2701780.2007586216,0.5865300395430812,-0.1234276893133579,0.059276997736655845
2020-10-09,3601617.511681823,0.45309783979969254,0.3330534847618396,0.045894409158635296
2020-10-10,477327.98481939104,0.1004508336580694,-0.8674684407016623,0.031887821083895984
2020-10-11,-409163.15488305874,-0.04795245185893238,-1.8571949852005343,-0.01402983506624611
2020-10-12,33871.64624917204,0.019608197519023207,-1.0827827379981287,0.02746523938074419
2020-10-13,314475.05190304096,0.03042396400448455,8.284315547867061,-0.007651018479641003
2020-10-14,729329.6792116317,0.04667759620864387,1.3191972615891285,-0.0037333313226680653
2020-10-15,861171.9629509168,0.018148419534680826,0.18077186147394952,-0.04473740476868415
2020-10-16,344120.7136204679,-0.02861557570296802,-0.6004041835717759,-0.05549912699630788
2020-10-17,-30418.516126751787,-0.021606632901928435,-1.088394900169539,-0.017899535318678272
2020-10-18,120342.65543729144,0.028626509674350542,-4.956230308402691,0.024853513362432134
2020-10-19,175225.32633895054,0.006739018469028135,0.4560533478526869,-0.011399173566280285
2020-10-20,574868.6578319352,-0.029733709504481287,2.280739547432354,-0.0672156157941467
2020-10-21,184435.0068904592,0.021803993790168175,-0.6791701819576683,0.009163387274218504
2020-10-22,306207.8338646367,0.06794349838428526,0.6602479053583445,0.034670700644777286
2020-10-23,-354322.4109388376,-0.02053135078709878,-2.157130457659913,0.011867216238550249
2020-10-24,149876.53709334714,0.02885025615460335,-1.4229947992739824,0.017629851874746194
2020-10-25,621915.2673673285,0.019151444784829552,3.1495171921405083,-0.02148651964220538
2020-10-26,312678.04090376553,-0.008813421634167984,-0.4972336951504921,-0.03309780721236277
2020-10-27,339155.29377145175,0.009021714534801939,0.08467896495435467,-0.004172513338451922
2020-10-28,594984.1659086016,-0.0007776858029943101,0.7543118943900269,-0.04608527485187286
2020-10-29,502976.0201856394,-0.021316733491984152,-0.15463965428803705,-0.03107756862485367
2020-10-30,255882.0568448864,-0.04567292168511505,-0.49126390409140197,-0.08084453548065518
2020-10-31,187215.9635485673,0.028203402107167763,-0.2683505601877506,0.012244100297072125
2020-11-01,47567.59249975553,-0.02077564469747717,-0.7459212793709463,-0.022751590342584338
2020-11-02,203556.03354958937,0.015800976082879004,3.2793007350673786,0.003887166738705039
2020-11-03,42083.55502360621,-0.05560542141251201,-0.7932581300108994,-0.06887630914738452
2020-11-04,495668.6136556638,0.01493099768167494,10.778202040621926,-0.01629182777593885
2020-11-05,-184422.2186004445,-0.00984311809921623,-1.3720675740194452,0.009095261803780508
2020-11-06,-353302.1017106797,0.13967426755061862,0.9157241702862162,0.16465643741357705
2020-11-07,-163384.70953160716,0.09410414387719634,-0.5375495680877567,0.10138308288486231
2020-11-08,35210.93918970411,0.01951738446567397,-1.215509390631762,0.022319767424796355
2020-11-09,180297.25145379445,0.03890174704399518,4.120489700158706,0.02364972521277542
2020-11-10,-835185.3249395968,0.03305812664747543,-5.63226875731732,0.09370659467228704
2020-11-11,1302098.243411225,0.10666089613358154,-2.55905306825811,0.015767911158744097
2020-11-12,1020152.0900657288,-0.013049307335019189,-0.2165321662725359,-0.05927457123006308
2020-11-13,-21053.920339313063,0.05317759742922701,-1.020638021079736,0.07489286900221659
2020-11-14,-339661.8281772649,0.0017104432401575664,15.13294924190576,0.00623051163902244
2020-11-15,536364.4050288434,0.07136898489302212,-2.5791129898438934,0.04301515735370254
2020-11-16,525373.8207274965,0.014780754155361286,-0.02049089051827724,-0.0009709611078159153
2020-11-17,1558636.287211843,0.1153492087651482,1.9667186024868264,0.04237937970403993
2020-11-18,1700293.840341122,0.05785346245086109,0.09088557368485373,-0.004252659346986043
2020-11-19,857238.1139093859,0.05016096057435604,-0.4958294304369165,0.03489497200798852
2020-11-20,1051120.942299572,0.10423180728146075,0.2261714980287035,0.04686359987810218
2020-11-21,937054.2013725356,0.011318719167724867,-0.1085191402213802,-0.014843264136719547
2020-11-22,1353520.437155584,0.012996709856831323,0.4444419919072302,-0.02589177179319524
2020-11-23,710531.7209227411,0.06820476102584516,-0.4750491374803918,0.04589462059082927
2020-11-24,475973.0525789787,0.025536443097726513,-0.3301170960237353,0.012232098239461253
2020-11-25,-230617.56026177335,-0.022653199704739446,-1.4845181024686407,-0.016954389643900503
2020-11-26,-336509.78572834504,-0.15497368559716118,0.4591680934720397,-0.14481508440505242
2020-11-27,-501873.33762667584,-0.007729010427118266,0.49140785472379744,0.009757782865988274
2020-11-28,-41509.646831384125,0.006437761832249089,-0.9172905916307881,0.0073642154833399864
2020-11-29,-227027.6453303784,0.0332650385031763,4.469274317186675,0.03737117733961681
2020-11-30,507896.0714477695,0.09291019183935267,-3.237155174246122,0.07767021264377005
2020-12-01,-3570444.645804356,-0.12187992217413801,-8.029872539920856,-0.01762327726183388
2020-12-02,-1423341.1238053574,-0.004415919787378764,-0.6013546588719891,0.056436902458985694
2020-12-03,-469693.7138487621,0.03926572844139664,-0.6700062226874905,0.04345404960010413
2020-12-04,-61414.02644393794,-0.024725713721539866,-0.8692466502463927,-0.02317406068353811
2020-12-05,-505954.7477741434,-0.028078223892492593,7.23842332233348,-0.009528470071092698
2020-12-06,-738564.3972132518,-0.025820115091111706,0.4597439799951133,-0.00038756070942314036
2020-12-07,-828745.1807739873,-0.018261764063187358,0.12210280362958903,0.011859564374382403
2020-12-08,-4732948.426803106,-0.18686269014462564,4.7109815376336535,-0.008827626614042794
2020-12-09,-79833.7282864286,-0.045253963127780406,-0.9831323477276188,-0.05090362688938832
2020-12-10,-160948.54473515443,-0.033308670153608166,1.0160469539603727,-0.02810972663052891
2020-12-11,232131.0681604425,-0.04584138425358586,-2.4422688228863514,-0.05442582010548003
2020-12-12,-55238.35435437056,0.04834049533237428,-1.2379619186355157,0.04826635722520756
2020-12-13,198753.2492726953,0.0449251398713062,-4.598102289536611,0.037456016251705915
2020-12-14,-327338.15243812784,-0.018665508580002044,-2.64695748942957,-0.0015361872742198912
2020-12-15,2311.418626867492,0.03227612394639512,-1.0070612564091637,0.029976972995715334
2020-12-16,215743.6397255705,-0.007104399215900559,92.33819379051779,0.0017591032889292535
2020-12-17,93779.29117138984,0.059480462361855224,-0.5653207144800252,0.032918409643682534
2020-12-18,-480609.0283749946,-0.01488514287468612,-6.124895084743599,0.014232443497923075
2020-12-19,-47103.7347831767,0.05044962287417354,-0.9019915731869604,0.04619055177672471
2020-12-20,144406.31601440275,-0.024491895953205778,-4.065708413125197,-0.03046925399496969
2020-12-21,7128.4514878426735,-0.0639956109936366,-0.9506361516269711,-0.06862040297098493
2020-12-22,-66307.25896271222,0.0032636820835798552,-10.301775999429463,0.011273086972636515
2020-12-23,266987.07502713666,0.017021409100551166,-5.026513525122135,0.0025866391503552855
2020-12-24,-377518.7529175088,-0.08779312150493912,-2.4139963624798604,-0.057946243869802294
2020-12-25,343010.6126497477,0.09150208938251625,-1.9085922487265117,0.0594831732865122
2020-12-26,-13248.325843664705,-0.0020732483172116734,-1.038623661645107,-0.0005765927066434529
2020-12-27,428780.2611082865,0.03319565405664959,-33.364863769811905,0.015279878441346373
2020-12-28,407592.8611586466,0.07261430916059042,-0.04941318869221256,0.049179363203613935
2020-12-29,145930.75031063345,-0.023278935132785894,-0.6419693173825409,-0.021107585737015433
2020-12-30,-271498.5637412285,0.0006774319263900264,-2.8604616447411315,0.014224986955921448
2020-12-31,-264904.4293663586,0.015446387777116266,-0.024287916237947016,0.02426479097604628
2021-01-01,-386322.5867938898,0.019891000216628374,0.45834702620095413,0.031623370199096446
2021-01-02,253500.2584158789,0.00956996332600113,-1.6561880332177572,-0.0013153687898883604
2021-01-03,903334.9304193978,0.05566622593238546,2.563447769498661,0.024718550780612025
2021-01-04,-421130.54247614346,0.1212396513385734,-1.4661953482531913,0.13838157857824362
2021-01-05,71445.21305422088,0.10875380951201752,-1.169650989059451,0.14323819875236476
2021-01-06,810501.7246499544,0.0952100073402824,10.344381099890514,0.02782544392450781
2021-01-07,113008.40768780044,0.04540218002241403,-0.8605698121905818,0.05152226068712773
2021-01-08,-51172.37505206439,-0.02770041449958094,-1.4528191848648495,-0.03159348209016044
2021-01-09,-112001.56492096173,0.041687770287708314,1.1887114836277934,0.06353955071852546
2021-01-10,1226692.4105679118,0.15194668427632152,-11.952457775331757,0.10360955574990949
2021-01-11,332756.5472512125,-0.14855578461794283,-0.7287367685782299,-0.16270972482991386
2021-01-12,-483063.9118284696,0.08318827505157067,-2.451703702959099,0.10990352463305308
2021-01-13,300359.57843984745,0.07536187931922789,-1.6217802056521697,0.06322277213549232
2021-01-14,1099524.171856843,0.0799204290494242,2.6606928854011658,0.05150515463998451
2021-01-15,-405580.5193489057,-0.001557277977022431,-1.368869125145265,0.0011559487196106666
2021-01-16,772988.1291966845,0.11772200686707879,-2.905880811133613,0.1044431014312408
2021-01-17,761230.8738426619,0.012217140904757562,-0.015210137012377056,0.012876362830497978
2021-01-18,990523.830657378,0.04659734488994505,0.30121342248936234,0.015769333776472827
2021-01-19,1597594.3251758649,0.06295549003400991,0.612878232435452,0.031069798927318093
2021-01-20,761328.4331072749,-0.04224435513445646,-0.5234532189368744,-0.05166256658778512
2021-01-21,218354.6190288965,-0.07476653488618767,-0.713192612368742,-0.07682734247371548
2021-01-22,308789.5754149913,0.04098024860261562,0.4141655293956794,0.01521030957805114
2021-01-23,464395.1596379678,0.06496210569679928,0.5039211055420303,0.07511872030452604
2021-01-24,69583.66833884332,0.09649911958546387,-0.8501628044678821,0.10012921800135133
2021-01-25,-258419.37478580052,0.06279880411831695,-4.71379349429246,0.06464020806418214
2021-01-26,-315693.97066626494,-0.03526439254619629,0.22163429475030028,-0.02377036011989797
2021-01-27,-868014.3458273351,0.0238950920081209,1.7495436292160114,0.030273822064780687
2021-01-28,1881546.5709035725,0.056572169474590206,-3.1676445555864676,0.04438828218074087
2021-01-29,1570492.6729424873,0.04347115327328388,-0.16531820299919986,0.00679508887589142
2021-01-30,-98684.16925095853,0.031662225306410274,-1.0628364404057125,0.08992855993080928
2021-01-31,806392.0570303556,0.11339504290742575,-9.171442929003762,0.04611191045436702
2021-02-01,343176.699698123,-0.024577511818271613,-0.5744294642956725,-0.028024749445833996
2021-02-02,1931572.2543937413,0.049761923300224,4.628506411107916,0.021576078149226685
2021-02-03,1459435.8694455656,0.06201659805591153,-0.24443112799648503,0.04624155933744656
2021-02-04,-1498453.0037142728,0.08899633037984178,-2.0267343944914344,0.12209776916107917
2021-02-05,2020434.680004234,0.1549176552307805,-2.3483470452500717,0.12498383366507126
2021-02-06,833747.132790882,-0.021504126337518414,-0.5873426936083206,-0.03531218758462784
2021-02-07,-402058.4036564481,-0.05281109858885191,-1.4822306282608726,-0.05758698290445763
2021-02-08,-1734347.828285975,0.0504503040669515,3.3136713783700555,0.07399480285745486
2021-02-09,980613.4829753584,0.00548191526072217,-1.565407622959047,-0.002291335577956022
2021-02-10,2370326.924174229,0.0993376606136851,1.4171877761482836,0.08684929849611667
2021-02-11,456723.30859375,0.02485739854801583,-0.8073163225140927,0.012298162826924086
2021-02-12,-1399934.819302762,0.028356954131398382,-4.065170515630477,0.03922434722655277
2021-02-13,392636.00429100514,-0.0031539173528859488,-1.2804673466772958,-0.000711167276678859
2021-02-14,692897.5028281735,-0.013378517617964047,0.7647324627790049,-0.028094607720153153
2021-02-15,1573222.7473178245,-0.052875443011654144,1.2704985093703773,-0.06362326323680134
2021-02-16,-316401.91230871255,0.004403362400938082,-1.2011170464246996,0.012465135374856606
2021-02-17,1059636.7740167135,-0.015109542815500254,-4.349021395872059,-0.030637970535032033
2021-02-18,1102840.0252258398,0.045118855249359546,0.040771755254734865,0.042347755708209034
2021-02-19,-1245298.8886370296,-0.04236951020400459,-2.1291745494837446,-0.028299102096743134
2021-02-20,-2430121.0909312936,0.12575917893560673,0.9514360071348358,0.15334862777690605
2021-02-21,752750.0761373879,0.0057288603752276845,-1.3097582581158176,-0.008078101923668868
2021-02-22,-1106462.5653570364,-0.09570410760387771,-2.469893661166619,-0.08945822573988915
2021-02-23,-774255.8832798023,-0.1625012190082188,-0.3002421342379864,-0.15749448724740056
2021-02-24,740672.1395633392,0.13735380479077475,-1.9566244901179182,0.13343161583083152
2021-02-25,-1506219.2957127313,-0.04584075980013336,-3.033584382694235,-0.03259607500489847
2021-02-26,0.0,-0.09444472919483027,-1.0,-0.09702690813904835
2021-02-27,-341869.81168591493,0.03526168793434592,-inf,0.03780796213847326
2021-02-28,-679407.0964825177,-0.09227026573565555,0.9873269685090165,-0.07406523963667155
2021-03-01,1034981.3852023692,0.1518229184080322,-2.523359691944285,0.13032795749529913
2021-03-02,1359386.299381429,0.07929518815016134,0.31344033701207996,0.06874925435976031
2021-03-03,412111.9788474532,0.017191797304356493,-0.6968396849115079,0.01082711155032312
2021-03-04,-83616.01972675716,-0.009288500606469019,-1.202896358316506,-0.007636849775946586
2021-03-05,2545.2593681679696,-0.04419114344099884,-1.030439853230104,-0.047052222211884875
2021-03-06,966440.8397330212,0.04379660394115659,378.70230139203744,0.0386086139660855
2021-03-07,-149366.14010458603,0.05576769642677548,-1.154552802368998,0.059131780706669135
2021-03-08,1979435.3335955415,0.04869921257614207,-14.252235963314998,0.033854442081026725
2021-03-09,588562.9403670504,0.03297117414599349,-0.7026611931302871,0.02492625834715856
2021-03-10,1133439.485328627,-0.00635857030902276,0.9257744713280296,-0.015166792657415051
2021-03-11,1890623.3794898288,-0.019554111776130534,0.6680408649621603,-0.03204909779047027
2021-03-12,-999481.4798212844,-0.03644479065095685,-1.5286518143507712,-0.02719440126679873
2021-03-13,887429.1814945224,0.05991858295531194,-1.887889570153118,0.05402665990007827
2021-03-14,568561.3658323145,-0.019088535290612607,-0.35931635144699836,-0.024807553141573235
2021-03-15,-411716.2347415896,-0.043922683571760546,-1.7241368469327494,-0.04019129766193885
2021-03-16,26761.43495022265,-0.021658302597794887,-1.0649997077890778,-0.022067887924251073
2021-03-17,711850.51600667,0.022315339626766573,25.599863472595572,0.018864835884404574
2021-03-18,-940113.2562607548,0.02286946297080883,-2.320661058918086,0.022228609733370597
2021-03-19,-644551.1700112147,-0.011880997639296953,-0.31438987194491963,-0.001722454082755065
2021-03-20,886881.5812584477,0.06474706105489436,-2.3759676849908082,0.053555181753757175
2021-03-21,-17796.16281435648,-0.04704272884320482,-1.0200659966228012,-0.04569986329950304
2021-03-22,-468708.7178277725,0.002375190488640877,25.33762810091043,0.004275440572707012
2021-03-23,-1218814.904148392,-0.05539096886065897,1.6003674729947028,-0.04143254088612358
2021-03-24,853181.9442883639,-0.02402858428234711,-1.7000094447355791,-0.04312571784499841
2021-03-25,802311.1535721867,-0.09136820668595536,-0.05962478584636288,-0.0887020287218736
2021-03-26,-551785.9683189892,0.047353215737710785,-1.687745603264062,0.04908183140732891
2021-03-27,196811.31907932105,0.022397233478059775,-1.356680543506579,0.025442295712534424
2021-03-28,159628.50723610245,-0.002962616860670897,-0.18892618583706955,-0.009131422568375291
2021-03-29,4211512.355261384,0.06220399773867413,25.383209541841065,0.006739342464137099
2021-03-30,1834565.348732822,0.031280315450209706,-0.5643927420892105,0.03960057392375527
2021-03-31,2173764.247518146,0.0031440387201935316,0.18489333128395602,-0.014546649195486205
2021-04-01,-1728546.9162321044,0.028935415037272927,-1.7951860088809721,0.04254648487977564
2021-04-02,735886.0250430469,0.029786419109186557,-1.425725225119799,0.026972418833468126
2021-04-03,6987970.8855627775,0.10087887024646847,8.495996183857418,0.051544952598834515
2021-04-04,493348.6951424684,-0.018457315149774445,-0.9294002932722957,-0.023324941226407492
2021-04-05,-17349125.096738342,-0.1195293830189792,-36.16605043766923,-0.004703167580175305
2021-04-06,53412.42961885625,0.03963620983461169,-1.0030786814505648,0.03451673497571184
2021-04-07,-690832.2782124545,-0.10497809380923673,-13.933923492006235,-0.08204095703966086
2021-04-08,-792933.1581807458,0.021063023372338563,0.14779402061594427,0.017517106408237115
2021-04-09,-2860573.443380943,-0.002350066267558071,2.607584591296518,0.014001211218195087
2021-04-10,-1364269.1842510432,-0.016179520982221085,-0.5230784277160181,-0.004739569691470824
2021-04-11,789663.4293883224,-0.005979122276498994,-1.5788179037568981,-0.009842205999788356
2021-04-12,-846307.4900240279,0.027423134105801106,-2.0717319031471195,0.04266703892263979
2021-04-13,3500962.2109406614,0.07853734556880143,-5.136749647390293,0.04705379917644015
2021-04-14,150170.48845982394,0.01280415292698045,-0.9571059384787032,0.010972813838991735
2021-04-15,1083348.387113903,0.09940837488855703,6.214123082537205,0.1269428558718675
2021-04-16,1675369.9227297255,0.0344689872523356,0.5464738238019617,-0.012712204825982565
2021-04-17,734933.2286329495,0.004140893306051163,-0.5613307731850032,0.002322689489135721
2021-04-18,667278.5004370868,-0.1399420651329878,-0.09205561207472879,-0.15052475455829395
2021-04-19,-362648.66626187233,0.009802535198704998,-1.5434742255659772,0.02206303529816367
2021-04-20,1343890.188263325,-0.05047278148413881,-4.705763493123915,-0.05926987130176542
2021-04-21,-105562.9490255008,0.04327752556271869,-1.0785502788452657,0.04415034038865562
2021-04-22,466090.0178077287,0.0829990556639213,-5.415280381141451,0.07305041330499717
2021-04-23,-124289.212772011,-0.10614810045640288,-1.2666635371351864,-0.11169829447824642
2021-04-24,25830.398068616774,-0.014555750937420231,-1.2078249390475952,-0.015362203920868511
2021-04-25,-214381.5018651292,-0.0011535271326176266,-9.299581806507149,0.010018221178105469
2021-04-26,129284.9770411264,0.11203532333593169,-1.6030603196467093,0.11260711096046028
2021-04-27,-382509.6195344476,0.07399777785646355,-3.9586548127147734,0.07925356308750464
2021-04-28,46553.725840129286,0.04506318466891779,-1.1217060263655325,0.03804200649792211
2021-04-29,1327221.950380886,0.006123330008327876,27.509467855241382,-0.00570106518066793
2021-04-30,-426354.6421830545,-0.008827474060093765,-1.3212383897513895,-0.005832098833584931
2021-05-01,280368.7622654824,0.04192143202493215,-1.6575951907780722,0.05045343649975398
2021-05-02,173461.05748837048,0.029341798335718927,-0.3813110416198241,0.021538227140081467
2021-05-03,2517092.258390925,0.06842361148353326,13.510993388586257,0.0554003926274802
2021-05-04,2751661.374630848,-0.017330714800631863,0.09319051197188677,-0.029688745824959728
2021-05-05,1021425.3927017762,-0.005033607840243426,-0.6287968417484486,-0.013968867909071925
2021-05-06,910180.7109944668,0.004380338277396367,-0.10891121613205224,-0.001441781171339418
2021-05-07,1244688.7241036808,-0.0016327131926713312,0.3675182401346755,-0.008062282566892565
2021-05-08,429184.3642662582,0.004514835306157483,-0.6551873926749675,0.005714612354212445
2021-05-09,2584099.015268725,0.008782017322489288,5.0209533021701525,-0.008707145028098218
2021-05-10,3260073.2975730505,0.02581723601643926,0.2615899306915799,0.0066749200873936765
2021-05-11,-560974.532662606,-0.04272880759447384,-1.1720742086014513,-0.02256355405463839
2021-05-12,6752871.87884674,0.18937188425732487,-13.037751244775679,0.13315742534779318
2021-05-13,1935339.7864728407,-0.06406162012518546,-0.7134049303474481,-0.07202073798512199
2021-05-14,1193423.2079724027,0.045739725469077896,-0.38335210369057826,0.04659793080014918
2021-05-15,604894.4174879661,-0.004590849618123394,-0.4931434101104275,-0.013059307116519148
2021-05-16,1013740.0740910696,-0.037561109597124775,0.6758958998183136,-0.052147704476445234
2021-05-17,-742492.7583625716,-0.05731801196996633,-1.732429127879056,-0.04720514203268511
2021-05-18,2163648.359717545,0.1151650247066418,-3.914032945572514,0.0973083714807752
2021-05-19,2100438.4923577392,-0.18570666043354378,-0.029214482601071845,-0.18752808892223383
2021-05-20,2335910.268754083,-0.06892611742996424,0.112106008937223,-0.08779637047144229
2021-05-21,-2232383.614218923,-0.014686922681762304,-1.9556803803981824,-0.07871833448010013
2021-05-22,165492.27917037508,-0.21364383446931756,-1.0741325451935277,-0.15309119212357036
2021-05-23,2600960.88102181,-0.14274910133626018,14.716508915464924,-0.16815022836053328
2021-05-24,3451704.0436410755,0.2257393423403291,0.32708802690067507,0.21765932291620027
2021-05-25,904125.657248465,0.09645287819561865,-0.7380639690375261,0.07324203656431516
2021-05-26,3118485.926431019,0.10568684420487973,2.4491731336565974,0.08505701280402889
2021-05-27,2182631.65287567,0.008233914661585517,-0.30009892480944944,-0.006256111623784477
2021-05-28,-323869.24870945193,-0.08896786434278203,-1.1483847484218175,-0.09158521808436981
2021-05-29,4478025.889135157,-0.015770170275627438,-14.82664734913583,-0.030952226869540134
2021-05-30,713.34,0.004133944254973265,-0.9998407021268612,-0.005685480935269993
2021-05-31,4906080.858326264,0.10909564612818379,6876.619169437104,0.07940428074651584
2021-06-01,6212139.309322597,0.06114552070253687,0.26621217397584895,0.019800590800835405
2021-06-02,4703869.759060592,0.06288859137803171,-0.24279390322083327,0.03669503613140357
2021-06-03,790435.8632561752,0.024965691436472426,-0.8319605125686913,0.026713888985825385
2021-06-04,428830.4887795711,-0.05700801965800806,-0.45747592092669276,-0.07366778266476326
2021-06-05,-452780.310234514,-0.024990815978731318,-2.055849157374754,-0.006348622257663417
2021-06-06,170219.50950142634,0.0016987316631289495,-1.375942826253338,-0.012242054081911369
2021-06-07,455068.91965062846,0.02320344434549315,1.6734239863781024,0.019658134411372208
2021-06-08,-378877.1672985609,-0.1272828984431562,-1.8325709599975264,-0.12321482313562315
2021-06-09,425.3616285416458,0.0038608847531058643,-1.0011226900569767,0.012360604938250974
2021-06-10,-1608304.648419059,-0.009573308174978146,-3782.0289892229785,-0.002268868230662635
2021-06-11,144874.09834476738,-0.05944319573330292,-1.0900787661635976,-0.067862306524067
2021-06-12,-40551.21622225918,-0.07153919748867332,-1.2799065994927301,-0.07534595292588941
2021-06-13,-73337.55540723036,-0.012792605328222573,0.8085167903539787,0.009539204744118956
2021-06-14,0.0,0.10172677343906655,-1.0,0.09997235470834798
2021-06-15,173356.17553105456,0.02664967716844302,inf,0.023314928209094088
2021-06-16,-729851.9938594317,-0.05784377578701183,-5.210129761017299,-0.06564682261311927
2021-06-17,-426795.91955064266,-0.018256788943382007,-0.4152294942790239,-0.009371173466526828
2021-06-18,-148837.3899520069,-0.05394812916613545,-0.6512680109296449,-0.06560997551532921
2021-06-19,0.0,-0.03645058672957269,-1.0,-0.022780662592790657
2021-06-20,-128725.10036572482,-0.024734052080027658,-inf,-0.011676448471276357
2021-06-21,707599.3954950806,-0.10109616979899172,-6.4969807246970355,-0.133279098765424
2021-06-22,112222.5873530424,-0.061540165005785075,-0.841403782892544,-0.07310068131402114
2021-06-23,326403.729741078,0.061956749552342094,1.9085386234612516,0.09514360417349943
2021-06-24,-95043.42395775169,-0.03671019058460245,-1.291183633327798,-0.049378038186963624
2021-06-25,130094.60224428718,-0.05458393975296705,-2.3687911990851287,-0.05131226638292341
2021-06-26,-476716.0586718968,-0.040080704952102364,-4.664380000768485,-0.03669185852864698
2021-06-27,-40699.70692612739,0.04093241935043057,-0.9146248459942499,0.039214051414035334
2021-06-28,618432.8089417815,0.08815962063532812,-16.195018727389787,0.09686847799660447
2021-06-29,128384.94352890228,0.09605000859081803,-0.7924027611850258,0.1021682024968289
2021-06-30,504646.3990462662,-0.02025799426460706,2.9307288313964883,-0.027289020723085033
2021-07-01,246599.7587781127,0.01799944264292508,-0.5113414873381384,0.013883830573865774
2021-07-02,-266401.38995305443,-0.025012021282689312,-2.0802986640094767,-0.027680467779525153
2021-07-03,298105.0702380825,0.07223921431748459,-2.119007187952792,0.07835306092225247
2021-07-04,-53308.790359794126,0.06909860002533685,-1.1788255071180738,0.06867129552605555
2021-07-05,-1091506.1960282205,-0.006055783187445485,19.475163451681738,0.01689380415940067
2021-07-06,110070.40695299962,0.14357905755946443,-1.1008426771680495,0.11732336617224615
2021-07-07,458776.97352973575,-0.0016721574728334465,3.168031955452248,-0.0036724513814636595
2021-07-08,-858938.5406655872,-0.09356544715414683,-2.872235509243392,-0.08496636695927229
2021-07-09,-1579880.3335736203,-0.0164861373873747,0.8393403704406825,-0.004888512334507267
2021-07-10,-56858.27380555003,0.006783651852146466,-0.9640110250141927,0.006901561251272614
2021-07-11,-125989.8351885668,0.00048529948415776403,1.2158575481809426,0.012392676349930465
2021-07-12,547689.1655880981,0.024724005830575768,-5.347090102692659,0.019994392027823604
2021-07-13,131951.71108466754,-0.06336672880956029,-0.7590755498276467,-0.07588271574186278
2021-07-14,238753.84958877563,-0.04818576863871371,0.8094032099028858,-0.05461312116844774
2021-07-15,-213410.57232513232,-0.00648971736286974,-1.8938518591122446,0.0014002505292440848
2021-07-16,208483.5472770351,-0.026879774343990026,-1.9769129289406016,-0.033899246110919545
2021-07-17,-261359.67732991968,-0.03522236183538863,-2.2536225555612894,-0.0324701114567707
2021-07-18,-115482.28632278218,0.029927057270559443,-0.558148037591099,0.03753254017169949
2021-07-19,467701.67790644034,-0.05284788012755337,-5.049986303519979,-0.07796294340582288
2021-07-20,-1502375.8832520002,-0.09108412179854786,-4.212252498167299,-0.06847388134469756
2021-07-21,937197.2247949584,0.09910706841438399,-1.6238100832438338,0.10032227174894381
2021-07-22,-128077.83044831784,0.046010586226904016,-1.1366604883794218,0.04500052869381599
2021-07-23,1724289.1146588733,0.0580469887571915,-14.462822633887924,0.04750309187235713
2021-07-24,263929.98439987894,0.03783648053714317,-0.8469340308675011,0.031092959533458808
2021-07-25,538969.7167532268,-0.023374824306487296,1.0420935422654996,-0.027740683509347108
2021-07-26,143215.9786781488,0.10259580905177423,-0.7342782456482211,0.09682297829193276
2021-07-27,297457.356265981,-0.0666634208158775,1.0769844189974145,-0.0647176580698805
2021-07-28,-469067.7982707046,0.012294062751953883,-2.576924518388016,0.018342853493007683
2021-07-29,64852.39369935221,0.019474764129460143,-1.1382580384721381,0.016962033471086713
2021-07-30,-53691.61440954646,0.031730136164139555,-1.8279048982903274,0.02940532385426886
2021-07-31,-9818.169725391985,0.032746441104260615,-0.8171377442573919,0.03157932146787279
2021-08-01,536395.0864591073,0.04365427425310919,-55.63290016996443,0.044628446424175516
2021-08-02,1625928.7661024,-0.010892432384810968,2.0312148771451404,-0.02988943092147789
2021-08-03,-318350.1271108349,-0.045979697780608286,-1.1957958637228425,-0.03797234187440923
2021-08-04,282748.1434483704,0.02186278860283908,-1.888167207641574,0.0488788843625354
2021-08-05,-194698.64981837853,0.07808733286263703,-1.688593910622548,0.07818936961732481
2021-08-06,141019.58042815668,0.05360639169283399,-1.724296653108301,0.021576807976270818
2021-08-07,653106.3352404806,0.06790492718780916,3.6313166813966644,0.05862522592769159
2021-08-08,819645.256903311,-0.0027892805133556964,0.2549951097955725,-0.00039500001135206464
2021-08-09,1878199.453290708,-0.004062401104524382,1.2914784627519276,-0.006213070300010837
2021-08-10,3698409.9931102246,0.05103176877044646,0.9691252633634881,0.01925143635847326
2021-08-11,9112876.468344396,0.10370055169591175,1.463998444012641,0.0560660510977824
2021-08-12,724274.173176329,-0.03855162101585485,-0.9205218927643476,-0.04542192759257757
2021-08-13,-1118936.9775737706,0.05954118478094661,-2.544908018280749,0.0643334739364887
2021-08-14,-248008.3679619071,0.012911907105569664,-0.7783535865445503,0.013108505473842236
2021-08-15,-229809.36227948984,-0.02464565147990383,-0.0733806114365162,-0.016758446966183782
2021-08-16,354784.33130625926,0.0455480749608026,-2.543820181158578,0.0448240972705114
2021-08-17,681404.7878841389,-0.009111584920171056,0.9206169150010521,-0.022764505461757567
2021-08-18,186842.20008794568,-0.07276612863610576,-0.7257985218035847,-0.06939031635349302
2021-08-19,-1130923.4285077665,-0.01376026549812892,-7.052826545477663,-0.006534620614370712
2021-08-20,-1976017.2112147007,0.07036234543430386,0.7472599482902398,0.07676845822559208
2021-08-21,-2947.335607123335,0.013949764788899088,-0.998508446388829,0.02311766402366633
2021-08-22,-217238.961909318,-0.0105848153304261,72.70689696289729,-0.008720129617624361
2021-08-23,1025769.8304994416,0.03017742694850023,-5.721850175879723,0.022543352747798506
2021-08-24,2315093.397468635,-0.013256342559961665,1.256932626241726,-0.026250680014993977
2021-08-25,200815.9024349186,-0.053018351869260516,-0.9132579693525564,-0.05724219257136087
2021-08-26,1630031.8966700896,-0.037912324567084155,7.1170458957968155,-0.04046481228078325
2021-08-27,-654602.06099501,0.013147358797086284,-1.4015884979504167,-0.001387600518345633
2021-08-28,211607.00276599164,0.026417506147926373,-1.3232605202072603,0.03684068767510151
2021-08-29,379074.3133267884,-0.013469252909412144,0.791407223635187,-0.013336991660986675
2021-08-30,624728.5952928156,-0.018476061555214307,0.6480372669151446,-0.016703282193254565
2021-08-31,-263312.8869600222,0.02922995657838201,-1.4214836473694712,0.02280512887103625
2021-09-01,1144719.1908935015,0.0819055225296943,-5.347372451494559,0.08010476228793517
2021-09-02,0.0,0.014453045970747702,-1.0,0.015885109595661584
2021-09-03,0.0,-0.003947072637407123,,-0.003389971137826797
2021-09-04,231142.69849059667,0.0009580200357564017,inf,-0.0024581398754586203
2021-09-05,690209.9403117712,0.023900175206621244,1.9860771930887982,0.02534965386879673
2021-09-06,2057179.9650314476,0.023604484445718832,1.9805133842352505,0.009937564289393741
2021-09-07,10279294.517428309,-0.02173308922739403,3.9967891444398607,-0.0625572611008266
2021-09-08,6150609.828741705,-0.09343269281626665,-0.4016505881494604,-0.14386271880845658
2021-09-09,1824786.589581352,0.011987146844506524,-0.7033161523180755,0.02169066086014171
2021-09-10,4152490.4970910153,0.0007579445380574423,1.2756033614011226,-0.03172654359629523
2021-09-11,-6898.220602630117,-0.02262449761691432,-1.0016612248980372,-0.009151126183084335
2021-09-12,0.0,0.026224498288059506,-1.0,0.02877035502776959
2021-09-13,2325732.9793030377,-0.035637392800988654,inf,-0.05780808520407288
2021-09-14,-659493.3802886682,0.04652153137889359,-1.2835636705320752,0.05330906814634284
2021-09-15,-1136468.0288119568,0.09163645797692754,0.7232440275814611,0.09583716084616811
2021-09-16,1117583.6740427222,0.06517866644800585,-1.9833832943026335,0.06903078488208148
2021-09-17,5773011.166582198,-0.06501337749457992,4.165618736804768,-0.09229948539572652
2021-09-18,-177266.00317415313,3.218996068388158e-05,-1.0307059865396206,0.0028400600201992088
2021-09-19,3551887.190709305,-0.008759830701642102,-21.037046738283994,-0.02928057181119792
2021-09-20,3938618.3829467176,-0.09540920854696278,0.10888048281741258,-0.09731950328469108
2021-09-21,94564.10526982238,-0.034179636680122916,-0.9759905387941968,-0.04173420852563625
2021-09-22,-155626.51340885204,-0.028343277507410503,-2.6457250133631423,-0.04017079263053547
2021-09-23,-1093289.4736559817,0.048358470773660844,6.025084927423397,0.057157603202363294
2021-09-24,153609.1059953995,-0.048582380892775556,-1.1405017698393525,-0.04381123490851313
2021-09-25,-2671.730312984065,-0.014025069853606187,-1.0173930464321828,-0.02179427206382767
2021-09-26,-2716497.260869017,0.04415811506189726,1015.7557884369517,0.004381508729305983
2021-09-27,432575.46134521,0.03431323632028116,-1.15924016106198,0.0985312266309093
2021-09-28,-323208.3872709497,-0.057353730600426145,-1.7471722650791288,-0.05637402232845323
2021-09-29,308390.6048769056,-0.0028091657679434334,-1.9541540907426325,-0.007038195330686059
2021-09-30,487998.5941632511,-0.00823309139945927,0.5824042186954306,-0.015413328809521731
2021-10-01,0.0,0.07373306906061572,-1.0,0.06956875324926237
2021-10-02,-414828.1794742752,0.024125652026632416,-inf,0.03414149086792273
2021-10-03,355019.44954366167,0.027321786221158773,-1.8558228854982537,0.019202669966913444
2021-10-04,0.0,-0.03472033921343176,-1.0,-0.03298239152807081
2021-10-05,-172375.39000000057,-0.005977290149340231,-inf,-0.0052136751664644265
2021-10-06,0.0,0.009975237757562372,-1.0,0.010643014693072717
2021-10-07,0.0,0.0007234527428616744,,0.001207248122870208
2021-10-08,0.0,0.020956568230752204,,0.021958366807524055
2021-10-09,0.0,-0.011188688099163291,,-0.014297550915339796
2021-10-10,0.0,-0.005566678698592176,,-0.004064273133551732
2021-10-11,0.0,-0.021946099018651855,,-0.01846357351649197
2021-10-12,0.0,-0.04217324877964579,,-0.04850300112676298
2021-10-13,0.0,0.019856723353508077,,0.022107886808807375
2021-10-14,0.0,0.03385121468414165,,0.03823690346808517
2021-10-15,0.0,0.015238628600675153,,0.01821813300205899
2021-10-16,0.0,0.01680758327382481,,0.011528792819235578
2021-10-17,-68220.53552329693,-0.0019401648216391676,-inf,-0.0018774004971240377
2021-10-18,0.0,-0.027087881370641886,-1.0,-0.03367564783242505
2021-10-19,-354377.2806002755,-0.0036588557231201913,-inf,0.004222382670481473
2021-10-20,-862279.1778932794,0.006806888486485363,1.433223643549256,0.0012470576283634127
2021-10-21,-808598.257793841,0.02958828973010652,-0.0622546867368311,0.04198140047120913
2021-10-22,-355109.28651047766,-0.00643269691849746,-0.5608334756009135,-0.006718230573854789
2021-10-23,0.0,-0.0178619827683959,-1.0,-0.014779503910495873
2021-10-24,-1108138.5993770151,-0.0011650682118764522,-inf,0.009888017612718958
2021-10-25,0.0,-0.005303814839417997,-1.0,-0.014216233787078925
2021-10-26,-306006.51547983504,0.07223981264383994,-inf,0.06832784851786822
2021-10-27,-4886374.088458366,-0.07623272062193698,14.968202771095454,-0.022684312564144382
2021-10-28,0.0,-0.020865716679549506,-1.0,-0.047449020161243194
2021-10-29,-399034.3090845503,0.022532417320796583,-inf,0.027283293491290994
2021-10-30,0.0,-0.012737857233880434,-1.0,-0.00945320454295584
2021-10-31,-340633.35237113026,-0.021207841223744306,-inf,-0.01895833099511035
2021-11-01,-3071200.8217706247,0.018869436247472837,8.016148302543373,0.049800725249201205
2021-11-02,-391037.1047399461,0.0640717696482147,-0.8726761526084434,0.053994094386002
2021-11-03,-394737.9057654477,0.03824438601295799,0.009464066147796268,0.03840389798107102
2021-11-04,0.0,0.0011759121245311643,-1.0,-0.0028328172425527987
2021-11-05,-1102299.9873602046,-0.024685727240424393,-inf,-0.019484194467025095
2021-11-06,-33190.0491577774,-0.022977426238016574,-0.9698901845791896,-0.019864834530031295
2021-11-07,0.0,0.008472334376731894,-1.0,0.005966103237333709
2021-11-08,-843218.5121660633,0.02865787076586912,-inf,0.039870006369621125
2021-11-09,-846939.865806633,0.048494390814678656,0.004413273175194243,0.059251307464593506
2021-11-10,-67508.19381118017,0.029638682258529503,-0.9202916328104537,0.021179263913024382
2021-11-11,0.0,-0.020658999145820922,-1.0,-0.02958731706448292
2021-11-12,439560.7330338234,-0.03926900979084469,inf,-0.0372917797449378
2021-11-13,0.0,-0.006669105757732829,-1.0,-0.009563031940861166
2021-11-14,-397507.84197263344,0.02108607378755245,-inf,0.027077846481164958
2021-11-15,0.0,-0.00751601530851187,-1.0,-0.004046547201720818
2021-11-16,220023.31206312595,-0.09600519330746404,inf,-0.10357377262475798
2021-11-17,-1156867.0054638295,-0.02070621183518362,-6.2579292376614974,-0.00497028737234384
2021-11-18,345685.04154899786,-0.014263103479354111,-1.2988113931129017,-0.03648310675296307
2021-11-19,-344074.63044884143,-0.012852563371467007,-1.9953413919996645,-0.0018993423453373959
2021-11-20,0.0,0.025906405002990462,-1.0,0.02895107421278631
2021-11-21,0.0,-0.010599779460270575,,-0.005907532817489458
2021-11-22,-342704.81634416943,-0.022240389636817293,-inf,-0.026769011015467026
2021-11-23,-734937.5778604175,0.018124571067548167,1.1445207152336576,0.02835938542446592
2021-11-24,0.0,0.012369490109304992,-1.0,0.00994650073807879
2021-11-25,0.0,0.020136829380643206,,0.025216786697922933
2021-11-26,860760.660597121,-0.08374299966919152,inf,-0.08544615674789924
2021-11-27,-371096.5231611346,0.011936682870282489,-1.4311262586091007,0.018141878508969755
2021-11-28,0.0,-0.0379971975689789,-1.0,-0.04679404105354401
2021-11-29,0.0,0.05887745656100951,,0.05884322117165386
2021-11-30,-339766.0503091307,0.00503807967780312,-inf,0.0040532100888588385
2021-12-01,0.0,0.012046862811476045,-1.0,0.011876514993001575
2021-12-02,-473003.9718311502,-0.03397047351265525,-inf,-0.03341777456535744
2021-12-03,0.0,-0.011060952782722233,-1.0,-0.009081926392104145
2021-12-04,1748562.33489343,-0.1781656704567114,inf,-0.19017532506070067
2021-12-05,-56830.31185254159,0.010482286008967279,-1.0325011643671287,0.002835595597276752
2021-12-06,-396689.5741249093,-0.06680601408969244,5.980246301554799,-0.05208661534269643
2021-12-07,-295413.08126178593,0.079147648278316,-0.25530414578335625,0.08378107805863122
2021-12-08,-274787.4827133057,0.0022896166599988277,-0.06981951665912345,0.002836627000809999
2021-12-09,274134.0176170438,-0.007081925596493788,-1.9976219255338363,-0.009773963869244673
2021-12-10,319711.3343433504,-0.055491346979484435,0.16625925203480785,-0.05408687046048055
2021-12-11,0.0,-0.01552360416672105,-1.0,-0.016952523235766348
2021-12-12,0.0,0.007512954840904085,,0.004918015114474539
2021-12-13,0.0,-0.02447386414964059,,-0.02625818761456611
2021-12-14,0.0,-0.05644465877067395,,-0.05543389915406949
2021-12-15,-281957.1216475101,0.013760666454089687,-inf,0.016085407371246196
2021-12-16,-311698.59901205706,0.03616592324913115,0.10548227046284153,0.03450993183797402
2021-12-17,0.0,-0.030666502580156907,-1.0,-0.021626300106864393
2021-12-18,-255161.566394566,0.061191289332608534,-inf,0.05622438650268591
2021-12-19,-73871.9342394278,-0.010577544393025828,-0.7104895722218728,-0.007893306166905423
2021-12-20,-1505173.765234172,-0.05018503813128372,19.375448141857547,-0.03923743236185839
2021-12-21,-5820.918761032539,0.022028917666746306,-0.9961327264031028,0.019279754043512787
2021-12-22,0.0,-0.007411371507618281,-1.0,-0.007195722211387201
2021-12-23,-2014285.2033904423,-0.014444494771295613,-inf,0.10974469757740368
2021-12-24,1458999.7769953858,0.20384699687507335,-1.7243263141384344,0.07985772898210586
2021-12-25,0.0,0.005949188844624587,-1.0,0.00380447336955414
2021-12-26,-64286.78790617869,-0.004493039785406494,-inf,-0.0063083005928490365
2021-12-27,-458294.0163162912,0.03402471667537488,6.128898973536115,0.05724742325316057
2021-12-28,2911334.225858856,0.005320622099034944,-7.352546885206552,-0.024893118370137857
2021-12-29,0.0,-0.039449649896301175,-1.0,-0.04373515687478302
2021-12-30,-330107.543216961,-0.032597468684919084,-inf,-0.03277758413666021
2021-12-31,-711906.5457019993,0.028286246104730628,1.1565897548548394,0.04820514374858886
2022-01-01,297974.09428618907,-0.012203495491596605,-1.4185578796615246,-0.016247859672001153
2022-01-02,0.0,0.024035425644036934,-1.0,0.013746238779636766
2022-01-03,-302418.31510079413,0.024633739172132962,-inf,0.033139212288537445
2022-01-04,0.0,-0.006786331715137095,-1.0,-0.014952158608432131
2022-01-05,-10716.139146019434,0.0012550802558628504,-inf,-0.022551551765017663
2022-01-06,-268228.0483116896,-0.11595567891356307,24.030287928962206,-0.0909620466234129
2022-01-07,0.0,-0.045889326694045884,-1.0,-0.0437529319702783
2022-01-08,0.0,0.006423730748576828,,0.0022611619339163447
2022-01-09,0.0,-0.029694496874151266,,-0.03353948777855731
2022-01-10,33168.41357627949,-0.014740354045922222,inf,-0.018873989582657735
2022-01-11,-237183.71138226287,-0.023941085756084113,-8.1508910378483,-0.006371410441062486
2022-01-12,-250097.60185080476,0.0508018414145075,0.05444678470238151,0.05168897373330106
2022-01-13,0.0,0.01332334130258328,-1.0,0.011382055200394703
2022-01-14,500572.7584010314,-0.01495780660875523,inf,-0.028305260000572208
2022-01-15,0.0,0.015063189444827652,-1.0,0.03798137208608687
2022-01-16,0.0,0.014811214063211064,,0.004318006742990654
2022-01-17,0.0,-0.019504864100075237,,-0.024303368579053353
2022-01-18,0.0,-0.031460259335279295,,-0.035512612867116045
2022-01-19,0.0,-0.03138146755536997,,-0.027815700888029204
2022-01-20,-76458.56805006928,-0.012043592170964845,-inf,-0.00998082236791964
2022-01-21,-62872.61387222539,-0.09763872637423399,-0.17769040833915517,-0.11751273787493366
2022-01-22,-5822491.165136517,-0.234954476204442,91.60774773845789,-0.16190277139782683
2022-01-23,-264767.7691576046,0.0021122032987144213,-0.9545267203249768,0.004502399975037763
2022-01-24,-7092375.380183172,-0.10327161728793188,25.78715541075316,-0.04804461372521995
2022-01-25,167920.87138315506,0.03853127507102316,-1.023676252649055,0.07152804068092045
2022-01-26,250856.25372957715,0.06384175154774652,0.49389561680622474,0.04890382012001093
2022-01-27,842077.2341255327,0.003013085102871571,2.356811805988665,-0.015438520627295005
2022-01-28,287354.9546394,-0.03499180446063044,-0.6587546331925147,-0.027011365737314108
2022-01-29,0.0,0.015576939357168973,-1.0,0.01876994570876489
2022-01-30,0.0,0.0182283842373836,,0.016743952321899513
2022-01-31,70092.2638452,-0.012525125786687075,inf,-0.0032204148924525056
2022-02-01,61113.02437601561,0.08315380426290653,-0.1281059988162916,0.06981559869869214
2022-02-02,780031.6449220655,0.005596438835464124,11.763754582373384,-0.0008856520838765869
2022-02-03,0.0,-0.08327612199826773,-1.0,-0.08075621178405457
2022-02-04,0.0,0.06088732955317111,,0.07320690583634493
2022-02-05,93320.13072482849,0.05042802540700353,inf,0.031787273710985886
2022-02-06,111787.5344556,-0.0010258719322564502,0.19789303323230478,0.0010887929853666822
2022-02-07,0.0,0.026955976119926284,-1.0,0.015447315976101494
2022-02-08,-61198.142566709845,0.0072302256055369885,-inf,0.01381133036719362
2022-02-09,0.0,0.010064278740466337,-1.0,0.005147292668809644
2022-02-10,-104267.39752105754,0.008831511364284284,-inf,-0.009969505585369687
2022-02-11,0.0,-0.07844715402551261,-1.0,-0.05017028087643738
2022-02-12,-42047.995636603846,-0.07055075765156138,-inf,-0.07285466683604114
2022-02-13,-154885.89199169123,-0.000530717765529265,2.6835499444558337,-0.005670904195441251
2022-02-14,-93019.04850406076,-0.03386008277346164,-0.39943498205084604,-0.03244856328510415
2022-02-15,0.0,0.06124747435154143,-1.0,0.06972365184098428
2022-02-16,0.0,0.007370930126029185,,0.0067655701106019706
2022-02-17,-136590.51521483716,-0.022567840501302006,-inf,-0.06851517351080594
2022-02-18,0.0,-0.0497968774262717,-1.0,-0.0025125709473201585
2022-02-19,41558.680052907126,-0.026645420813241505,inf,-0.029939345459042754
2022-02-20,76722.06721142617,-0.03699597432362223,0.8461141478447722,-0.02256211655623863
2022-02-21,17034.716675888325,0.0038944781011609475,-0.7779684868377562,-0.031869132747577855
2022-02-22,0.0,-0.08095570078411696,-1.0,-0.061521478648767114
2022-02-23,-146178.10664596932,0.026997385700400667,-inf,0.03314758647135929
2022-02-24,-29773.4975964,-0.10805033562496236,-0.7963204047476903,-0.11840338600864708
2022-02-25,-30386.8666305214,0.10643690513620685,0.020601174992472604,0.132578556046145
2022-02-26,0.0,0.04961471535463913,-1.0,0.038377832045884075
2022-02-27,-23153.13092119935,-0.03240497987655888,-inf,-0.012620838074128948
2022-02-28,37175.32209793687,0.015013611778811997,-2.6056282938347053,-0.0018734837050214947
2022-03-01,-100589.1729766704,0.06923567091524707,-3.7058050152644895,0.06750531778839286
2022-03-02,-26096.34185961021,0.0026670959712076225,-0.7405651017166358,0.006151068728323494
2022-03-03,0.0,-0.026685088489288633,-1.0,-0.030526743861409744
2022-03-04,-132182.6432977385,-0.05155540856304963,-inf,-0.052026897722450616
2022-03-05,-48307.04153210894,-0.04485490112627777,-0.6345432325536237,-0.04417573337359926
2022-03-06,0.0,-0.017635135102262223,-1.0,-0.01799182957143375
2022-03-07,-70073.847027023,-0.04121619880183669,-inf,-0.03881806028633228
2022-03-08,-92566.5717734866,0.04438812481123855,0.32098601262450455,0.04251845134161725
2022-03-09,-162406.4171072044,0.061513021677926494,0.754482357892849,0.060804825431207465
2022-03-10,-51319.6806102328,-0.046076237743007176,-0.6840046007766017,-0.0410246271952468
2022-03-11,38167.868464551095,-0.002859402953313439,-1.7437277085652922,-0.0037353984314848487
2022-03-12,14.764314227326452,-0.004760733103050474,-0.9996131742530753,-0.002646545077284679
2022-03-13,0.0,-0.0029733095934082465,-1.0,-0.00418100223957385
2022-03-14,0.0,-0.010673893941612,,-0.004942193900542402
2022-03-15,0.0,-0.009939251367265034,,-0.018170919188972734
2022-03-16,-52707.58452509305,0.04365366577490315,-inf,0.055762668907572754
2022-03-17,-131579.07732716692,0.04457246362343681,1.4963974068006225,0.031008509112759652
2022-03-18,0.0,0.03140590079936678,-1.0,0.049154494708277374
2022-03-19,0.0,0.06047673289787481,,0.05697048601885335
2022-03-20,70898.17602323563,-0.0026168183997047345,inf,0.004779289237559992
2022-03-21,0.0,-0.014130426385757233,-1.0,-0.031241561643055027
2022-03-22,93794.51102167924,0.041809664127574475,inf,0.047873619604887674
2022-03-23,-164423.32282807815,-0.010972141165329297,-2.7530164722546937,-0.018519651097066214
2022-03-24,0.0,0.026254759927849536,-1.0,0.03456316242978774
2022-03-25,0.0,0.021225625100516066,,0.028711879335524104
2022-03-26,-45261.04604420125,-0.011351181161917356,-inf,-0.018745858379817903
2022-03-27,-165379.83647134007,0.008996462151375395,2.6539110543276583,0.0032450466069109396
2022-03-28,0.0,0.07055590952046131,-1.0,0.07601273421617805
2022-03-29,-243889.3960791978,0.032286406902430675,-inf,0.04230517647685805
2022-03-30,1694553.5109472263,0.0877418052944916,-7.94804094884452,0.06569773779729582
2022-03-31,0.0,0.019390824473169532,-1.0,0.00663358840116679
2022-04-01,-181368.77366008016,-0.05000075813891125,-inf,-0.017780933039555746
2022-04-02,41402.46995185837,0.0732450600651986,-1.2282778292885992,0.04825468211080297
2022-04-03,0.0,-0.01748036062735714,-1.0,-0.008380833716452929
2022-04-04,0.0,0.0013103167632650958,,-0.0067008472508542916
2022-04-05,0.0,-0.017301980828000607,,-0.01379719612542496
2022-04-06,0.0,-0.07090102440581847,,-0.07556010164886384
2022-04-07,0.0,-0.04839328359003159,,-0.05104327311290502
2022-04-08,0.0,0.002061676466193152,,0.010843370573444755
2022-04-09,0.0,-0.04198708636917825,,-0.04791537215485797
2022-04-10,0.0,0.00457766436896101,,0.00871441244964366
2022-04-11,0.0,-0.07200144951996057,,-0.06595458657886522
2022-04-12,0.0,-0.025764988564977,,-0.026991914345296797
2022-04-13,0.0,0.017812473312474486,,0.04436757735114605
2022-04-14,0.0,0.048044557780480446,,0.012874834884528452
2022-04-15,0.0,-0.0024660990565739116,,0.002602637107455008
2022-04-16,0.0,0.0006424059305576435,,-0.003047808598001245
2022-04-17,0.0,-0.006448399636694635,,-0.007993414081811201
2022-04-18,0.0,-0.05906703388505552,,-0.04672996992245593
2022-04-19,0.0,0.05680825807288925,,0.037807130302417224
2022-04-20,0.0,0.03814456280300971,,0.03947541519153552
2022-04-21,0.0,0.0026912049144391936,,0.011159767139554688
2022-04-22,765009.5571440618,-0.03280698624955225,inf,-0.045188991271360446
2022-04-23,0.0,-0.005497793207081325,-1.0,-0.0011596000458075073
2022-04-24,0.0,-0.0017826167378236502,,-0.0036964573323490235
2022-04-25,0.0,-0.04647653789145878,,-0.04570801892792464
2022-04-26,0.0,0.01889078345149442,,0.029204921156330776
2022-04-27,0.0,-0.024876380707124057,,-0.034968269130993934
2022-04-28,0.0,0.002553261055611822,,0.003099079164398999
2022-04-29,576999.801096747,-0.04304252215373372,inf,-0.04091862894293885
2022-04-30,691010.7068032841,-0.025172529495776974,0.19759262566439006,-0.06476285293494077
2022-05-01,358770.0127614885,-0.06939677716920867,-0.4808039741942485,-0.05307221544829743
2022-05-02,1678882.8252409273,0.030222127352339978,3.6795517058920257,0.011487271426858126
2022-05-03,-2603017.582503289,-0.03747081380902162,-2.5504462511430743,-0.02209555039667932
2022-05-04,0.0,-0.0006164749818493576,-1.0,0.014447939183193315
2022-05-05,0.0,0.0713661774163945,,-0.01989972846672272
2022-05-06,0.0,-0.09532562967041003,,-0.013158555554294349
2022-05-07,0.0,-0.007109252792554699,,-0.008696074727003067
2022-05-08,0.0,-0.06040708103103898,,-0.05286229786649299
2022-05-09,0.0,-0.06397061294257111,,-0.0730595927441583
2022-05-10,0.0,-0.047628778710935515,,-0.04723591205257094
2022-05-11,0.0,-0.09735383885035365,,-0.0472006570548229
2022-05-12,0.0,-0.19479936359192074,,-0.2229030821831337
2022-05-13,0.0,0.16003940472258815,,0.15339958418652522
2022-05-14,0.0,-0.021282452084570913,,-0.029163409732290257
2022-05-15,0.0,0.036439352870410335,,0.03165663746685987
2022-05-16,0.0,-0.019706322565413048,,-0.020158793967708366
2022-05-17,0.0,0.03900300880818164,,0.04011057175663746
2022-05-18,0.0,-0.012475175618969603,,-0.004224177688762154
2022-05-19,0.0,-0.06144307073499622,,-0.07070936823096452
2022-05-20,0.0,0.05507316658286787,,0.06108059730614679
2022-05-21,0.0,-0.020525903037842297,,-0.019917488700386232
2022-05-22,0.0,0.031192482230033125,,0.027307726618366113
2022-05-23,-15526.5,0.05094962552517801,-inf,0.05231532066765854
2022-05-24,-314989.2306350418,-0.0405847606850156,19.28720127749601,-0.044501425914230786
2022-05-25,-204412.2873388026,-0.003668742272030623,-0.3510499170822692,0.010031677875389056
2022-05-26,-1496.567203369867,-0.05089276154492828,-0.9926786827599586,-0.05981956654037901
2022-05-27,-1153787.666625908,-0.08651994491389359,769.9561348316925,-0.055892152044830334
2022-05-28,-475528.0950947948,-0.01830537810265942,-0.5878547597189951,0.0027795401433323708
2022-05-29,-1121279.399287287,-0.015405041871636826,1.3579666708520426,0.012850259875792025
2022-05-30,-721131.0283880635,0.07831315417150009,-0.3568676737961721,0.09541102947085034
2022-05-31,-316491.1128592783,0.05752589714792444,-0.5611184370103621,0.06282176250789462
2022-06-01,-33519.94149689751,-0.008712422755446703,-0.8940888380906875,-0.006424678493878733
2022-06-02,-289686.3614211021,-0.0826499092470021,7.642209636550662,-0.0791745614543965
2022-06-03,-94618.04975010018,-0.024494239748078628,-0.6733776167923943,-0.02854205564223755
2022-06-04,-187644.83903143325,-0.01312395218952167,0.9831822736468374,-0.0004363528376115644
2022-06-05,0.0,-0.0002388241234428934,-1.0,-0.003421530290965813
2022-06-06,-237446.919737916,0.029308991426858277,-inf,0.033126139291625556
2022-06-07,0.0,-0.0444174742791954,-1.0,-0.0419988394223616
2022-06-08,0.0,0.010296137400300331,,0.011222125577919462
2022-06-09,0.0,0.0027019906524290427,,-0.0036404801128332442
2022-06-10,112131.80757077636,-0.02041685996174647,inf,-0.04694622495793832
2022-06-11,98213.67256810512,-0.10404020152074189,-0.12412298797454302,-0.08938793341760598
2022-06-12,124517.9806445919,-0.08167355370585949,0.26782735426420756,-0.07647196670016532
2022-06-13,-479838.225414878,-0.17400203934858538,-4.8535657495479825,-0.1496391602475149
2022-06-14,-115605.31891325736,-0.0007454714381461836,-0.7590743863448923,-0.01675885827885648
2022-06-15,-234281.51123808595,-0.04312904720661981,1.0265634266696275,-0.00256609316777634
2022-06-16,-565546.8614510648,0.018014637728178462,1.4139628366846848,0.05078989728615224
2022-06-17,12040.2117156719,-0.014744767462221975,-1.0212895031983371,-0.042693755992444626
2022-06-18,80561.39234925865,-0.07448681694504655,5.691027886527737,-0.07500636831976337
2022-06-19,-242649.47771322573,0.03257485222330336,-4.011982174554095,0.049240195150239474
2022-06-20,-160014.8180509497,0.1405165107131936,-0.3405515661564187,0.13207133289351525
2022-06-21,-74638.50729604365,0.0935755059087946,-0.5335525284147229,0.10503424209406664
2022-06-22,-77264.73019460426,-0.00299332303057509,0.035185897919207454,-0.005443483304195196
2022-06-23,-78681.88688251097,0.027789253681712367,0.018341572983395782,0.0453100733822287
2022-06-24,0.0,0.05629372478153294,-1.0,0.037135442580240374
2022-06-25,-84051.97975115995,0.015687410596851414,-inf,0.030186993255271632
2022-06-26,-84372.01503331034,0.004879231726090172,0.003807587674887314,0.006532947957161861
2022-06-27,59278.498931480775,-0.03408246213480093,-1.7025848429491395,-0.028223301261561584
2022-06-28,78483.43463999568,-0.02979086434446132,0.323978104282189,-0.05553130029472786
2022-06-29,-189453.0081469957,-0.048228620346809414,-3.4139235115794637,-0.03798686024191078
2022-06-30,47867.36555975735,-0.0739618451312094,-1.252660889515237,-0.07492058017125325
2022-07-01,-72009.60158759107,0.02045560910576283,-2.5043568983902964,0.026941509070037117
2022-07-02,0.0,-0.0005720420602726151,-1.0,0.009123396896624891
2022-07-03,0.0,0.007425462356438484,,0.012380856876197166
2022-07-04,-151323.48990475966,0.027814681469351177,-inf,0.02686564351751053
2022-07-05,-49237.30338621886,0.031208319614637325,-0.6746222055993557,0.0450118415897276
2022-07-06,215303.96230644235,0.01838652465970192,-5.372781356801605,0.009450370591336688
2022-07-07,53824.19027991172,0.0326025655419373,-0.7500083616514976,0.013201108240345816
2022-07-08,263268.3166245307,0.029642754229214807,3.891263858414007,0.034221563479876815
2022-07-09,0.0,0.05209345002895138,-1.0,0.046654058363917894
2022-07-10,0.0,-0.001056339287002328,,-0.005442935965975115
2022-07-11,0.0,-0.033766206645301944,,-0.030189105628903756
2022-07-12,0.0,-0.05183135803247718,,-0.06425272345820188
2022-07-13,0.0,-0.008140703676749683,,0.011109732392493799
2022-07-14,0.0,0.0656984483153078,,0.06478505717317118
2022-07-15,0.0,0.10414567187245338,,0.10093768196257291
2022-07-16,0.0,-0.006520190674483395,,-0.006182867445133078
2022-07-17,0.0,0.02040124292513057,,0.013724533294802166
2022-07-18,0.0,0.027712466595779972,,0.036776246926604195
2022-07-19,0.0,0.028933981414068555,,0.03762792621516575
2022-07-20,0.0,-0.0013707538105234285,,0.0010246951153902728
2022-07-21,0.0,-0.04598099322696658,,-0.041493150410669366
2022-07-22,0.0,0.03307284167376934,,-0.002772228613618144
2022-07-23,0.0,-0.039777681292849976,,-0.03231701661681907
2022-07-24,-4356.587186525201,0.026483051733069196,-inf,0.03966259493145019
2022-07-25,0.0,-0.025137636118400586,-1.0,-0.033790584734183615
2022-07-26,0.0,-0.05496146633836907,,-0.06090822144528929
2022-07-27,0.0,0.014603215549132909,,0.08177197984831497
2022-07-28,0.0,0.17228259178223593,,0.17734144191901424
2022-07-29,0.0,0.07264421722645276,,0.013374651258255543
2022-07-30,0.0,0.003381271286248877,,-0.0021933806819353086
2022-07-31,0.0,0.00033772482300076234,,0.005908449767828783
2022-08-01,0.0,-0.03655770213812637,,-0.03933141753185432
2022-08-02,0.0,-0.02980714053089406,,-0.038762169132966595
2022-08-03,-1032092.8996574124,0.013748056589474977,-inf,0.0613722966297896
2022-08-04,-122655.78105238324,-0.0032857776243178094,-0.8811581970062027,-0.011089085027107703
2022-08-05,-2899439.206404441,-0.025533284116859956,22.638830404301633,0.0382736722906829
2022-08-06,-133563.82807728156,0.0033640596960391456,-0.9539345995659235,0.011879701679151644
2022-08-07,175135.87768189257,-0.0004816222702294093,-2.3112523068787527,-0.006905352846069079
2022-08-08,0.0,0.019257861847674418,-1.0,0.025060024937290315
2022-08-09,-66840.96892016185,-0.04687773669799722,-inf,-0.03394366710184071
2022-08-10,0.0,-0.00826361104376827,-1.0,-0.027346660335066386
2022-08-11,0.0,0.08639722079896672,,0.08198108493146683
2022-08-12,0.0,-0.019730268490099623,,-0.012353005251005023
2022-08-13,0.0,0.015466923538540511,,0.012487350495693716
2022-08-14,125704.64250784628,-0.0005999188263080546,inf,-0.006662968658494028
2022-08-15,0.0,-0.059820027752982896,-1.0,-0.04838279191393169
2022-08-16,-830.1163420467509,-0.013620928561498324,-inf,-0.019337933029297427
2022-08-17,121337.33872432326,-0.01506462756190785,-147.16907604198175,-0.02460103231523525
2022-08-18,-81979.42867479414,-0.026759397073534696,-1.675632328322696,-0.031985872425567496
2022-08-19,263610.7114213142,-0.11465811632881906,-4.215571463263508,-0.1102214270010845
2022-08-20,92536.10964935157,-0.0027583693197391623,-0.6489668073409343,-0.009524919752842531
2022-08-21,-92244.95384538456,0.00013935524329600213,-1.996853597962241,-0.0020966407037515955
2022-08-22,0.0,-0.023257227294281813,-1.0,-0.007321045408247628
2022-08-23,0.0,0.03992333163527517,,0.032014084329217596
2022-08-24,0.0,-0.0016355662738015697,,-0.001021816125301056
2022-08-25,0.0,0.014653446524500957,,0.008618977379692305
2022-08-26,0.0,-0.030425468181614845,,-0.026865156877223684
2022-08-27,55176.51941862621,-0.08179580617364002,inf,-0.08366454283822444
2022-08-28,0.0,0.0009845494095706009,-1.0,0.000326451253392257
2022-08-29,-83567.8061835763,-0.010229959488790574,-inf,-0.017415543745900375
2022-08-30,89459.2642271335,0.07485662676710092,-2.070499134925419,0.07596257122152283
2022-08-31,0.0,-0.023559600229254074,-1.0,-0.021200394386011512
2022-09-01,0.0,-0.019581059176919213,,-0.019091355727544834
2022-09-02,-88121.29225740234,0.01801088764307668,-inf,0.031153177780675056
2022-09-03,0.0,0.000512565141316923,-1.0,-0.009993793229876924
2022-09-04,0.0,-0.004520229731508674,,0.0036572256537212855
2022-09-05,0.0,0.011312994387182806,,0.0007490684434467987
2022-09-06,-62146.55582739436,0.012672096517714282,-inf,0.022011780602961828
2022-09-07,-82376.68119568241,-0.08182035367041218,0.3255228724899113,-0.07256617176693148
2022-09-08,-147658.12711360762,0.04784886889503226,0.7924748238260757,0.042544563550277914
2022-09-09,-91859.04079631064,0.04910225321511885,-0.3778937699403797,0.0486748847308498
2022-09-10,0.0,0.006691041598730685,-1.0,0.013122039966591448
2022-09-11,0.0,0.005043173013063784,,-0.0003109528270508477
2022-09-12,0.0,-0.006609244904939526,,-0.004655585605975676
2022-09-13,89222.87196303433,-0.028987007044924296,inf,-0.04887684920088309
2022-09-14,0.0,-0.045359779117596255,-1.0,-0.027197869087690174
2022-09-15,0.0,-0.010683287172900346,,-0.02107932470860041
2022-09-16,-113397.20193617936,-0.03551292302025666,-inf,-0.025528172195593002
2022-09-17,0.0,0.010947384587220776,-1.0,0.01767826640195569
2022-09-18,-52573.661344429456,-0.0042876282143399225,-inf,-0.008825817995281038
2022-09-19,95812.29643727173,-0.07922804513442205,-2.8224391070952812,-0.08917616745267876
2022-09-20,0.0,0.011759891859579152,-1.0,0.02051660766519059
2022-09-21,3050.738154513921,-0.011001462486473601,inf,-0.01504136304205006
2022-09-22,-155153.73216154685,0.022698612198218227,-51.85776762977147,0.01312220361370775
2022-09-23,0.0,0.019756370041662752,-1.0,0.036875802951979786
2022-09-24,0.0,0.016919631135558166,,0.019074536151155508
2022-09-25,0.0,-0.015441480375188554,,-0.008974756551345275
2022-09-26,-238218.46217346197,-0.024885611088653947,-inf,-0.024429302049033375
2022-09-27,-83821.61568657841,0.06741970621001614,-0.6481313206297898,0.06173700754044442
2022-09-28,838013.107998282,-0.0013578897852168925,-10.9975776073291,-0.014065677761845863
2022-09-29,322601.457849819,0.020124374129459888,-0.6150400813891799,0.0014063048807186895
2022-09-30,73720.31639773256,0.007411587743502146,-0.7714817630115867,0.012408383531282707
2022-10-01,-0.8231796812748066,-0.002374704696990082,-1.0000111662526898,-0.0074151463397027495
2022-10-02,18624.3252930962,-0.020335968050398612,-22625.860302982554,-0.013453597620050828
2022-10-03,0.0,0.007957892098503727,-1.0,-0.0007039880502436313
2022-10-04,0.0,0.03781886120478184,,0.04818161029690171
2022-10-05,0.0,0.0024005372885278486,,-0.0029896938738545042
