Date,UNI_returns,AAVE_returns,MKR_returns,SNX_returns,COMP_returns
2020-09-10,,,,,
2020-09-11,,,-0.026291230001825316,0.06417368691059044,-0.03799864456160984
2020-09-12,,,-0.01345013787342586,0.027311286721755534,0.014216485651200372
2020-09-13,,,-0.030843194392113582,-0.040217742154802893,-0.00502958826426303
2020-09-14,,,-0.015701733763430203,-0.04541019715283312,-0.0424927404117591
2020-09-15,,,-0.030089461146311725,-0.07518254109594102,-0.021460320463013827
2020-09-16,,,-0.030210173515755834,-0.09318475012749228,-0.06315893246231097
2020-09-17,,,0.03860589952301874,0.03396906391568466,0.010434858432359473
2020-09-18,0.6934132065492697,,0.026857057348105284,-0.028664401553149754,0.039765437387229374
2020-09-19,0.1894045262831725,,0.03251024355027554,-0.03322580076775694,-0.041757236595821534
2020-09-20,-0.17878104797550154,,-0.040209739032367464,-0.01472142760920625,-0.029932927485416427
2020-09-21,-0.11263821632959348,,-0.05189369868450544,-0.11524362389334986,-0.08114016727453399
2020-09-22,-0.13438487185286574,,-0.018943554993963385,0.0438496898915417,0.004482234597243062
2020-09-23,0.07038744532191465,,-0.004545138449112862,0.016657987456658807,0.011205269593035583
2020-09-24,0.11084532017222015,,0.01388721999105802,0.0201470362759808,-0.020313276647869638
2020-09-25,0.043842475570222916,,0.0708763922332134,0.12336732192093969,0.014834321700183173
2020-09-26,-0.05060470043392529,,0.037238642774116704,0.08744339148092295,0.033975870778161
2020-09-27,0.00215720101738337,,-0.014832181613979256,0.0040091854542188,-0.017354415058234318
2020-09-28,-0.0583988283692185,,0.030648620109552382,0.014233861968785844,-0.023156376992973793
2020-09-29,-0.07152580914121698,,-0.0038360671655462975,-0.04962086594031356,-0.03660438145245326
2020-09-30,-0.028288824885544628,,0.028168457707228534,-0.04010812354093418,0.012462583482814926
2020-10-01,0.028463795195089014,,0.08757032686469102,0.01216828727989494,0.003883217374881509
2020-10-02,-0.07305066968150886,,-0.0469141738162151,-0.08518763267620033,-0.08341091531882905
2020-10-03,-0.006567154708842393,,0.03479160962496075,0.02236435000509185,0.003563110126195257
2020-10-04,-0.03606005929283551,,-0.019982383338762344,-0.005314027030473345,-0.022529108960571698
2020-10-05,-0.06872954696881528,,-0.00567758105797278,-0.02701224614877884,0.015164604722500252
2020-10-06,-0.135273214539831,,-0.033770668827695416,-0.10412608579077409,-0.08291319205470637
2020-10-07,-0.10463715713857547,,-0.036942662042048546,-0.03829241381301107,-0.05500502551958386
2020-10-08,0.10729319028255246,,0.00034837924232689055,0.0410534534748368,0.019720220917954556
2020-10-09,0.11402528003762424,,0.05491100581564812,0.05067118293683426,0.023302542987670094
2020-10-10,0.015664996699379596,,0.07670275898458279,0.070263914942577,0.05138238921670468
2020-10-11,-0.025944708065999134,,-0.002482458338274429,-0.037070369486649546,-0.01943013436735619
2020-10-12,0.032938070904594996,,-0.0025955930162194774,0.026322441594378354,0.019022359187719884
2020-10-13,-0.007607942878674279,,-0.008317140548101176,0.058707910684782316,-0.00469470153514806
2020-10-14,-0.043257173989777686,0.029752385244525614,-0.005879785359741541,-0.018841515769733808,-0.03976142747133826
2020-10-15,-0.061385885213385505,-0.09196135966502872,-0.023782414213100234,-0.06762388261329366,-0.03407396010316133
2020-10-16,0.02735816473068442,-0.12917784364956764,-0.028951186507607196,-0.039397901488911535,-0.033086060886727386
2020-10-17,-0.02941423667632148,-0.010879780386372495,0.008337076394764553,-0.012148160533416275,0.0010394621262375114
2020-10-18,0.03355293291920258,-0.020543776082281195,0.02105496489815506,0.0017657346972994592,0.015806470926850835
2020-10-19,0.015837178896378035,-0.03647500133416215,0.015827653858898394,-0.024417115828863523,-0.0175993663021613
2020-10-20,-0.06258464717319878,-0.115778368170257,-0.016855514098846114,-0.07322023257574883,-0.06840104828720672
2020-10-21,-0.007279445984169408,0.006688199571026177,-2.308524948135826e-05,0.013392327053081132,0.002523507353570542
2020-10-22,0.016601478226599298,0.04674721478729538,0.04383353189693584,0.04458833630740844,0.02361578171456591
2020-10-23,-0.000614855176355622,0.10105723569346936,0.010608021043620797,0.010415210915406092,0.04592135537085351
2020-10-24,-0.005302945085817412,0.019206622048302258,0.0034514204519526803,-0.0025742332806691914,0.013915690085554155
2020-10-25,-0.036314583299693504,-0.033942978120624634,-0.009319160852606756,-0.040849746245713026,-0.01021254260433635
2020-10-26,-0.05007879069454324,-0.0414873878383446,-0.005492817848371967,-0.007096509099610793,-0.0239155380518411
2020-10-27,0.02189330166821124,-0.03575732121523301,-0.010671422204429515,-0.020651383608222718,0.06918715673599762
2020-10-28,-0.03789458102556875,-0.07530800382214409,-0.035584349244774716,-0.013139425809152061,0.041761906798120974
2020-10-29,-0.033366241425756615,-0.0837837664438208,-0.038887117596037135,0.007576493443435917,-0.09969475216686785
2020-10-30,-0.09582107527793216,-0.01798756811042923,-0.027616869041652947,-0.12179972731404576,-0.08654830211577724
2020-10-31,-0.008103461427879877,0.01479629872859145,0.0002023162287261293,-0.0106436602900295,-0.009640713820331048
2020-11-01,-0.024997042120197488,-0.040836902633367034,0.010762018342283186,-0.0670171958570579,-0.003808074264202599
2020-11-02,0.012310810031879393,0.057919866450389934,0.01572558962395143,-0.03776861429729461,0.01704874549539337
2020-11-03,-0.07665866515625108,-0.08872239941420079,-0.03548396726078018,-0.08256938585303986,-0.07867702227624296
2020-11-04,-0.043721823911848756,-0.02115016022997107,-0.009595725491581608,0.01259468004672204,0.0021910985469726363
2020-11-05,-0.011325839340748045,0.030209097137911645,0.03544065776943195,0.09842359342501594,0.02766772535808726
2020-11-06,0.21866879048676524,0.2621737868509779,0.0011983953263903224,0.19740283174641027,0.06981257753290859
2020-11-07,0.10856148080125072,0.18743442247870057,0.006440469494420897,0.13016381564212298,0.06696369495582855
2020-11-08,-0.02083672141810944,0.13386155880036088,-0.020898966098613192,0.07195828081903888,-0.04662615237649248
2020-11-09,0.013878796686513928,0.11448131200669143,0.004307646027742029,0.037344193298281425,0.00326336409758321
2020-11-10,0.066744478913906,0.1398760705020674,0.015425210837111347,0.06690747575893519,0.03682153200073657
2020-11-11,0.06319944332469607,-0.03748921715746745,0.02819780716949749,-0.012794971001366506,0.07860347650785404
2020-11-12,-0.02713840473572715,-0.0705298801541695,-0.023099442653005675,-0.11722739696116935,-0.03964827050348374
2020-11-13,0.12369337979093209,0.09812966895237696,0.0073218681240940775,0.05047735479722193,0.03093364936871623
2020-11-14,0.10934258198371039,0.032826778934788914,-0.013471122307917471,-0.002682439523170377,0.06890766165728901
2020-11-15,0.0716298198600529,0.0634597739977023,-0.02513023722141683,0.03412741373291728,0.07176192758604527
2020-11-16,-0.0658642600255891,0.019414307727771307,-0.005945178931915485,0.008410911682171118,-0.016952251924912676
2020-11-17,-0.016158446469109022,0.08681965324262175,0.0013012395311262637,0.10109328939261597,0.021674407574550747
2020-11-18,-0.03967265711947188,0.007855489287329487,-0.0056937973777357875,0.016125100231154876,-0.06740509021611985
2020-11-19,0.004846183360048162,0.009128006943096345,-0.007634803819960734,0.00785366798378595,0.00028180425385326835
2020-11-20,0.0951325440867199,0.03936075901833669,0.006821941265930276,0.07716250322657214,0.03292957205037861
2020-11-21,-0.030778748466789962,-0.05369798334747378,0.03863024120976655,0.002992750434823721,0.01717973933611172
2020-11-22,-0.017770833179589163,-0.06188644148371358,0.02159426038132195,-0.04843067362271858,-0.001715547272358231
2020-11-23,0.043047508146528246,0.014737669128201292,0.06340530225879282,0.056288873483237856,0.019369603608918817
2020-11-24,0.07751078139208589,-0.004271194702114456,0.03526912222905265,0.02383451984318241,0.04200812091083583
2020-11-25,-0.046346847682404935,-0.07135856263713725,-0.013126912908759114,-0.0690870256103363,0.013411466137167372
2020-11-26,-0.15238133622585814,-0.08886084942669525,-0.11745860994609036,-0.17695788557778913,-0.16261479791832778
2020-11-27,-0.004087176561060835,0.05225280180436709,-0.00609047226166326,0.010649311733938571,-0.03451570634324164
2020-11-28,0.009961991235780898,-0.0011952361921895305,-0.0012723903654152657,0.005198590833757066,0.01324494491372219
2020-11-29,0.022241177316905558,0.053219879564837314,0.02679635261311164,0.02311608083833261,0.02380282105523146
2020-11-30,0.06274643058926932,0.14630038797036726,0.041206427010821,0.10828585125992474,0.028416694988741886
2020-12-01,0.009909981496816433,0.0063578273341451386,-0.016281711855606118,0.029229070656995315,-0.015457995864509133
2020-12-02,0.027568584253158557,0.10005167799963699,0.002805335639965323,0.06477770733603139,-0.009450597032875874
2020-12-03,0.027561840032673368,0.05073902478080239,0.05190986967878963,-0.008491713978068693,0.16672806911906557
2020-12-04,-0.044884055142555446,0.001682345009666797,-0.03154026265938681,-0.006211505911925097,0.08029902765467423
2020-12-05,-0.03676727372699107,-0.00663493967475437,-0.05821141099110483,0.00020638200837552745,-0.0263635105064981
2020-12-06,0.007625270230391834,0.011845633619256057,-0.009335532817189018,0.004076049269792881,0.02323897230820271
2020-12-07,0.014518854798055258,0.03696680247942452,-0.004195538177595326,0.001280175074020784,0.027614523982256722
2020-12-08,-0.03367045289475801,-0.053046980491612716,-0.017150918840938445,-0.00809920380705853,0.14938155186087543
2020-12-09,-0.0712237252333423,-0.05485807555052713,-0.035342086599554845,-0.07899671378447137,-0.019494248518465374
2020-12-10,-0.011972725056114575,-0.027436281029553866,0.036097178256345286,-0.012432306613475275,-0.01874164381054222
2020-12-11,-0.08219516138640548,-0.06679761870690348,-0.0027689793883030056,-0.07076080357182146,-0.07481599312211895
2020-12-12,0.037970311717688165,0.05639531672030951,0.011600959376989461,0.03522030045492963,0.02913502570510995
2020-12-13,0.042778312494277104,0.0361296288667734,0.016393678059589023,0.027562507608247522,-0.004013218779584493
2020-12-14,0.020072683974639682,0.02375924287115483,0.015214392913647234,0.05819866276404784,0.023859332606586348
2020-12-15,0.031205518909305008,0.04660852144657035,0.01018278968054176,0.10353180262408324,-0.0003673033380433566
2020-12-16,-0.008000977218582617,-0.024595724433269406,-0.02069003685941062,-0.03542081154410914,0.014683921445362902
2020-12-17,0.09797438739071263,0.013416673696965864,0.03257959640417263,0.019274827569562447,0.047223589131978994
2020-12-18,-0.0032280434169090766,-0.010671751966715326,0.012441401889450976,0.0950590483776741,-0.0065453718082226775
2020-12-19,0.09301819709265913,0.0833246858171317,0.04486669416838107,0.08399242341490787,0.0034596148357086687
2020-12-20,-0.035894426945013214,-0.052490964995401845,-0.02447528078273542,-0.021462981962023564,-0.022301751585343532
2020-12-21,-0.06330233435476418,-0.05103643713988393,-0.0465953282659024,-0.014597978462868255,-0.05714119666944095
2020-12-22,-0.028720641512520628,-0.01577273321789896,0.002361441118962082,0.06395845582830506,-0.02488836995411825
2020-12-23,-0.0023608201649588656,-0.03975340163253038,-0.01155745751631243,0.17926869283459146,-0.042681083555630384
2020-12-24,-0.05865238326771249,-0.024841147585335732,-0.030478646753366756,-0.0673176415348764,-0.044247469327379996
2020-12-25,0.044743199900020736,0.028101594112148076,0.041537010887978676,0.04037958131239039,0.044573679107955844
2020-12-26,-0.00014951467536661323,-0.017636295060565743,0.0005522083362115016,0.09609164611170429,-0.03852535133136781
2020-12-27,0.016385271200360263,-0.0029866363917460115,0.03859415113411058,-0.0031896547272984854,0.005412271680048875
2020-12-28,0.06830192676640201,0.07211589301802168,0.053689338858551316,0.0050672022646400805,0.03099431459730262
2020-12-29,-0.04253338327971268,-0.05075979035122169,-0.03177495039459577,-0.04108611829057751,-0.004214114149342696
2020-12-30,0.06714535854903492,0.04708892070257353,-3.640982497721268e-06,-0.033153031458714066,0.09786881368299771
2020-12-31,0.18765635333699415,0.018435673995224944,0.008841673959689933,-0.01001984977172643,-0.004268756609001612
2021-01-01,0.07927668911249741,0.05281708777886229,0.03221880360957852,0.055828383054497444,-0.0216711702972171
2021-01-02,-0.03904856710223592,-0.017684925136255525,0.004872098955638116,0.05692487352613762,-0.020444875073883706
2021-01-03,0.05874766008792354,0.013022751915200192,0.11312592909933339,0.036155884671494665,-0.001291216698863562
2021-01-04,0.08844435502319059,0.1758255099960846,0.034247994244114954,0.16439463777981334,0.04446861529952728
2021-01-05,0.07194802958596291,0.1121820245684213,0.036597810578850476,0.2038215741446061,0.05604563976208188
2021-01-06,0.06590359069332119,0.014656893781781921,0.2433481761168641,0.03908537305367732,0.08111532658661247
2021-01-07,0.009199309885549845,0.02210684477306657,0.23508842890650605,-0.022475412828605212,0.05213640002373432
2021-01-08,-0.05060493367634433,-0.05806037187073432,-0.027315737496549475,-0.036823514932601276,-0.06568134182396812
2021-01-09,0.013765913548718478,0.01876658021517552,0.15552127833090057,0.02454962644825076,0.03645356639861297
2021-01-10,0.017693865328127778,0.10074159504524949,0.39303120944264713,0.13408650880012507,0.11456452697416486
2021-01-11,-0.15493366663491037,-0.11174564432800638,-0.23597829728887187,-0.09544700704269704,-0.13787709248284064
2021-01-12,0.03358532162664973,0.09782297233025039,0.1346754694737904,0.14673309381524513,0.12364001419453396
2021-01-13,0.0759314159575959,0.11803145364022116,0.0010023339989155833,0.07383575730864944,0.0852331487056519
2021-01-14,0.11943508418271098,0.06564515307421814,0.047735151185611224,-0.008149328736638872,0.048955549767675244
2021-01-15,0.08296678472941421,0.062125137669412744,-0.015516217369564211,-0.03341571611525895,-0.04018393023385425
2021-01-16,0.1219406364165041,0.20715856355266937,0.002551175602881539,0.09979594069436981,0.035726263785443635
2021-01-17,0.08582796696603245,0.01685888277787173,-0.04150982701890171,-0.03504251916194523,0.007922131252862119
2021-01-18,0.05293708592423241,-0.0030191645047176197,-0.027165019585997374,-0.014580852319774684,0.05192223388631345
2021-01-19,0.005690756949683351,0.059475464314304505,0.02050022198111945,0.040685815545903115,0.0042841468696679375
2021-01-20,-0.07500808474028131,-0.06270599866730753,-0.05851805021049994,-0.05741182208889861,-0.06735601253090406
2021-01-21,-0.027394357370907896,-0.060089368410646604,-0.06166442040666742,-0.06855451493401898,-0.08665055559243051
2021-01-22,0.01785434214039805,0.04462568863100791,-0.004043474433613081,-0.016633886244732166,0.023828427544728248
2021-01-23,0.08803394955043764,0.10012172207160441,0.09770294329249585,0.07331427733988538,0.048498182037796544
2021-01-24,0.1593509602319234,0.20555757322111723,0.015232943281192624,0.1133701406261245,0.08002479322094036
2021-01-25,0.12215451194122307,0.05679052195429635,0.010587584538752859,0.025278286946179174,0.06565106775377205
2021-01-26,0.08422396094753415,0.01775173199624258,-0.03990782038689,-0.0510683703298217,-0.06358180287777859
2021-01-27,0.10153034421075624,0.04808829007053661,-0.009576700475790956,0.008425439292579329,0.015078453066768471
2021-01-28,0.027200467464931766,0.04832291177738046,0.016239980581069124,0.018323196717128676,0.0658639108206831
2021-01-29,0.02165305516530469,0.003972312598073291,0.002991309788596963,0.008191987747954155,0.047550677133819
2021-01-30,0.11498420439591794,0.028940840235354814,0.04359483698792199,0.040041912983245886,0.24115309237050875
2021-01-31,0.13429043740857805,0.018389758800629874,0.0252239237031342,0.060328480310009924,0.029958934213846655
2021-02-01,-0.012435993665629308,-0.029946335239799393,-0.018379752455956466,-0.05344471112181037,0.09137936074864883
2021-02-02,0.028314826529962644,-0.004757424525213327,0.09544114573838591,-0.023290678309759172,-0.009797610151949798
2021-02-03,0.02851152227527831,0.1120985310535969,0.0535426696098531,0.023389843233090124,0.020728548167733285
2021-02-04,0.05436578171091422,0.3584441532610638,0.07072838718323671,0.0778284104986986,0.20431348237352132
2021-02-05,0.0012407855409566348,0.12897467069062007,0.3880678987914752,0.15355497665316964,0.16005181221525233
2021-02-06,-0.036622283569275216,-0.05473521361808387,0.019626039196499523,-0.025106203778984204,-0.05189356723919181
2021-02-07,-0.07420264896635587,-0.05904575526434397,-0.04481366670792597,-0.058816321203251976,-0.0668817869812155
2021-02-08,0.03659172296283697,0.11454496124551339,0.0450203100472204,0.06439800722215305,0.06534890636675383
2021-02-09,0.009603546462656043,-0.011252220340648877,-0.01605825775369163,0.06329807847904756,-0.011242840167441148
2021-02-10,0.07606221862505347,0.07569454440439904,0.00990131748154588,0.14575613703273582,0.053094842830325506
2021-02-11,-0.0036370864159149807,-0.0057163454300042105,-0.00821593779060692,0.007316134158135812,-0.0047317771087243
2021-02-12,0.08815470461527863,-0.009414892413812215,0.04505236076874142,0.029503296905427856,0.08464319977019352
2021-02-13,-0.010030828892841237,-0.019075597503090846,0.00863564223105806,0.004026166403324094,0.004008042944652956
2021-02-14,-0.02891965540996455,-0.04945590657038701,-0.035077883231557694,-0.02715648556326089,-0.06814619519509968
2021-02-15,-0.06582344345338476,-0.043993388124494937,-0.04409052740609454,-0.04151198223501096,-0.059847036720179436
2021-02-16,0.019098465933169217,-0.03031291928389468,0.021472456781148175,-0.0028505699385760197,0.011706032110066378
2021-02-17,-0.006468443830713322,-0.03666629373313868,-0.0012831092868880178,-0.04671862972871266,-0.04871552920332867
2021-02-18,0.044747372096575644,0.06349185871905672,0.04835762762541207,0.008307830203785116,0.042519418437696244
2021-02-19,-0.04227854733495229,-0.0635887397442032,-0.02250002899399861,-0.050417883492736015,-0.008849479796839699
2021-02-20,0.2884903429247163,0.06693891144313202,0.06190621511475425,0.07179551378637061,0.0313870970434853
2021-02-21,0.13410527215207613,-0.040740937863262605,-0.026531233801060483,-0.04500605517132239,-0.034980203946917476
2021-02-22,-0.09039003209205354,-0.05299905198819399,-0.0812250128594898,-0.08132466921753756,-0.048899701544594554
2021-02-23,-0.14455544409574772,-0.17183221554627592,-0.14093597138426128,-0.16089107368709032,-0.13714010268715116
2021-02-24,0.10932882442293956,0.10521616878712226,0.10392883562673139,0.10290961719839387,0.1468061996967891
2021-02-25,-0.027991388176952348,-0.0357130764336262,-0.0389631869843452,0.03726959405042907,0.015551126001349891
2021-02-26,-0.08250321005022287,-0.10279066926439318,-0.09406312334340616,-0.09525040897634285,-0.09135072225688945
2021-02-27,0.03657169542707672,0.026095004299473867,0.004087043605679241,0.04797114844416117,0.045921543170709844
2021-02-28,-0.0804159714091024,-0.043696285196319073,-0.05437435322251438,-0.08403767336492529,-0.09111703846168961
2021-03-01,0.07861382900645708,0.15371689493022456,0.13759885820766637,0.12074784779197922,0.17103114037184208
2021-03-02,0.09733249424744428,0.043334261518937156,0.007636788738926814,0.11177197682160345,0.14025060056242733
2021-03-03,0.011624647422556533,0.032811709343588236,0.03498950467367146,0.05522060256812655,-0.0026868089789421346
2021-03-04,0.05700753199822217,-0.03803213352312462,-0.04839740522176805,-0.026853478764798044,-0.04659727146896597
2021-03-05,-0.013189657697877943,-0.0760931213775875,-0.02754259654106095,-0.08674408388751609,-0.04610140554594311
2021-03-06,0.029718350099240842,0.030622981209370792,0.026120980198352184,0.009606534173385528,0.06694913751451748
2021-03-07,0.1060161773844841,0.08702957663020672,0.025127070215864356,0.02141641178083309,-0.008860521666881116
2021-03-08,0.06750452656890515,0.02131090897116583,-0.024400778659141698,-0.0029032666605302015,-0.023241344672789932
2021-03-09,-0.004185751706199281,0.050024532610105865,0.026664940620766187,0.03724396005072372,0.024220804823724906
2021-03-10,-0.04298201988206252,-0.007317298953994467,0.01296220591062669,0.015813982260025616,-0.011992342586487625
2021-03-11,-0.03186264043215414,-0.052581693975432664,-0.018070704675823612,-0.04438327223016625,-0.022186998245539602
2021-03-12,0.00028750094721718966,-0.051994532854648945,-0.0031477252143391476,-0.07295639954898592,-0.03707440999256206
2021-03-13,0.047354598218140254,0.022658616778393315,-0.014861708901611093,0.011394767921527382,-0.009883822711917567
2021-03-14,-0.001475537046689901,-0.002707872203950079,-0.009868938177285846,-0.0122697386785523,0.004790956537138458
2021-03-15,-0.055271044608296904,-0.04381618553146671,-0.05130962871180622,-0.035361576206643486,-0.030791788992607594
2021-03-16,-0.04121683976152535,-0.021191405831356924,0.0062911831902028315,-0.02331431037877696,-0.0070212940365822485
2021-03-17,0.047286135524216455,0.006832285335785615,0.02525219185452854,-0.0072050547170179335,-0.007251949355192244
2021-03-18,0.005540346790234185,0.008049119789532044,0.019605978936564794,0.030799424471869008,0.019061246802733578
2021-03-19,0.02527975271320182,-0.004399041097062462,-0.015709905927917767,0.007905998972122408,-0.004098976416711753
2021-03-20,0.05990583506433933,0.03601021051153541,0.028384630464718175,0.0820784300904307,-0.008979192087302357
2021-03-21,-0.02757379016176087,-0.03949428308137781,-0.020696506341528198,-0.05363350477354145,-0.04227542262960249
2021-03-22,0.030974891235541202,-0.017306720213411952,-0.026566688924706594,-0.017183533201406642,-0.034019924422827974
2021-03-23,-0.006477844494282348,-0.06622770828838476,-0.04514046313621001,-0.075861321372369,-0.04277195719338078
2021-03-24,-0.08469005166765409,-0.008030238758986674,0.013873684800092434,-0.026842747977751102,-0.03050211580258222
2021-03-25,-0.11111459401800972,-0.05573237852107937,-0.05824180879019902,-0.07187697129091908,-0.05487983780520278
2021-03-26,0.030802701420545642,0.09820644820785684,0.037570425482643666,0.05800054958073986,0.06338499391475039
2021-03-27,0.025250306835782776,0.0034429217835372228,0.0528903238849987,0.008733341354098645,-0.02260183345797251
2021-03-28,-0.013881913494930509,-0.00760124604638468,0.011773046566353917,-0.019812871496396323,0.0033356422800427943
2021-03-29,0.016570475462901246,0.026822168406020808,0.00467027108377116,0.010055703785195824,0.040054548379760524
2021-03-30,0.0037467843401377543,0.036783564776241784,0.01353547455246673,0.03461554271546219,0.08163159762663663
2021-03-31,-0.021687071872527275,0.03133859360310365,-0.011433978471885431,-0.019913351626510423,-0.03792408492889088
2021-04-01,0.03676419101931083,0.009829696403091503,0.08512936617570199,0.06670341841423011,0.1243383483924585
2021-04-02,0.007084609124600849,0.038284942189769966,0.0794823837879921,0.10309188550551696,0.039878072696820865
2021-04-03,0.059882755404397026,0.016871912557549162,-0.017750279677744674,-0.0028470140547902645,0.05217550388460945
2021-04-04,-0.02235659611478702,-0.024258811609012554,-0.04871354101664471,0.005026645204771807,0.09151287399255459
2021-04-05,0.009013624150194355,0.0077751176530203026,0.007453814556895422,0.005170155642443719,-0.019754191746550576
2021-04-06,0.04100937077290667,0.018704588214804918,0.007336170549061105,0.08316622680571517,-0.02348615581768332
2021-04-07,-0.07129535483730798,-0.10072123987794235,-0.055941542519523435,-0.08035715123079223,-0.07774048179786197
2021-04-08,-0.003474157975606129,-0.012529360338119466,-0.012120157468165638,-0.034060328737954726,-0.014517230304841089
2021-04-09,0.018129591182578064,0.017554805441249544,0.025181305828370082,0.009743212198343842,-0.0075878186682794
2021-04-10,-0.0029082167173699602,0.004489655181160845,0.024339464665443344,-0.02189663236507211,-0.013462870505238422
2021-04-11,-0.00232367249172194,-0.00026616090189424124,-0.013606810117356982,-0.029744582702500577,-0.00247225702902798
2021-04-12,0.1211988037513434,0.04201586648550282,0.08087258930726704,0.015310227763928097,0.0031861743767549466
2021-04-13,0.056757534492627215,0.041431141258364335,0.05299150406651787,0.019499283812721258,0.03278164639784964
2021-04-14,0.0003519011681154538,0.010278911468902141,0.023384910751389487,-0.001814586479526037,0.025480764526440325
2021-04-15,0.06961272544373309,0.12062839553030247,0.2530329936069502,0.07916926432253413,0.11941595683652073
2021-04-16,-0.017291547305370192,0.0022435047531306207,0.07342235375546924,0.03417099462266293,0.0910378172552162
2021-04-17,-0.006024990426015897,-0.004633007597823591,0.0037334401457114197,-0.005667818659740531,-0.01507452422256661
2021-04-18,-0.14268326011938215,-0.14834694067559884,-0.10634034624761102,-0.16784326951780038,-0.15462782069590142
2021-04-19,0.012255746570024817,-0.015924376163272802,0.13037553621746878,-0.03918926798907918,0.003902078020537436
2021-04-20,-0.04710447843780996,-0.06715185517008726,-0.0389876145775363,-0.07041220152074334,-0.04413621935847356
2021-04-21,0.08184990498104217,0.03296315001366623,0.09424101195829926,0.028544150091104115,0.04099200473454201
2021-04-22,0.09442099769847379,0.04524674773567372,0.18993264627533435,-0.008172418741406728,0.13531325980113906
2021-04-23,-0.11102975379001734,-0.1176488016943571,-0.12302685587161033,-0.1307557486729185,-0.009245870052407623
2021-04-24,-0.025110221019594592,-0.01744936045018952,-0.0024632092942016293,0.0004922944737275614,0.059781023245884635
2021-04-25,0.02789372870246587,0.008629643079767435,0.004860220260755721,-0.019479779834551514,-0.03248538155970804
2021-04-26,0.11537697252063417,0.1797908619725228,0.024109456512983796,0.11028172202707642,0.11443373596582118
2021-04-27,0.09035033697890382,0.07415757021850489,0.0967896745377379,0.06872161724902681,0.05778856004118027
2021-04-28,0.048403625201129064,0.08780934592920708,0.005028750992991826,0.011023022766423862,-0.022244334591830728
2021-04-29,0.01963199290231432,-0.025405742453485813,-0.03193420113309853,0.02368083909298968,0.012806883579603356
2021-04-30,-0.035222020147949396,-0.0170831341443356,-0.007398691866239093,0.04141472632516807,0.050430981900242866
2021-05-01,-0.006222049387519912,0.07638201255197985,0.0998255894402047,0.014359658470067593,0.1359760274947166
2021-05-02,0.026104432221956575,0.03231417051805452,0.04357444609940364,-0.03496955989292072,0.06017433832350605
2021-05-03,0.05302049444677648,0.051045329858883104,0.14616533472959214,0.046585858306069206,-0.014667280763310031
2021-05-04,-0.029335596968238398,-0.06493833521177605,0.0021050414150893815,-0.044596909603112356,-0.02735440439295278
2021-05-05,0.02631597129686991,-0.029154836633300207,-0.04236539089364055,-0.01260334351886716,-0.031012517281323038
2021-05-06,-0.036995077057913495,-0.002359309095729123,-0.025607135396056746,0.03040699162217786,-0.006991041444623702
2021-05-07,-0.026365416733104996,-0.020021327068059924,-0.021121344942318432,0.06623747699796767,-0.04265155729346792
2021-05-08,-0.007248941114049834,0.004700524100862635,0.06176074831898459,-0.011285124542019354,0.03880546630706627
2021-05-09,-0.018791002319380468,0.0020859104734334277,-0.0076783584941375604,-0.045707014058819384,0.0023877853117817427
2021-05-10,-0.005364671476175142,0.010922934803225814,-0.019846713356015955,-0.024465995243668326,0.02981519775531316
2021-05-11,-0.05697217320449277,-0.0521579029414162,-0.0415296548711831,-0.04299794662817735,0.049555805057041935
2021-05-12,0.11076375921403092,0.21386186743027102,0.10218311943295122,0.15192265960318396,0.033383219717566304
2021-05-13,-0.07761177034195699,0.023216920990859258,-0.12404942105444461,0.02588800368144395,-0.08560716319867367
2021-05-14,0.034144404783080784,0.04195370366876472,0.030266574008067648,0.047699549469988334,0.01855129348827722
2021-05-15,0.002008027873284135,-0.014753909757369899,-0.031994019121821204,0.010019601022190683,-0.0642789941511378
2021-05-16,-0.04603322335486648,-0.057658168968021783,-0.03800148434609574,-0.06599229366851134,-0.054159609121867014
2021-05-17,-0.08387545996243417,0.03490119305548989,-0.04589544676013557,-0.05241771781622129,-0.04077482190510684
2021-05-18,0.022000516643811086,0.16019194409194215,0.06450927155504638,0.2178184015655935,0.025532628708122118
2021-05-19,-0.20045844261318235,-0.15484365850852377,-0.1629921082411664,-0.1759379587246659,-0.1861468641348779
2021-05-20,-0.0854734793004831,-0.15020991636568537,-0.04581127379291228,-0.1364450800401289,-0.07122400197830303
2021-05-21,-0.04776520393161365,-0.07060743667608083,-0.033392286965518325,0.03306206723247529,-0.009718170378103297
2021-05-22,-0.1489495135098975,-0.19166847800936127,-0.21869215376910645,-0.09576337970008786,-0.2129648133062868
2021-05-23,-0.1567452210868554,-0.1508707118137278,-0.14648399204850393,-0.14602631245058795,-0.16416334407517008
2021-05-24,0.16963307327833044,0.16614410183371642,0.42607613837648217,0.026213856289814208,0.1376231628772917
2021-05-25,0.17739806360175137,0.0600972777224249,0.07531825129354597,0.0017732025425076792,0.04619275210570084
2021-05-26,0.09763018552831837,0.058563166236157205,0.03185554002334001,0.07645391239657484,0.09255341498199843
2021-05-27,0.06695583979418585,0.010837750375722432,-0.028659146052930295,-0.03935208224865061,-0.02595651227186624
2021-05-28,-0.04664406590425474,-0.120332605805065,-0.08808587592124784,-0.09910840568967538,-0.09616995516704607
2021-05-29,-0.07793235420187483,-0.08182861415234832,-0.06582235817879412,-0.05613686879789492,-0.03942532280212985
2021-05-30,-0.00833919175016673,0.029763594035682406,0.008557284427984424,0.0071263956257281436,0.03280707812219252
2021-05-31,0.052386909550111715,0.08077313809613296,0.05613116707520027,0.05743889381348111,0.07740074942152741
2021-06-01,0.04517500162136301,0.08469269836326698,0.04862141278672483,0.02679230537855415,0.0195852850133742
2021-06-02,0.019686602666169284,0.023452660257146096,0.010030667440515506,0.015345789490091244,0.03268897356107758
2021-06-03,0.02136376499107051,0.02793031387168532,0.006038134263845807,0.040499373087250046,0.013417179834589454
2021-06-04,-0.062415287898558325,-0.06291805317948596,0.004385094579676396,-0.07954083705810566,-0.0756608057177981
2021-06-05,-0.0070858518843534,0.007314175981470328,0.00894045834859214,-0.008762041401925047,-0.024167837795019853
2021-06-06,-0.017759402369641686,-0.026380682238645425,-0.026727553432975615,-0.028578245223377485,-0.030000131258662188
2021-06-07,0.01355353844767726,0.02688516762533366,0.019319786200558298,0.0005344760438961149,0.014402285877869847
2021-06-08,-0.11692763372495096,-0.12915366433785802,-0.12047485201570596,-0.13210637054354923,-0.14103644416671823
2021-06-09,0.02535294390794829,0.009124554608535007,0.002604467666554866,0.017376828829759994,0.0590562325090942
2021-06-10,0.018353759674965442,-0.014140118232042531,-0.008527242287337033,-0.0033588832184935358,-0.03604064284546482
2021-06-11,-0.06162462655371659,-0.06295826094396773,-0.04974079182259339,-0.1285243264657433,-0.07320443160579815
2021-06-12,-0.06417711208652,-0.07605111716044999,-0.036801302863865404,-0.07871727670885753,-0.07655387720815365
2021-06-13,0.009825039671633284,0.027129440978547192,0.01893742616879268,0.015461342095121067,0.022544293005205773
2021-06-14,0.08483921596286859,0.10163709830110546,0.06199729208841087,0.08047153050276679,0.08942925927493284
2021-06-15,0.027092679313082124,0.00355596533185798,0.01035880267736533,0.08174917556444306,0.01905163782063135
2021-06-16,-0.05261667841211226,-0.04749498952814357,-0.0456316503483114,-0.05904553346096819,-0.057518834758070514
2021-06-17,-0.01605427189830788,-0.019396130793368882,-0.025824473970772588,-0.024314240785504593,-0.016834424950395666
2021-06-18,-0.056258552541614826,-0.07025427763626801,-0.0649823232415968,-0.06760197593921358,-0.058157379879720694
2021-06-19,-0.02731990272291207,-0.042521753236994586,-0.04167387001013345,-0.02281919412863931,-0.04167481430803133
2021-06-20,-0.028369911008937154,-0.00970568182348197,-0.020327620840491445,-0.012739007408933967,-0.009655745733567311
2021-06-21,-0.09305418428460999,-0.09449314855170843,-0.09502890715765422,-0.10345578424198942,-0.08285825060307173
2021-06-22,-0.10726230006272797,-0.1376523089342594,-0.06431892469763756,-0.12350936646898036,-0.100014946677211
2021-06-23,0.10262171476882131,0.058459322798261715,0.07405938689343561,0.045994183199157934,0.10255790049129598
2021-06-24,-0.0100064899984047,-0.04640440571231286,-0.064781599051701,-0.01952006374233828,-0.03344008397134457
2021-06-25,-0.041178158126209286,-0.03762773833414601,-0.04704687537075991,-0.05658020127550922,-0.02454274953939961
2021-06-26,-0.05650879843590939,-0.07003043574900525,-0.0660257600943589,-0.07149667936164528,-0.07155894812501418
2021-06-27,0.022488160332812868,0.04969315112127015,0.028573764548514013,0.04013767363123444,0.06194705145653434
2021-06-28,0.07111393822936884,0.10845099705719008,0.06545032623765445,0.095373227821552,0.1822602376569773
2021-06-29,0.06837193682730747,0.12972041848624816,0.0963911368585344,0.09642884124639939,0.14735558191496834
2021-06-30,-0.024766735082580982,-0.03848197613293014,0.0005436426196019362,-0.034827446615694035,-0.04038710685278202
2021-07-01,0.005658844015645537,0.027047856898516853,0.10134660986012145,-0.008450905326660152,0.10576554221947232
2021-07-02,-0.03610028190200609,-0.056115020606690824,-0.04795566647943561,-0.041963664290674996,-0.008899583814412249
2021-07-03,0.059306649691403646,0.11101244393682919,0.053057041112641645,0.06897908655551688,0.118010137040232
2021-07-04,0.1004474936775317,0.08013669901880549,0.05352426650165376,0.10087791674682567,0.12154372972760785
2021-07-05,-0.01945326913161971,0.03328661087619511,-0.009186684769969533,0.20740065333794888,0.0648187786863692
2021-07-06,0.0966695353048066,0.16573059377494648,0.0610611031757744,0.23379439686234083,0.11706281068967161
2021-07-07,0.03334149252771934,-0.014957688037076311,-0.011917146719400029,-0.037487250905162695,-0.057381888598679875
2021-07-08,-0.08586018407582119,-0.07749661721200907,-0.06169578060039271,-0.10806646170595735,-0.09237360162283004
2021-07-09,-0.002996797768510029,0.00034874750633240303,-0.005312109249928421,0.08524745244553378,-0.03728284261471315
2021-07-10,-0.011582687416294535,0.005308955065371546,-0.001200852126459262,0.01748670268004693,0.05194301179008276
2021-07-11,-0.005019761949642376,-0.0013903294921876475,0.0002730350211082033,0.04220514121767094,0.003717817436609927
2021-07-12,-0.00039148488072360266,0.028428288373983257,-0.009281894024551152,0.11402061892947346,-0.01750831621827542
2021-07-13,-0.06710691654839795,-0.061384671920501455,-0.027384541807399243,-0.09716215258562755,-0.053675952599662846
2021-07-14,-0.06833973200706,-0.056309660473554124,-0.031176789762194512,-0.09465289345332573,-0.027412164239812076
2021-07-15,-0.016129764722557338,0.012388465694647799,0.010095123110483328,-0.053372998802094784,0.05396631584794376
2021-07-16,-0.03817129532916008,-0.02897839221440579,-0.010254038217268335,-0.045480572597135005,-0.054943927566725725
2021-07-17,-0.027710815959684942,-0.05241516664000989,-0.030370950265242835,-0.054908432232968596,-0.03619578870170703
2021-07-18,0.016730263225073205,0.02807645794639768,0.026396395309809417,0.02544353751197015,0.02440161849186051
2021-07-19,-0.03355398836266599,-0.06200693963000914,-0.04376594531655398,-0.07844835534916628,-0.07408175419222696
2021-07-20,-0.0721230394570278,-0.08395949646009981,-0.07942024460594377,-0.09630209785622534,-0.07268883114917579
2021-07-21,0.05998420768204138,0.09360892328319914,0.07347794993102852,0.04195514173054127,0.1211302400503056
2021-07-22,0.06817270265380038,0.10137811435081234,0.03536127654075516,0.07687262769716563,0.04708391640456133
2021-07-23,0.04505165087855656,0.046505913734978366,0.019262195212590205,-0.00958341387584749,0.045705541298388885
2021-07-24,0.05064214234921227,0.03458916590772154,0.026583368648743333,0.010105687113227235,0.0107643203258323
2021-07-25,-0.03132137092233356,-0.02632675258937378,-0.011224406821896848,-0.030379171709384867,-0.045628036396519245
2021-07-26,0.08820045084932504,0.1291636803251479,0.08058123752728519,0.12637448764171388,0.057443576701766697
2021-07-27,-0.053275195944820886,-0.06954008535754919,-0.038296398052693026,-0.025232359481379807,-0.06278637026949752
2021-07-28,0.028086174670234998,0.005705851856451449,0.023138322837492176,0.00587620183819948,0.003478108355301046
2021-07-29,0.010558236042457203,0.014847942983041262,0.03207160903296957,0.01892720306513307,0.0016776262402455888
2021-07-30,0.05052636076095629,0.025927687264146515,0.030672268801924085,0.013682111339619718,0.007651418105030006
2021-07-31,0.0553468730538349,0.024596268445400193,0.023253428031800194,0.03729264756562456,0.016987747999954284
2021-08-01,0.05201905341644775,0.032137244491794004,0.034401225527206813,0.018340083938640284,0.01658204182601053
2021-08-02,-0.00460542674233444,-0.027261639274722693,-0.023029295428147467,-0.046962306569735546,-0.0009805818040276026
2021-08-03,-0.04015491889959444,-0.03397517802409322,-0.04343617319665105,-0.04700096058131131,-0.028561821174250435
2021-08-04,0.03352404184647817,0.02888924698098294,0.01502313585084969,0.026948163013111648,0.07119765849915005
2021-08-05,0.07872802343411811,0.1339299207896476,0.03845132997408318,0.0698093666724029,0.09997615689755768
2021-08-06,0.06850018476231368,0.017377906436715884,0.08822837482694679,0.027318508820231013,0.0014749858370268765
2021-08-07,0.07640904516307945,0.031668673072238196,0.03448010007700031,0.02143348948981716,0.03927736743409782
2021-08-08,0.00211344172756589,-0.020286778200996225,-0.006650301615965137,-0.034731676240377984,0.000532633089847856
2021-08-09,-0.004255137315348989,-0.008637135736907942,-0.018772313169293064,-0.019059753515121458,-0.029429629457000672
2021-08-10,0.06391190798737201,0.03590476435770906,0.03454329288805891,0.025636211611291593,0.004123265137152776
2021-08-11,0.020983806102841562,0.06370459028964137,0.02500027543643757,0.06170768603662191,0.024776438013973223
2021-08-12,-0.046017445074751584,-0.02276054601358335,-0.0452593957462093,-0.03242684059429879,-0.05224323424671928
2021-08-13,0.03665156630237476,0.04604033143433761,0.0737578819691278,0.0940204571153509,0.02703107553553541
2021-08-14,0.013855135895636694,0.0016666638509512666,0.051943876436512104,0.08877283488645493,-0.00190831609895048
2021-08-15,-0.01506095796720297,-0.028994170980342848,0.003023608807924738,0.004323910082679738,6.816010594157262e-06
2021-08-16,0.030288755724042993,0.055704142877622376,0.011120369407598751,0.0188452840553075,0.0669832234485348
2021-08-17,-0.03589073765180639,-0.015778379074017135,-0.0394198206112677,-0.04146419275752433,-0.0438857405364641
2021-08-18,-0.08805129917281151,-0.08711225736059647,-0.031487202009358506,-0.06800075071286182,-0.07758002865402858
2021-08-19,-0.00402768711510848,0.0033879172299342564,0.021784510268429536,0.02089033032857235,-0.012245888869527488
2021-08-20,0.06924031360024507,0.06974122558970652,0.047765499735143546,0.06899375173191125,0.07558876185831065
2021-08-21,0.021924309882493054,-0.009468881880936642,0.02826472896235588,0.0881003388817525,0.0035830113409798248
2021-08-22,-0.02057318898956295,-0.01818931382949751,-0.016887669225449153,-0.015605475544327563,-0.014954725312747219
2021-08-23,0.026111839518142776,0.02375250390948369,0.03391971287484297,0.03607594179093443,0.008109453189342641
2021-08-24,-0.035168718868152093,-0.03252081942782814,-0.03881721861535148,-0.05106804719460056,-0.040584481712639064
2021-08-25,-0.044678012237044706,-0.043607454747431995,-0.029700227291868053,-0.05624663525443818,-0.046201554350108975
2021-08-26,-0.027196532331314804,-0.04287736511834517,-0.025080276813175928,-0.05231658401665917,-0.033896003773737804
2021-08-27,0.016408159154184476,-0.0016109674293205423,0.031441311377437664,0.0020549874877824337,-0.013377837522700942
2021-08-28,0.021019974743522907,0.015941597442488575,-0.006641902439522673,0.028587967064767517,0.02290091005333772
2021-08-29,-0.012849431540266298,-0.010084865319002767,-0.03940818438155036,-0.036379506379855986,-0.01413691533202277
2021-08-30,-0.00416662006453572,-0.010857702850743722,-0.030179627836758538,-0.01890090270476774,0.0296762638219934
2021-08-31,0.05864230744316523,0.032687520768328815,0.013426901241908817,-0.0008843800623369313,0.019774770644845896
2021-09-01,0.0669771120926903,0.08317836056248074,0.030746119922371085,0.0546949805306729,0.06159590268158732
2021-09-02,0.009301742648857747,0.009326042853354366,0.014550522585582648,0.04100007925700022,0.01955208013493004
2021-09-03,-0.028072357170739193,-0.0216492930094494,-0.005557289530712772,-0.00041916021775711965,0.003099346738374642
2021-09-04,-0.021191996156766812,0.0024490356727797646,0.01561919569424064,-0.0016770669746676292,0.0031792688975027517
2021-09-05,0.006053906694021505,0.03678854730578385,-0.009046867929309421,0.0162459095304035,0.060601483738691675
2021-09-06,0.020580261199406813,0.0003238947944952386,0.0061797518510509075,0.04648274679685649,0.01823045627643438
2021-09-07,-0.10713592114595871,-0.0940814051229516,-0.07996818548606743,-0.07290470169207008,-0.10455852318944847
2021-09-08,-0.11415369896400585,-0.10324520387580294,-0.10127670912475817,-0.12918990954973386,-0.10410080995507198
2021-09-09,0.012572683556370423,0.008240955864123656,0.0025652459139948736,0.04857813319961002,0.014082988216100878
2021-09-10,-0.031139690776142093,-0.04531048652634084,-0.0460853195623101,-0.01781665745761818,-0.02728635440013949
2021-09-11,0.003963459514945811,0.002802196374132482,-0.005052292332795583,-0.020887417160371347,-0.008936766155908993
2021-09-12,0.015012948114508484,0.03619847384295283,0.01100731112326292,0.017280916231129595,0.012713700230174041
2021-09-13,-0.04071581717586903,-0.05321330790575396,-0.04395938430373125,-0.007691830336202576,-0.05418415422174516
2021-09-14,0.06335810707389555,0.11122312687065494,0.032263769553227295,0.1818886842052596,0.05965338688957811
2021-09-15,0.07663360019727539,0.1039954702243675,0.022466463504191347,0.07342583714065753,0.06778322604463005
2021-09-16,0.04019246097287632,0.01275244887218574,0.052031017375570476,0.07916379016334552,0.008241030803488592
2021-09-17,-0.06131308735428043,-0.06185083727609497,-0.0704328545630909,-0.0954768509630366,-0.06346946300195
2021-09-18,-0.019732556283590608,-0.0301118406828792,-0.0041158449867942926,-0.0414756502078919,-0.01039629551590271
2021-09-19,-0.0195603078922717,-0.029883989817663048,-0.010657447696486577,-0.025134645589059423,-0.01928183796442895
2021-09-20,-0.08368804777585226,-0.10845551994064406,-0.09104087315128762,-0.11250615865575642,-0.0911276243316943
2021-09-21,-0.06703174305022663,-0.06544722797955849,-0.04331292401824449,-0.06711569134137274,-0.0761194450547722
2021-09-22,-0.009657863957642232,-0.0064818828558285135,-0.008313150850826956,-0.01827781698659081,-0.003349761944147711
2021-09-23,0.04751803139584121,0.050904422351770506,0.036697949704590505,0.0915150764445476,0.06636696742462767
2021-09-24,-0.059084247229747255,-0.0525763853642961,-0.07373871366359597,-0.04198002853421079,-0.01926133502732663
2021-09-25,-0.028380049357507153,-0.03467315492663503,-0.026712510455795924,-0.03908690389735392,-0.02768892365679665
2021-09-26,0.11137695981574058,0.01595416739763489,0.04878285211367617,-0.013463215982817522,0.005198610515275703
2021-09-27,0.10492825931415406,0.03617337174163704,-0.011908118484240893,0.020304950482921358,0.05042966547031069
2021-09-28,-0.013546980664144392,-0.07467785136565797,-0.01830778335928951,-0.06433029477248442,-0.06717012630366193
2021-09-29,-0.00758448920526722,-0.003423780093868456,-0.022515921824416196,-0.0154080961682459,-0.018539221448399923
2021-09-30,-0.011811091050939582,0.01820806923473195,0.004575317979989002,-0.005284124949928026,-0.07815719909577445
2021-10-01,0.07448214243025597,0.05774116389629991,0.04513726428781961,0.0547708159907665,0.06568986930173759
2021-10-02,0.0503430037769772,0.0665771078336701,0.0403020779349863,0.061869636276639994,0.04341494110784594
2021-10-03,-0.0024192739106846384,0.01863969575324753,0.02182034770755692,0.018795415752254963,0.00111696729072297
2021-10-04,-0.03247013496068152,-0.03848646833948077,-0.020611085038902188,-0.03918737793436333,-0.05083162747837744
2021-10-05,-0.0019759793552227567,0.0023544074007086913,0.027705844444728456,-0.019062271237467066,-0.025147576065409627
2021-10-06,-0.004892693339727194,0.0025386799033617624,-0.01817888384220978,-0.006637159152315331,-0.015609632704611798
2021-10-07,0.014024613579401102,0.009073712500370368,-0.001449262965711462,-0.004960852418560924,0.01938055006073891
2021-10-08,-0.005991472196925307,0.021069098245448004,0.011245307615849187,0.008581756197554302,0.03681140382228598
2021-10-09,-0.0059999079213907125,-0.014533461502771017,0.00446662862488445,-0.007546867336807095,-0.0012455845802955556
2021-10-10,-0.001537841430852116,-0.024742574804770823,0.02211459473118582,-0.00915248483255171,-0.004057219079311558
2021-10-11,-0.028374324604926504,-0.026125201860124347,-0.03492185246453827,-0.032268114160033834,-0.03902038458065604
2021-10-12,-0.04816722859682088,-0.041173668396971896,-0.02717533601290878,-0.04591991514263172,-0.028209805699668467
2021-10-13,0.032422584563131185,0.0279812488189477,0.004954069074851963,0.0002828054298698035,0.014809809405984753
2021-10-14,0.0540720073246197,0.038765329832241235,0.038909614210117294,0.04781276692500769,0.029990956536417146
2021-10-15,0.027000169826189024,-0.00012953642745328064,0.0048224906530471845,0.014370648813518683,-0.0010202248991992846
2021-10-16,0.026954443600275546,0.022074781484021422,0.021632065848864013,-0.0012300824112979614,0.025036542470512346
2021-10-17,-0.009749194568982267,0.0028729804362435107,-0.006023421662740613,-0.011354933259121736,-0.018358019527632163
2021-10-18,-0.030557929271183393,-0.031066364088880194,-0.030902139421110086,-0.026524769826229977,-0.024678160988257813
2021-10-19,0.006105823985464998,0.0016225333940633746,-0.004678059968770576,-0.0068062022313962744,-0.005241925961968152
2021-10-20,0.017472119159345212,0.02230020526922205,0.010135650001065866,0.02149244138005657,0.031580227892041624
2021-10-21,0.02219535779525561,0.05460297490195787,0.03667122162024583,0.01535335371596025,0.026448888234670953
2021-10-22,-0.022173843575843732,-0.015532802910067423,-0.015962979740951178,-0.014777933022431466,-0.00796731626134417
2021-10-23,-0.007091822939327086,-0.003662543868814927,-0.018348313380329273,0.020436354508102106,-0.024946033769411402
2021-10-24,0.013366637683169369,-0.006415785759670722,-0.016517497196885333,-0.01396968122518727,-0.006159901694478664
2021-10-25,-0.001654482645171984,-0.010496347415953733,-0.010282628343494471,-0.003121431126708041,0.01725789023583646
2021-10-26,0.04866033989711149,0.08222691991012976,0.033059018196213596,0.08842885282401758,0.10447993862338945
2021-10-27,-0.06954939861657294,0.05380986947547606,-0.07071735608269103,-0.051674913659305655,-0.06854991230806895
2021-10-28,-0.03480528870705557,-0.059150356632300505,-0.008662637377406024,-0.03387859583410624,-0.03948213376605192
2021-10-29,0.024624860345283217,0.0084895052859848,0.044334129849739945,0.04936945019172745,0.028241693086013653
2021-10-30,-0.016345971004612103,-0.04620832761677951,-0.004656496569215629,-0.003333092800860582,9.963173859928176e-06
2021-10-31,-0.008775007020166425,-0.02340411612545512,-0.018913842719019414,-0.018881507045314883,0.033355228324387864
2021-11-01,0.022135226211108083,0.010347252127963502,0.02639801940526576,0.03485977656458461,0.05619536041068085
2021-11-02,0.013298093258268251,0.0205847170205693,0.06365875413839395,0.019543312508957467,0.03528664781430213
2021-11-03,0.02764667640085361,-0.012745870743008814,0.20430511178050126,0.06504912572855415,0.02691521081145609
2021-11-04,-0.003148136154910941,0.010559751844916532,-0.02747523120201656,-0.026009675371576613,0.0049803503047136655
2021-11-05,-0.02505387589528929,0.040519548799532235,-0.03389711748506541,-0.03035924583162397,-0.029598688026494235
2021-11-06,-0.016668048176215255,-0.05179548016694413,-0.0010399984838904697,-0.03370972537794592,-0.03755553996711314
2021-11-07,0.0028324429034913834,0.006908541874910634,0.01976826598294079,0.020447031668052285,0.028628803561483895
2021-11-08,0.02046059130351141,0.01765910488137079,0.06346476586447625,0.006568294479876835,-0.008704128575315662
2021-11-09,0.03511072323820286,0.03892324597075425,0.006151544463541825,0.024268207327301505,0.015472110649060511
2021-11-10,-0.00027748311630892974,-0.01713638317506383,-0.02727325589346552,-0.021728552044365634,-0.027504164793295094
2021-11-11,-0.04258766165862071,-0.05680704939703363,-0.037732188986350224,-0.04893502121167925,-0.04841368731558571
2021-11-12,-0.026319550408423042,-0.02125578217671109,-0.028057975435708427,-0.01546407632126956,-0.023451007410922653
2021-11-13,-0.013592095382695457,0.005548083526131675,0.03532717587037082,-0.012890851953969662,0.03736919449130882
2021-11-14,0.0010201085286853928,0.015133640410094795,0.009361384705331988,0.044103153745069346,0.027593518964060815
2021-11-15,-0.0023391108835209007,-0.010536473970463867,0.003537100883944655,-0.01599964672162013,-0.011813780236402782
2021-11-16,-0.09853956394552754,-0.08775961503656693,-0.06567869116542724,-0.08273788403849336,-0.08067336092111854
2021-11-17,-0.021377095995507744,-0.017977817688537012,-0.03463722649810275,-0.02961848540863654,0.0006103283979272955
2021-11-18,-0.023331689329518235,-0.0160322387357833,0.050210432001067895,-0.027416221428473997,-0.033931960742387024
2021-11-19,-0.017242745386192748,-0.00436604663310769,0.0017043655881749942,-0.010328401199776738,-0.013488432528711236
2021-11-20,0.03133775229674085,0.012616984522245467,0.04063825602743387,0.034709274631164355,0.033453209450251764
2021-11-21,0.016717300579904615,-0.02461398305447493,0.007410507789793019,-0.005452399672843833,-0.010833759591473924
2021-11-22,-0.01927131122122694,-0.023144230655825715,-0.04619505768831689,-0.04841643462568024,-0.051660168641734394
2021-11-23,0.0124633748280365,0.025563919071036834,0.024733416539689523,-0.025862429227900385,-0.02137888560937007
2021-11-24,-0.009660514850468482,-0.03557055078236937,0.024799090484651787,-0.010319149757658463,-0.02110236510154162
2021-11-25,-0.010040576934120193,-0.004049661292819917,0.08413918485048733,0.004584404010132825,0.013114217839325537
2021-11-26,-0.05912999021742937,-0.06154827023421661,-0.043209144514301356,-0.05111221957188161,-0.05916172816989962
2021-11-27,-0.008368748822240923,-0.02092762675192228,-0.007236998444920317,0.011127410901136336,0.00956802252843425
2021-11-28,-0.02670665880312406,-0.03869242808929174,-0.049544988379415345,-0.035688972199336644,0.013060198167796466
2021-11-29,0.04431725578538348,0.05096827590462527,0.029079956580349675,0.03609851374972006,0.04591491823961791
2021-11-30,0.02212907602451053,0.06094459894212467,0.006033779020355068,0.005343020089225714,0.0022575621432829873
2021-12-01,0.054934369456191234,0.027691066476927872,-0.007825079100860277,-0.02185398440088626,-0.022410812160758242
2021-12-02,0.023681707290494236,-0.06419937785773644,-0.027910839615122196,-0.04247179182019767,-0.03594796177463111
2021-12-03,-0.030925814550300967,-0.02759719003880079,-0.03260060558744693,0.006653396205489104,-0.0138779263834935
2021-12-04,-0.19003555085737167,-0.16472165114949266,-0.10171638597967758,-0.17085339318125237,-0.15661830224852946
2021-12-05,-0.036752065159725955,-0.011186754030903301,0.0016650928213204352,-0.004903774451577525,-0.03412307352756494
2021-12-06,-0.03064892150083165,-0.0876813687417426,-0.028280717046213266,-0.05350861036927812,-0.029871907321883384
2021-12-07,0.06202830944310711,0.04904886278281939,0.045733197424050465,0.04465871112429731,0.07331941033754408
2021-12-08,0.03255678129517059,-0.0017351896888893048,0.020829971915989676,0.0017660974485296244,-0.027019274252327197
2021-12-09,-0.03478145020486678,0.008726382116621467,-0.027080557937571692,-0.0163456610492122,-0.05593288839490973
2021-12-10,-0.07795592169093402,-0.07615669194909891,-0.045594299781951175,-0.049309552839765236,-0.06438162982209261
2021-12-11,-0.0037074080315575575,-0.004797325985563261,-0.0362426771013572,-0.016020192078259665,-0.01780357579322389
2021-12-12,-0.0015319762141667859,0.030820512061438876,0.013106409925581985,0.007258320166808163,0.029441724624273524
2021-12-13,-0.04441451375437944,-0.056454963384694135,-0.03336319438925739,-0.0647162231294639,-0.04035239287725878
2021-12-14,-0.04047484964675063,-0.030847816986190213,-0.04279666345332167,-0.032651173391075816,-0.027095821898872052
2021-12-15,0.03197830521748557,0.021117430414402172,0.024519894321145985,0.006456843505746157,0.014283275821720842
2021-12-16,0.0022734713009724405,0.050880620317451,0.032139009470101065,0.02759222768887759,0.03998599980701534
2021-12-17,-0.03834281750717572,-0.02858910143278448,-0.028981472484825743,-0.04095639973895637,-0.026223064085423076
2021-12-18,0.07574987829901403,0.13158838712917076,0.05420941088718201,0.05361097565577144,0.09694336814545124
2021-12-19,-0.009925506007510854,-0.03507269206587271,-0.0021358215428952665,0.0034148385676489035,-0.01711642160228899
2021-12-20,-0.055597104339185854,-0.059751470235361315,-0.049786461035576934,-0.04744679416946895,-0.06989487861522348
2021-12-21,0.02227217000409376,0.03810862057356945,0.036413262631558974,0.056987500294843674,0.015984298056044288
2021-12-22,0.043128582944119254,0.10566748164753759,0.026557392057097395,0.034320893661140994,0.053901818808177904
2021-12-23,0.1094473409239074,0.14455417290433847,0.017706662084862934,0.05883196523663958,0.08743782918312726
2021-12-24,0.04187721972657643,0.12196238798889447,0.04532189255631058,0.03925864753395736,0.04231686544746327
2021-12-25,-0.01774410647319513,0.02784645895779425,0.007759480057627721,-0.03387166159015764,0.0038834789866184494
2021-12-26,-0.004344722234104426,-0.013233980260863754,0.016439202509877848,0.027428739235372257,-0.0033594081046305346
2021-12-27,0.10529693682867891,0.0744854813082867,0.01575558453892567,0.07964330322130753,0.04336240565791449
2021-12-28,-0.040675953838214096,-0.02617002680364411,-0.06048939589507274,-0.054293807077318235,-0.0816716680316606
2021-12-29,-0.004678243634165802,-0.09580816867159958,-0.03789099528212192,-0.05960483447905718,-0.05988728597247028
2021-12-30,-0.061021587062689786,-0.012064882116116338,-0.03826430038537121,-0.04493872157523504,-0.03387419268912306
2021-12-31,0.03917702274221191,0.07180017192781474,-0.000247897475563974,0.01667521903567004,0.01226200847743475
2022-01-01,-0.04203250210575504,-0.021306502657255644,-0.0010522755302248,0.03790677154992328,-0.00038629484531471636
2022-01-02,0.019275182164380178,0.004233031450518565,0.015355866767833959,0.05286534035034873,0.026770606890049953
2022-01-03,0.05419002636969128,0.05208601836691984,0.02639548887974419,0.06903716780653046,0.03809300286408934
2022-01-04,-0.0032243655432061535,-0.045079127967960764,-0.012149092391662952,0.06705696732546951,0.04848669016261109
2022-01-05,0.013564300508376759,-0.03535675847968911,0.002758865251826448,-0.0011567038838025123,0.014315103277619645
2022-01-06,-0.1030388033527454,-0.10512621867566463,-0.09327993754332042,-0.12355031883727685,-0.12506921396270398
2022-01-07,-0.04499979082002559,-0.05916542460565166,-0.015686328333662236,-0.09068702464426448,-0.023358665879268603
2022-01-08,-0.022237634300874665,0.03214999607209168,-0.026084162414385936,-0.02791086707800594,-0.01334647772333375
2022-01-09,0.006525362188680717,-0.022223282151583756,-0.008685026651854777,-0.05043764736282952,0.007379211906730854
2022-01-10,-0.0033596431189027998,-0.04290961265073978,-0.020899193581070175,-0.026596461152262996,-0.030332292694094765
2022-01-11,-0.0007150538966029796,0.014817516026914168,-0.012677021445995473,-0.0006751118547140278,-0.009609569612805013
2022-01-12,0.038374581978278366,0.04990850170563266,0.036971151649284106,0.05507766933258473,0.04500255459292757
2022-01-13,-0.016789489564741022,-0.012393840321293315,0.01743472837766946,0.013161313586052659,-0.004755245103282069
2022-01-14,-0.0239676091600044,-0.0007803493871383349,-0.0012408445531768564,-0.036848716405405546,-0.028554490320638837
2022-01-15,0.042446476715939374,0.09127497297687959,0.029298537975335215,0.045423299614998136,0.027438299648543385
2022-01-16,0.05193841413982003,0.011289373844130868,0.004581242927048423,-0.005702152211602196,-0.01769887466545761
2022-01-17,-0.007330896720694979,-0.02443683809455277,-0.030703257937679473,-0.03822277055620693,-0.03766093435126938
2022-01-18,-0.024486643741592706,0.00041600230197746946,-0.03638460914708086,-0.021123793993752416,-0.028549026247134512
2022-01-19,-0.05931743360522035,-0.04885760277852347,-0.017594863303396546,-0.007801708879649705,-0.028788577132558002
2022-01-20,-0.0048179112307567,-0.02826828387369207,-0.013043887827170586,0.0020930834505061835,-0.010648585911173902
2022-01-21,-0.10258086074555839,-0.12902543321945625,-0.08463983252160712,-0.07172127428162411,-0.11048194636744868
2022-01-22,-0.16630584716751473,-0.17293232746197462,0.002335144837707581,-0.15213382626770422,-0.17186016086841105
2022-01-23,-0.022028709630999233,-0.006317607318065188,-0.0008830636694455718,-0.014152566727097415,-0.0017965257075838181
2022-01-24,-0.0785840930571009,-0.04770726070264575,-0.022558742123516162,-0.006781997207303991,-0.048198682805847715
2022-01-25,0.012923040224226412,0.03459755796520825,0.046072034456420274,0.09151815235330729,0.042856216490239296
2022-01-26,0.023381793823116448,0.020617877176284827,-0.053324017469028484,0.09558625817867838,0.041955234791050566
2022-01-27,-0.04284487899918499,-0.05946630789389051,-0.03286862047629002,0.013098590909152552,-0.046270377070092295
2022-01-28,-0.008247049521033167,0.004791719739389189,0.04923236721028146,-0.014454545046703737,-0.01242275966327
2022-01-29,0.06259381092027816,0.049818822628121984,0.05473101063124908,0.0734905189431383,0.010394852655358333
2022-01-30,0.014805553143912187,-0.0032051774852285275,0.026480139174558825,0.08342791719966791,-0.02139931509190829
2022-01-31,-0.012210307290348776,-0.016316913982659442,0.04320382328166761,0.02315041310669108,-0.03452646515906754
2022-02-01,0.03615756489921407,0.09275670889968168,0.06971366223010178,0.010064341399598442,0.07288866018099815
2022-02-02,-0.03434181842143613,-0.02941409096946923,0.013660270068372338,0.02857424190206803,0.0012126819465145822
2022-02-03,-0.05597751194630152,-0.05653886572426425,0.007421756557839609,-0.09014067566539619,-0.041819154218084464
2022-02-04,0.03268097216337451,0.057056168511791405,0.02743434392717692,0.01196217105041364,0.08493631014249536
2022-02-05,0.07167485449856348,0.06725681214249435,-0.007752609446455727,0.11120960270859781,0.050136439995400295
2022-02-06,-0.01166716055953132,0.0038515620851842236,-0.011503180582252637,-0.01160939739814193,0.004572394706885197
2022-02-07,0.058465168476073526,0.05586674398559199,-0.007550964495306345,0.014563866803732894,0.04247152340380844
2022-02-08,0.005838301198302087,0.016846053097866687,0.001708089434142579,-0.02839500117829674,0.00014030281065191552
2022-02-09,0.010759344162794893,0.013401417145140426,-0.010431647959333046,-0.008445987540315114,0.010561122373201615
2022-02-10,-0.020896700392308842,-0.010036958226513404,0.0031333290813999604,-0.004610360584087592,-0.031136118040280047
2022-02-11,-0.054383821160207346,-0.0416310919433287,-0.06182050492941504,-0.06793389110169623,-0.051086837829120935
2022-02-12,-0.049325241844890955,-0.059096424464537,-0.033443556728927404,-0.05622145965941461,-0.04686632316400963
2022-02-13,-0.010746165290935972,-0.017487305968933997,-0.007124497697243881,-0.026411696304488252,0.0008577927884514391
2022-02-14,-0.016845527265986315,-0.02845159626385141,-0.037715738602094206,-0.06055887729316112,-0.02464244951314898
2022-02-15,0.05457491072567411,0.054532935244616665,0.05005500405366181,0.07985078560820713,0.06655960876849476
2022-02-16,0.015147077441704404,0.02263594960470905,0.0398001147953575,0.03004824259131067,0.010399516255285679
2022-02-17,-0.030863427688236134,-0.03722627710327797,-0.022951352566164873,-0.0310534591195033,-0.02755764654167292
2022-02-18,-0.04072950352094351,-0.07981242221010654,-0.04269184905440582,-0.05998877907729849,-0.055436434628196585
2022-02-19,-0.025345019294922944,-0.027234859436919057,-0.03176354433538797,-0.03902177739008328,-0.006861354155383026
2022-02-20,-0.06251253982786076,-0.04621703012053935,-0.040097496150683254,-0.056706777166941724,-0.04948881126307725
2022-02-21,-0.012765721222711357,-0.000882842254925631,-0.022418557996564226,-0.012555628338555946,-0.006835696850465145
2022-02-22,-0.07976368398466138,-0.05468088260127524,-0.032516353326796366,-0.053699261566755974,-0.05713830644810958
2022-02-23,0.04822664585900638,0.04485781335004235,0.05665267275571351,0.04222021070357007,0.05016471928771349
2022-02-24,-0.09408508954129435,-0.1199981929222137,-0.06830528844647576,-0.10020681393853959,-0.10539984518564605
2022-02-25,0.0873979334378685,0.08346193956340486,0.14534887659608486,0.10991960203682694,0.07641045564042348
2022-02-26,0.03013274760047424,0.06132155433406705,0.02316090421888073,-0.004211103704932051,0.03794673802674353
2022-02-27,0.02082890847207719,-0.023267218521876076,-0.04805337492583672,-0.03352972963550449,-0.023653920942868667
2022-02-28,0.056796591671393726,0.0009303593090861373,-0.0292171852630444,0.00011904010388796848,0.0033098838323062374
2022-03-01,0.04822732998804824,0.057324306805346836,0.06728086736679706,0.08049760054535327,0.10395547915860703
2022-03-02,-0.015478077903051002,-0.020708836894803406,0.005510511949876173,-0.02303146025032099,-0.004675134350634269
2022-03-03,-0.038952204372288746,-0.06117410491348041,-0.004254968488783151,-0.04495351403805048,-0.024819294510304735
2022-03-04,-0.06940669010104872,-0.032623755882722705,-0.029604677714048178,-0.044142927418274525,-0.05531248877284156
2022-03-05,-0.021208001317809977,-0.027210688357995227,-0.04709865719404971,-0.004871357242839935,-0.04265687476161917
2022-03-06,-0.023994198829688784,-0.028439004185573213,-0.006781447134077689,0.010140198779499121,-0.021101606652531246
2022-03-07,-0.03900093527231441,-0.029524514452657247,-0.03378559057566777,-0.0386568045023955,-0.042966807863563106
2022-03-08,0.024105819860813726,0.03254168519224132,0.008146747611116334,0.07018569909736128,0.02456209895132888
2022-03-09,0.07024381342705843,0.05127310649925132,0.05191167201109681,0.1762221438071705,0.05495931216851835
2022-03-10,-0.048607800061558626,-0.05129260973332328,-0.01998586760276888,0.011670805140931328,-0.055630635134005346
2022-03-11,-0.009136489897290656,-0.02879232821906541,-0.03416937296748168,-0.045781223387427405,-0.0168746126829159
2022-03-12,-0.00021607346497232172,0.022351788377879656,0.008719580050856823,-0.02920894563801968,0.011251871387436552
2022-03-13,-0.01519244700054101,-0.0069507846035432586,-0.014952324515460358,-0.02770413247291459,-0.010422269525580785
2022-03-14,-0.018069209355246252,-0.013216755489122156,-0.0006910824821506623,-0.03924865982862302,-0.014745505959148808
2022-03-15,0.005792595609278806,0.0020656993832084414,0.02480602584167002,-0.014456205219757545,0.011939551561764405
2022-03-16,0.045459932252046586,0.08223741150543962,0.035765922585555554,0.03398876254228811,0.044451683559994404
2022-03-17,0.041886753835623125,0.1278915449482536,0.09111646378719951,0.08578563249312321,0.06165951117691759
2022-03-18,0.015059612856427096,0.07957857387398404,0.02493443802149331,0.06806298522255139,0.015348526848201649
2022-03-19,0.04211178200960175,0.03341472463305739,-0.0029259226747746503,0.1192009648143233,0.05307757547804037
2022-03-20,-0.026121961532744264,-0.04048973645150078,-0.015847644235172598,-0.007883138746168639,-0.034126685544569546
2022-03-21,-0.00786592503278638,-0.00018197936284125582,-0.012828542326190462,-0.011216227436974369,-0.013347602907237022
2022-03-22,0.05193490893740993,0.019053857070503,0.025033852626125563,0.00013544427755962651,0.01354231820276608
2022-03-23,-0.003136318469488031,-0.023421050290777234,-0.02877111082045647,0.0037228589498299325,-0.01674627477819446
2022-03-24,0.04872534706384912,0.05277092609389422,0.011173120673413806,0.027937287495272356,0.026711432521508316
2022-03-25,0.04534766633818865,0.03600945312979542,0.0005194988575822901,-0.01724581488083443,0.005501988258636459
2022-03-26,-0.02086264503666513,-0.01898829553058845,-0.00709465054877545,-0.015841555066137714,0.005693768286810563
2022-03-27,0.022437412982374116,-0.0017801808480435444,0.003442944672977122,0.016787312754283246,0.03066728376079686
2022-03-28,0.05192938282230908,0.05145302979730304,0.051390483475241,0.06772498918900083,0.05418515124196932
2022-03-29,-0.01075905039473024,0.1230572608132603,0.003541269356864163,0.019185527602002983,0.08312426594275668
2022-03-30,0.01870967383527944,0.17582797175681275,0.028314711571955753,0.09931732828341233,0.09703004304800666
2022-03-31,0.02933139115671146,-0.04005634116134993,-0.0074582722542126945,0.11067363455620627,0.01681508372760665
2022-04-01,-0.02887820154345011,0.06760789935661848,-0.0010945560570554402,0.04880969242561117,-0.03060344779622315
2022-04-02,0.02713652884226203,0.047275878481317424,0.06127783780764218,0.036042904388415176,0.031358467620538066
2022-04-03,0.004325759811151908,-0.0048467416326137824,-0.007759232344444311,-0.03952497917669895,0.03574184151101223
2022-04-04,-0.012297938101928363,-0.023349702857849985,0.019391262649432806,-0.019608918867407565,0.00843526803157113
2022-04-05,-0.011727044007944998,-0.024902708325224454,0.03377977487724615,-0.05655251901397251,-0.01445119953898677
2022-04-06,-0.08113104529346371,-0.10475647618553507,-0.07871834198458394,-0.13012011583900118,-0.09655400914296697
2022-04-07,-0.043458692426364576,-0.027387748188055117,-0.070633274647658,-0.031342971128484054,-0.05687464174952406
2022-04-08,0.006430473967499184,-0.034110052998480134,0.010980114853111678,-0.006088343970441001,0.019563671391679582
2022-04-09,-0.027624283073867772,-0.06387821554530648,-0.009052937738594613,-0.05630617757642542,-0.024570152269706047
2022-04-10,0.017009185548070738,-0.00038134212126783584,0.005828719066946819,0.0008874282749904427,0.0061723489810106
2022-04-11,-0.06600563316701158,-0.08378500589599824,-0.06227596167804772,-0.0941457985824331,-0.08573578843255314
2022-04-12,-0.019452411879508302,-0.01292299203445424,-0.04059686644114646,0.0005997632895557992,-0.0064496005568480674
2022-04-13,0.02966580231263749,0.03396853670687938,0.006889589574053723,0.04795520581464352,0.10170891527166948
2022-04-14,0.0073142431805079955,0.02397438880520464,0.021945132795361033,0.05932470985791549,0.08936566036986537
2022-04-15,0.010975373869062777,-0.003453420836849408,0.01823643215351889,0.027597215830650113,-0.03727286956340914
2022-04-16,0.00048369309351214973,-0.00010308917080725788,-0.02341634760076572,-0.020540581802917957,0.0008205821072961861
2022-04-17,-0.00960615619099181,-0.0008784887049690937,-0.02931330351756456,-0.022782064271428037,0.01686215266972324
2022-04-18,-0.04776623256407453,-0.052903185453584856,-0.04143213437454596,-0.04870527341386999,-0.05256511955601395
2022-04-19,0.02834834278354581,0.057165634967281775,0.03796540634299195,0.10126607040306901,0.01790815973107618
2022-04-20,-0.000660978558451375,0.07744458392788411,-0.0023576316345804704,0.17293723426796892,0.021629447602864893
2022-04-21,-0.004255970108436924,-0.005380095469291302,-0.011392456349633373,0.0016885642768564857,-0.002135371248909723
2022-04-22,-0.04145616851430711,-0.05064279633076396,-0.03167322897929048,-0.11211481455484018,-0.05169152798769183
2022-04-23,0.009055074519517037,-0.0023695439813028463,-0.0001543514377075894,-0.008085673106751345,-0.011983704366538173
2022-04-24,-0.011215927122950942,-0.028905715465121995,0.003142255027794638,0.04861031920907943,-0.02221712304660972
2022-04-25,-0.04925815931629152,-0.05033335237724834,-0.02010750365038716,-0.054254546645138624,-0.033321145186657186
2022-04-26,-0.0018055020471151595,0.03502607230446064,-0.004524141765337442,0.07553477836727684,0.007051449208208771
2022-04-27,-0.031757284951239195,0.0012986241510999363,-0.03934889748250947,-0.047270616230883356,-0.0335531976221175
2022-04-28,-0.0005768118267545086,0.011651350657499338,0.00045626638440032785,-0.017880822669879004,1.8717467896278706e-05
2022-04-29,-0.03225334879146091,-0.05971261015543472,-0.04250425976529493,-0.04239593289971988,-0.039245144252940234
2022-04-30,-0.04497124191110946,-0.026333501047920538,-0.024252650669335907,-0.09528018905929259,-0.046062329823305714
2022-05-01,-0.0859518715599682,-0.07779268667135197,-0.054115731151000435,-0.06516131502483058,-0.08623069244224035
2022-05-02,-0.0016734501580853989,0.007312008925315361,-0.0033204909373529823,0.019400111949979593,0.012256549086124613
2022-05-03,0.004054874566399969,-0.009571096372847587,0.000689790727298023,0.01753093694755825,-0.005528341326391906
2022-05-04,0.04197065177801251,0.029849856643475947,-0.009952177796708206,0.013325670195502903,0.03651785680456032
2022-05-05,0.052938044215271596,0.03063229120754718,0.006057033376942966,0.008211803926955419,0.02391279350933906
2022-05-06,-0.04085352543112497,-0.08793677483004536,-0.0646704917109503,-0.06076052648531083,-0.0669118065684201
2022-05-07,0.01420166824083302,-0.017608780406331515,-0.02652130008164333,0.008260331510575147,-0.01719119716946116
2022-05-08,-0.03999251986908936,-0.04734612813591732,-0.07162000937429258,-0.06494419318950473,-0.02582297888057905
2022-05-09,-0.05554927887425032,-0.10821883280483702,-0.08063151936212609,-0.10967292431495568,-0.08438734523888647
2022-05-10,-0.06377269530388208,-0.05715524913403247,0.05714614923829897,-0.08787328032770103,-0.025768287101717746
2022-05-11,-0.11601535048586997,-0.12570439502099706,0.11481816677221146,-0.1811860769723752,-0.09164973788052877
2022-05-12,-0.1782527484988098,-0.20657537315482455,-0.13769219315815584,-0.1549954903595796,-0.22251215919703304
2022-05-13,0.1280546979723285,0.13368841776240514,0.28708013013216993,0.13232159040235447,0.11507478414776595
2022-05-14,-0.02276035890714201,-0.04406593257499103,0.017284693171410348,-0.04307913552079978,-0.010436057664092835
2022-05-15,0.03238958284329829,0.06083659441389111,0.03821572726505518,0.05941219734323555,0.033884216002267875
2022-05-16,-0.023175313774085993,-0.026868977182736398,-0.013119942178651423,0.024205574450062217,-0.028797539850416998
2022-05-17,0.03302207200203311,0.05566378382563908,0.044221277333129194,-0.008417817387185278,0.016312172567798155
2022-05-18,-0.016731893587696445,-0.01691337856787778,-0.0581047359821083,-0.0441319095694388,-0.024669212553907416
2022-05-19,-0.039352262167574814,-0.02789777054873044,-0.06179282392766772,-0.04659286300713483,-0.043359743511537485
2022-05-20,0.05322213819528332,0.06790420387671436,0.005185173079786942,0.025029313244162132,0.01725982645266222
2022-05-21,-0.007147094775659113,-0.003508427845589579,-0.020551578714558483,-0.022981005468505566,0.006191459490716422
2022-05-22,0.023908254329819467,0.019894679976640184,0.009819799950806507,0.047932704397416925,0.044742131312137
2022-05-23,0.06974318267570867,0.08008326061731719,-0.004036246187938741,0.032500941794506355,0.031048311009082452
2022-05-24,-0.01786243871839155,-0.0033103910045169105,-0.0773924198087591,-0.059024775461458345,-0.04598416712348141
2022-05-25,-0.0027561799693538447,0.02634509922848216,-0.014296300754374824,-0.00662886584248068,-0.015572701238611653
2022-05-26,-0.06082722029011767,-0.013297295008293575,-0.05287384411516094,-0.04317731573444117,-0.08546215282736203
2022-05-27,-0.0813515650706319,-0.06823403749157353,-0.049439461639712134,-0.02576776598330799,-0.07803722788880751
2022-05-28,0.004507581720679665,-0.005645528114549658,0.03193022692253322,0.016947402535940403,-0.007127031619533208
2022-05-29,0.011157280269152414,0.007724390171350182,0.0074232893603241035,0.031581381706586864,-0.0037886966436341263
2022-05-30,0.09871742005203998,0.12077016755399406,0.08602845682433236,0.1713134339783684,0.06356470179426466
2022-05-31,0.05924329780832149,0.10064694334094204,0.023912610062232886,0.07312410721787943,0.0615317051860691
2022-06-01,-0.027811580603862907,-0.03228187279863248,-0.0372793068286682,-0.02918229965308139,-0.0036580678370558006
2022-06-02,-0.059181183070690424,-0.054464234033892445,-0.06064999209069877,-0.0743455778898876,-0.09016450375998686
2022-06-03,-0.01073978985275914,0.012300344169976274,-0.03536643372672854,-0.02468511293336839,-0.017023920353051003
2022-06-04,-0.014138956328713315,-0.02444122082589195,0.0019127427810854414,-0.04645812911791758,-0.00816400828288466
2022-06-05,-0.001386098202041941,0.0013927061904479565,0.008530761537623555,-0.019120662912117004,0.023311081786571597
2022-06-06,0.04578004238130706,0.02164724258056161,0.032285447048365334,0.05251567404358015,0.03237469054258035
2022-06-07,-0.02954334120683244,-0.07717787692313027,-0.0429267508822303,-0.051402858655369865,-0.04506269897962001
2022-06-08,0.002600186229545276,-0.014086208138039735,0.0010041115366978826,0.0265028607570017,-0.00987683143526974
2022-06-09,0.005455126295545565,-0.012839645302027303,-0.009118047308528499,-0.0019209261867250138,-0.01068740712481897
2022-06-10,-0.032970111996228235,-0.051685335905793606,-0.04623863879928092,-0.02657121365394266,-0.04121355679282879
2022-06-11,-0.07170831456000093,-0.09768863315896426,-0.06744524040723565,-0.07575822172954949,-0.0922041769843196
2022-06-12,-0.08275089605736019,-0.11153106739030128,-0.07545419113978868,-0.055449683585352294,-0.10719614028151914
2022-06-13,-0.1300818964815359,-0.16669904304234728,-0.16223454736488918,-0.16299576951488104,-0.15982200556849158
2022-06-14,-0.006752823814566211,-0.022166784169188936,-0.018753851273043187,-0.03510307379812461,-0.03649415580221882
2022-06-15,0.03323804803961394,-0.018593976559368453,-0.02984342057595224,-0.041954685462683106,-0.07589067664254223
2022-06-16,0.06725925817853717,0.02930257535781844,0.02305927243163941,0.04785123119281853,0.002196986702314385
2022-06-17,-0.03719032272397027,-0.04487243820108133,-0.005062914448294209,-0.05393714423393947,-0.0278230787921655
2022-06-18,-0.04684776782703082,-0.09590681588018446,-0.054549114214807015,-0.0868175903413203,-0.05460582797461677
2022-06-19,0.031209617053293615,-0.04330427020720262,0.08430861914703591,0.07713090465402339,-0.011514568199630926
2022-06-20,0.08434526829743993,0.14990046436096982,0.14628775854876475,0.5696779674730816,0.1071825920767715
2022-06-21,0.10906417459592577,0.17146352802699583,0.02521993999005767,0.13681947870192812,0.23064387878520165
2022-06-22,0.06249277416506982,-0.0539014272248699,-0.01833209829007787,0.0641677889171619,-0.028729572419002092
2022-06-23,0.08608970173847297,0.034113901978157335,0.03170164882743953,-0.06317256130946669,0.07809340066474046
2022-06-24,0.03835644600118604,0.028267062867202153,0.08253273060287425,-0.005485196564253059,0.03847153587665719
2022-06-25,-0.012315280195178024,0.0442159446694097,0.030172950441748725,-0.045786008776252385,0.12640123419484706
2022-06-26,0.034735887237458796,-0.013551890162735614,0.010991537798888062,-0.014409505049194027,0.07438217402025615
2022-06-27,-0.013330325263864684,-0.05806649980205991,-0.026757606340173545,-0.08225762921214042,-0.039236714221076885
2022-06-28,-0.06467406972928891,-0.010478039180322973,-0.03480681932470642,-0.07605510663664217,-0.01978231621420168
2022-06-29,-0.04128912083415892,-0.07419402939418396,-0.047154665278633434,0.05797392349093866,-0.03693029830164707
2022-06-30,-0.032943869865333264,-0.07811324629919614,-0.07533406025904676,-0.13035253048424345,-0.04695718575105756
2022-07-01,0.00793185625498749,0.022050690625583513,0.032601678636050346,-0.00018699394763488364,0.03173182863219859
2022-07-02,0.0010108707706242281,-0.003989531984189498,-0.003958831328427226,0.07513575182509191,-0.012513552564107688
2022-07-03,-0.007145647063832916,-0.0002005761626940883,-0.0002404790739338747,0.10570293699804778,0.030478559054135657
2022-07-04,0.017448364457234522,0.042864792398219276,0.01636155698029751,0.020709655765573487,0.00811848804028692
2022-07-05,0.06490437002886473,0.036998432209996546,0.02619008662162514,-0.010738158482900384,-0.020406987880788763
2022-07-06,0.016098643636789367,0.00744478783727609,0.02900392618578529,-0.01378133715586094,-0.022898222355217324
2022-07-07,0.036687257824340236,0.06825032021109312,0.028423123580112897,0.009763573025375338,0.027958774465982605
2022-07-08,0.035159559800450824,0.08288065107807463,-0.012672389832316222,-0.02821738416166908,-0.0019708204990963596
2022-07-09,0.09368291173803511,0.05373421488253172,0.009837281364971195,-0.011463347877171959,0.06595422373235227
2022-07-10,-0.00628625139913408,0.04473163311465078,-0.020735679120484907,-0.032812695103616396,0.07174075144698544
2022-07-11,-0.03662138479415722,-0.03437405483421052,-0.04671956005631328,-0.03660336901427752,-0.028921209167680484
2022-07-12,-0.06104941291301824,-0.09155594534005285,-0.06465787397287603,0.010146709238382234,-0.08190413515986517
2022-07-13,0.00034240501340065954,0.056785105363673205,-0.02588638462353543,-0.016625954946977495,-0.03174690257526058
2022-07-14,0.13793336961419356,0.1311804735333788,0.020355444903509934,0.12528520567066548,0.06561024621225409
2022-07-15,0.08467348835599409,0.11024152691638345,0.06558270760682205,-0.0065285038910430915,0.1304917336354281
2022-07-16,0.010494131964703834,-0.009655510831607206,0.011685171708335496,0.03005270240848068,-0.03284131051349515
2022-07-17,0.01274155096077556,-0.006763362392370187,0.03146845525463804,0.0052259883408571906,0.0057658627252568095
2022-07-18,0.0092378145067884,0.04701870817380027,0.05016779459202869,0.033893667422493445,0.033267179234688804
2022-07-19,0.037825161850510325,0.031901232346124075,0.03817728647764018,0.029153383012778367,0.04189882564476388
2022-07-20,-0.02155170809245599,-0.016189054372898082,-0.013306058219601069,0.044671174817842774,0.005126227773946779
2022-07-21,-0.04457595489330679,-0.0320513635515256,-0.05138659610018104,-0.02256000692891469,-0.0529708427312634
2022-07-22,0.027064991020479434,0.005544110145740078,0.009397372788563008,0.07127083804562684,0.03209231564141213
2022-07-23,-0.036888809192643146,-0.04045506263224563,-0.028492845200643768,-0.04459879801570066,-0.04100571589546287
2022-07-24,0.01760099513203306,0.018232387680593654,0.03371242052012913,0.09925088513114289,-0.0008462794758625769
2022-07-25,0.012845085577855908,-0.05882043306140017,-0.04662875451704607,-0.030405342386519485,-0.05743504264879551
2022-07-26,-0.0742348996303136,-0.0674531224468844,-0.06425979695306394,-0.09366175656409259,-0.07090093928905461
2022-07-27,0.06121260767712533,0.060528349172799256,0.0708478208905261,0.039483956178716806,0.025728832563430837
2022-07-28,0.23950924538129237,0.13198553071881713,0.11239714860273042,0.2862076163508487,0.1163068036119741
2022-07-29,0.041406462994141746,0.025829944466995824,0.06308831674294302,0.025338785417675425,0.034754612412040364
2022-07-30,-0.019061581319713583,-0.015459962710510533,0.02972001965384874,-0.0410999205150413,0.018181158926116936
2022-07-31,0.0010832178162631934,0.03574617078640774,-0.01002931654213235,-0.0420164599454963,0.013390906211530051
2022-08-01,-0.06016095822205325,-0.02658902653267259,-0.03494366414210681,-0.019740230552403815,-0.012020560529732771
2022-08-02,-0.016287693918497714,-0.043901984696883445,-0.0438541384280442,-0.0033129854125441005,-0.04143434215426023
2022-08-03,0.0707294981307911,0.03721549659885581,0.016066236822652513,0.06288758408237949,0.018937356382991766
2022-08-04,0.006239158501718967,-0.0051796666579998485,-0.00813105820805371,-0.019842479354045484,-0.013449597381493206
2022-08-05,0.021989362296681803,0.048709543053640614,0.03356913201753842,0.05074291812720544,0.03630467797480441
2022-08-06,-0.005499406156565745,0.0014121436785625718,0.024102041512887196,0.04657100528507163,0.05464030036625678
2022-08-07,-0.010787789792602642,-0.0026264241985347603,-0.003827133755087808,-0.0029499561606065594,0.02941729068945853
2022-08-08,0.011036967617227056,0.029888190355197297,0.0367963145839989,0.002042381514179903,0.00013416978507807542
2022-08-09,-0.04744492198088013,-0.03657782229738793,-0.04284071961775093,-0.051901723358279805,-0.04103665113692523
2022-08-10,0.027920089880186794,0.03611247443492771,-0.014127214783755004,-0.005493729023140603,0.0021749603288609975
2022-08-11,0.047504559381098765,0.05885424423819874,0.012227761377301638,0.0632409101404936,0.05307893566115651
2022-08-12,-0.016188093246319646,0.0070871352504908725,-0.019972588900639243,-0.029175033495151825,-0.0031740838995814036
2022-08-13,0.0049806185636660505,0.016826670136391275,0.0014451783328108814,0.00840431572969691,0.012935633757656051
2022-08-14,0.00786076953681003,-0.021768867198466157,-0.021369589126067012,-0.02474514260750904,-0.006028752331225795
2022-08-15,-0.05125868006229328,-0.015870566398078267,-0.041327515756383715,-0.046432889540570566,-0.04151443037006053
2022-08-16,-0.036675978412082255,0.0010343256386902144,-0.023709623642533373,-0.023538651243367292,-0.015178730720181166
2022-08-17,-0.015378978111623365,-0.01351380476909636,-0.018875184527569533,-0.016604403286306524,-0.009698037677104754
2022-08-18,-0.030783712467555513,-0.06525455127835567,-0.036449497294862576,-0.03400074907510775,-0.027059053681319445
2022-08-19,-0.10818021029515379,-0.11860413590649288,-0.08430567513870013,-0.15461139937372148,-0.11353228512038804
2022-08-20,-0.011036291182762281,-0.04080557509372984,-0.01948055033490237,-0.04539498315237023,-0.03129207305506798
2022-08-21,0.013026909738474535,0.001557021692241367,-0.005295834773138108,0.0032478674379785577,-0.004148534997660991
2022-08-22,-0.031074108247958865,0.0064200106241600885,-0.012595149829407348,0.03148173033461399,-0.01634646969796638
2022-08-23,0.01929458561496955,0.04125261215960352,0.023580859457406067,0.04110666319255252,0.02018736967734358
2022-08-24,0.0023578009740223838,0.005999014876499009,0.012535296237842664,0.0007462618651030706,0.006705399903567555
2022-08-25,0.0027244905575836142,0.01964927051561549,0.0025460654772193614,-0.012697452779559915,0.007678670955808542
2022-08-26,-0.056335006944546184,-0.014363562549317588,-0.05011362018665333,-0.0001358611177125768,-0.035036627869595716
2022-08-27,-0.09017251884150834,-0.08196044675414615,-0.05855847156046945,-0.08313757461862437,-0.06485926520238916
2022-08-28,-0.014376719798841697,-0.0026369385768191256,-0.0005355620388510784,0.08328623567917814,-0.004138675103082967
2022-08-29,0.008012000638916605,0.003214527584786575,0.006676507972466439,0.04299434687641246,0.007981985296771965
2022-08-30,0.03310574639787811,0.040871079183452785,0.041876670734143806,0.02702264077117089,0.047346703968691894
2022-08-31,0.003587834706190174,0.010861859796360784,-0.012000409695321346,-0.059299121358191265,-0.0216027908297185
2022-09-01,-0.01974006988321586,-0.023057969288992064,-0.0501444351175373,-0.01621146469261192,-0.02759015186857605
2022-09-02,0.03817374318023892,0.03538636446879018,0.006364221971471906,0.01398050167942233,0.011003179487748538
2022-09-03,-0.008738718836343362,-0.0044491438209902645,-0.019853412911285284,-0.022279072020589652,0.0018460485502471702
2022-09-04,0.011043300408721368,0.006304073742849692,0.00047715849975071833,0.00451110434760249,0.026975305103448033
2022-09-05,-0.001563640154277568,0.012930323306779679,-0.0009861376233525343,0.004744512689212277,-0.007738479640724716
2022-09-06,-0.005593330201151603,0.012654979731784533,-0.002955540575824589,-0.010704225352095142,0.01261447206420585
2022-09-07,-0.06593353712220307,-0.06268761939855061,-0.02468803344255277,-0.030650100662562463,-0.052325336661169564
2022-09-08,0.031037668357805304,0.04218472867482581,0.013885379655785401,0.024710829422856406,0.0668915289857126
2022-09-09,0.05739256638051682,0.034429572136434716,0.037517195943328696,0.032605230729711776,0.03719321271024123
2022-09-10,0.014610597086268662,0.007314505400314308,0.008001888591189443,0.001935180662947955,0.04953609616268073
2022-09-11,-0.00047633715779493713,0.0008313812606479676,-0.002439594681203805,-0.007091154910924269,0.041900490043678795
2022-09-12,0.01816238976806006,0.0034838395666949573,-0.02081765503085664,-0.012125310311628112,-0.012806708117535925
2022-09-13,-0.03950139846829337,-0.04051390457029058,-0.03849186475151378,-0.03256303505959823,-0.0017938198649697368
2022-09-14,-0.043933933413609516,-0.047941438046413376,-0.028392923944095982,-0.05245252570286185,-0.01255966493369498
2022-09-15,-0.018585011020970765,-0.03805508379175859,-0.023529347280959567,-0.026528576908320223,0.042685097241443426
2022-09-16,-0.03032013240172582,-0.023481440677792675,-0.026681843980598585,-0.02022980172115396,-0.018369200162587584
2022-09-17,0.01630240078649381,0.018340274614462526,0.01752341610146102,0.02723238822977536,-0.01842623088927009
2022-09-18,-0.01093713402351204,-0.019298509980013923,-0.013431305601834587,-0.012510048756055991,-0.02587062173071708
2022-09-19,-0.08219375968721288,-0.06040043051284072,-0.06405978721699646,-0.06798929002823817,-0.037066221344244754
2022-09-20,0.008145782938228319,0.020020013825141403,-0.00866717925146454,0.009296231594702942,0.050799354721344114
2022-09-21,-0.004280564445839685,-0.006424723210803895,-0.013596664073183273,-0.04993621696347039,0.017329410136633028
2022-09-22,0.050349957717186644,-0.0007422111545341004,0.02366565201906856,0.018886674040738294,0.05299827186885908
2022-09-23,0.02965234298048247,0.011939660875518454,0.05155654008445665,0.02964517514833509,0.07458052807432147
2022-09-24,0.012604797357116393,0.008124676210661708,0.034646781530259796,0.011079129794942855,0.011937942420388703
2022-09-25,-0.01367895300149169,-0.011270951000954543,0.01993763904667878,-0.0342589313845485,0.00036073418918225464
2022-09-26,-0.01440408540126037,-0.010479826712236462,0.004394749985402013,-0.04188945733389815,0.005844499680978554
2022-09-27,0.11487776905897751,0.045239341416611456,0.07211445189313914,0.019394012445190567,0.007352912726491079
2022-09-28,-0.018413464297590387,-0.03325290875308584,-0.046802294000275135,-0.010071210880581938,-0.03874294965187797
2022-09-29,0.010275740647589515,0.009128294720788688,0.02109834808591149,0.03137504329857399,0.006929566569298995
2022-09-30,0.0044899701796976554,-0.00040793133508165713,0.04066877876725594,-0.003364303065223506,0.0074431041535709674
2022-10-01,0.018754667469630393,-0.018565902062716355,0.00032947864973564833,-0.013371912302559963,0.004348597239763441
2022-10-02,-0.03042838972923867,-0.008498207643331313,-0.006334645097719971,-0.03091636093819372,-0.03157604929661095
2022-10-03,0.02287306571054204,0.003724305263211658,0.051251957131627446,-0.008161008246104995,-0.008843188481631237
2022-10-04,0.03802136960421176,0.04166684138192789,0.06699811566963065,0.02354184536210857,0.009254213496921793
2022-10-05,-0.006381699644491978,0.002381181341106986,-0.0026478927890414283,-0.0005267489712026396,-0.010064409444378475
2022-10-06,0.036026299950031815,0.014064045554682103,0.0013403290704356863,-0.006117700606984577,0.0026433969526211687
2022-10-07,-0.00039771680347922,-0.026716344341734977,0.008064815727088392,-0.016938530788816242,-0.008352825201091263
2022-10-08,-0.033448700308422064,-0.017814849047035675,0.026456425687048535,-0.008943129298405572,0.0023043148083212728
2022-10-09,-0.013130922593194039,-0.0032691327256304525,0.013522078115826064,-0.0010328853373906544,-0.0004427319846330713
2022-10-10,-0.019680728050727847,-0.0038143519494677758,0.06157658030997859,-0.010568612397489074,-0.0070273777883365085
2022-10-11,-0.03401807546885871,-0.0325494717313336,0.028213440203952667,-0.06189576306718847,-0.040634590393086034
2022-10-12,-0.0211798160022324,-0.006487049476378126,-0.013941499798467483,-0.001140627345038836,-0.009867140291375143
2022-10-13,-0.044070725386194165,-0.04329888115465497,-0.02867347656203234,-0.026356609854099933,-0.03420699359036106
