Date,UNI_price,AAVE_price,MKR_price,SNX_price,COMP_price
2020-09-10,,,540.1128492008339,5.372491313412087,178.51113968033386
2020-09-11,,,525.9126180555536,5.717263888888861,171.72795833333296
2020-09-12,,,518.839020833332,5.8734097222222434,174.16932638888872
2020-09-13,,,502.8363680555557,5.637194444444397,173.29332638888857
2020-09-14,,,494.94096527777714,5.381208333333321,165.9296180555553
2020-09-15,,,480.04845833333343,4.976635416666668,162.3687152777776
2020-09-16,,,465.54611111111234,4.5128888888889565,152.11368055555624
2020-09-17,3.2426086956521765,,483.5189375000001,4.666187500000008,153.70096527777864
2020-09-18,5.491076388888898,,496.5048333333325,4.53243402777772,159.81295138888885
2020-09-19,6.531111111111113,,512.6463263888882,4.381840277777775,153.1396041666665
2020-09-20,5.363472222222226,,492.0329513888891,4.317333333333366,148.5556875000003
2020-09-21,4.759340277777794,,466.4995416666662,3.819788194444473,136.50185416666687
2020-09-22,4.119756944444442,,457.662381944445,3.987284722222235,137.11368750000054
2020-09-23,4.409736111111104,,455.5822430555567,4.05370486111114,138.65008333333327
2020-09-24,4.898534722222215,,461.90901388888886,4.135375000000066,135.8336458333331
2020-09-25,5.113298611111131,,494.6474583333346,4.64554513888888,137.8486458333335
2020-09-26,4.854541666666646,,513.0674583333345,5.051767361111039,142.53217361111132
2020-09-27,4.8650138888889085,,505.4575486111117,5.072020833333302,140.0586111111118
2020-09-28,4.580902777777821,,520.9491249999993,5.144215277777775,136.81536111111058
2020-09-29,4.253250000000014,,518.9507291666667,4.888954861111051,131.80731944444435
2020-09-30,4.13293055555557,,533.5687708333334,4.692868055555558,133.4499791666668
2020-10-01,4.250569444444429,,580.2935624999998,4.7499722222222,133.96819444444438
2020-10-02,3.9400625000000047,,553.0695694444441,4.345333333333381,122.7937847222224
2020-10-03,3.914187499999996,,572.3117500000004,4.442513888888841,123.2313125
2020-10-04,3.7730416666667206,,560.8755972222225,4.418906250000032,120.45502083333324
2020-10-05,3.513722222222253,,557.6911805555544,4.299541666666654,122.28167361111127
2020-10-06,3.0384097222222106,,538.8575763888863,3.851847222222314,112.14290972222229
2020-10-07,2.72047916666667,,518.9507430555543,3.70435069444448,105.97448611111106
2020-10-08,3.0123680555555565,,519.131534722225,3.856427083333336,108.06432638888889
2020-10-09,3.3558541666666724,,547.6375694444433,4.051836805555482,110.58249999999958
2020-10-10,3.408423611111105,,589.6428819444432,4.336534722222235,116.2644930555558
2020-10-11,3.319993055555569,,588.179118055556,4.175777777777772,114.0054583333338
2020-10-12,3.429347222222221,,586.6524444444449,4.28569444444443,116.17411111111112
2020-10-13,3.403256944444414,51.13655172413805,581.7731736111133,4.537298611111141,115.62870833333332
2020-10-14,3.256041666666663,52.657986111111214,578.3524722222243,4.451809027777899,111.03114583333296
2020-10-15,3.056166666666663,47.81548611111123,564.5978541666648,4.150760416666645,107.24787499999968
2020-10-16,3.139777777777756,41.63878472222203,548.2520763888908,3.987229166666739,103.69946527777756
2020-10-17,3.0474236111111463,41.18576388888881,552.8228958333333,3.938791666666552,103.8072569444449
2020-10-18,3.1496736111111527,40.33965277777777,564.4625625000006,3.945746527777819,105.4480833333334
2020-10-19,3.1995555555555213,38.86826388888869,573.3966805555574,3.849402777777732,103.59226388888924
2020-10-20,2.999312500000031,34.36815972222223,563.7317847222216,3.5675486111111128,96.50644444444426
2020-10-21,2.9774791666666367,34.59802083333336,563.7187708333307,3.615326388888878,96.74997916666676
2020-10-22,3.026909722222206,36.21538194444451,588.428555555555,3.776527777777704,99.03480555555556
2020-10-23,3.0250486111111363,39.875208333333255,594.6706180555558,3.8158611111111487,103.5826180555556
2020-10-24,3.0090069444444856,40.6410763888889,596.7230763888881,3.806038194444515,105.02404166666705
2020-10-25,2.8997361111111,39.26159722222221,591.1621180555577,3.650562499999965,103.95147916666662
2020-10-26,2.7545208333333586,37.632736111111,587.9149722222207,3.624656250000017,101.46542361111104
2020-10-27,2.8148263888888985,36.28709027777791,581.641083333332,3.549802083333325,108.48552777777738
2020-10-28,2.708159722222239,33.55438194444452,560.9437638888895,3.5031597222221933,113.01609027777788
2020-10-29,2.617798611111062,30.743069444444423,539.1302777777786,3.529701388888918,101.74897916666644
2020-10-30,2.3669583333333226,30.190076388888823,524.2411874999997,3.0997847222222394,92.94277777777788
2020-10-31,2.347777777777757,30.636777777777816,524.3472499999976,3.0667916666666826,92.0467430555557
2020-11-01,2.289090277777783,29.3856666666666,529.9902847222234,2.8612638888888884,91.69622222222216
2020-11-02,2.317270833333327,31.087680555555604,538.3246944444462,2.7531979166666667,93.25952777777786
2020-11-03,2.1396319444444805,28.329506944444518,519.22279861111,2.525868055555631,85.92214583333373
2020-11-04,2.0460833333333124,27.730333333333437,514.240479166667,2.5576805555555904,86.11040972222192
2020-11-05,2.022909722222197,28.568041666666776,532.4655000000015,2.809416666666663,88.49288888888871
2020-11-06,2.465256944444443,36.05783333333333,533.1036041666656,3.364003472222223,94.67080555555532
2020-11-07,2.7328888888888985,42.816312499999896,536.5370416666668,3.801875000000018,101.01031250000008
2020-11-08,2.675944444444474,48.54777083333326,525.3239722222249,4.075451388888903,96.30059027777796
2020-11-09,2.713083333333325,54.10558333333344,527.5868819444456,4.22764583333332,96.61485416666652
2020-11-10,2.894166666666661,61.67365972222227,535.7250208333329,4.510506944444432,100.17236111111092
2020-11-11,3.077076388888885,59.361562500000126,550.8312916666663,4.452795138888804,108.0462569444444
2020-11-12,2.9935694444444687,55.17479861111087,538.1073958333311,3.9308055555555206,103.76240972222216
2020-11-13,3.363854166666668,60.58908333333325,542.0473472222225,4.129222222222188,106.97215972222244
2020-11-14,3.731666666666664,62.57802777777809,534.7453611111097,4.118145833333346,114.34336111111082
2020-11-15,3.998965277777761,66.54921527777782,521.3070833333353,4.258687500000002,122.54886111111138
2020-11-16,3.735576388888904,67.8412222222223,518.2078194444437,4.294506944444469,120.47138194444469
2020-11-17,3.675215277777775,73.73117361111129,518.8821319444435,4.728652777777792,123.08252777777795
2020-11-18,3.529409722222253,74.3103680555556,515.9277222222242,4.804902777777787,114.78613888888876
2020-11-19,3.546513888888879,74.98867361111076,511.9887152777784,4.842638888888825,114.81848611111104
2020-11-20,3.883902777777765,77.94028472222239,515.4814722222225,5.216309027777832,118.59940972222226
2020-11-21,3.764361111111076,73.75504861111112,535.3946458333324,5.231920138888889,120.63691666666676
2020-11-22,3.697465277777788,69.19061111111114,546.9560972222231,4.978534722222233,120.42995833333356
2020-11-23,3.856631944444433,70.21031944444475,581.6360138888878,5.2587708333333065,122.76263888888884
2020-11-24,4.1555625,69.91043749999987,602.1498055555539,5.384111111111138,127.91966666666656
2020-11-25,3.962965277777786,64.92172916666647,594.2454375,5.012138888888907,129.6352569444443
2020-11-26,3.359083333333328,59.15272916666663,524.4461944444437,4.125201388888916,108.554645833333
2020-11-27,3.345354166666678,62.243624999999874,521.2520694444449,4.16913194444447,104.80780555555508
2020-11-28,3.378680555555595,62.1692291666668,520.5888333333311,4.190805555555583,106.19597916666652
2020-11-29,3.453826388888888,65.47786805555558,534.5387152777794,4.287680555555539,108.72374305555576
2020-11-30,3.6705416666666912,75.05730555555587,556.5651458333313,4.751975694444498,111.81331249999982
2020-12-01,3.706916666666652,75.53450694444426,547.5033124999995,4.89087152777774,110.08490277777776
2020-12-02,3.80911111111109,83.09186111111114,549.0392430555548,5.207690972222255,109.04453472222166
2020-12-03,3.914097222222212,87.3078611111108,577.53979861111,5.163468749999973,127.22531944444457
2020-12-04,3.738416666666667,87.45474305555575,559.3240416666662,5.131395833333308,137.44138888888878
2020-12-05,3.6009652777777883,86.874486111111,526.765000000002,5.13245486111116,133.81795138888887
2020-12-06,3.628423611111102,87.90356944444437,521.8473680555554,5.153375000000037,136.92774305555568
2020-12-07,3.681104166666659,91.15308333333353,519.6579375000007,5.159972222222119,140.70893749999962
2020-12-08,3.5571597222222118,86.31768749999983,510.7453263888887,5.118180555555581,161.7282569444445
2020-12-09,3.303805555555545,81.58246527777806,492.6945208333347,4.71386111111111,158.57548611111127
2020-12-10,3.2642500000000143,79.34414583333312,510.4794027777802,4.65525694444444,155.60352083333325
2020-12-11,2.995944444444439,74.04414583333319,509.0658958333353,4.325847222222249,143.9618888888891
2020-12-12,3.1097013888888707,78.2198888888888,514.9715486111086,4.478204861111039,148.15622222222305
2020-12-13,3.2427291666666465,81.04594444444461,523.4138263888871,4.601635416666704,147.56163888888852
2020-12-14,3.3078194444444926,82.9715347222223,531.3772500000031,4.869444444444388,151.0823611111115
2020-12-15,3.411041666666672,86.83871527777785,536.7881527777778,5.373586805555543,151.02686805555592
2020-12-16,3.383750000000036,84.70285416666648,525.6819861111106,5.183250000000048,153.24453472222288
2020-12-17,3.715270833333363,85.83928472222233,542.8084930555545,5.283156249999983,160.48129166666644
2020-12-18,3.703277777777787,84.92322916666652,549.561791666666,5.785368055555543,159.43088194444428
2020-12-19,4.0477499999999855,91.99943055555528,574.2188125000018,6.271295138888847,159.9824513888894
2020-12-20,3.9024583333333087,87.17029166666673,560.1646458333354,6.13669444444435,156.41456250000007
2020-12-21,3.655423611111108,82.72143055555554,534.0635902777782,6.047111111111148,147.476847222223
2020-12-22,3.550437499999982,81.41668749999981,535.3247500000007,6.433875000000003,143.80638888888933
2020-12-23,3.5420555555555557,78.1800972222221,529.1377569444451,7.587267361111161,137.66857638888916
2020-12-24,3.334305555555581,76.23801388888899,513.0103541666665,7.076510416666612,131.57709027777773
2020-12-25,3.483493055555554,78.38042361111086,534.3192708333331,7.36225694444438,137.44196527777794
2020-12-26,3.482972222222211,76.99808333333317,534.6143263888857,8.069708333333367,132.1469652777779
2020-12-27,3.540041666666643,76.76811805555515,555.2473124999991,8.04396875000003,132.86218055555523
2020-12-28,3.78183333333332,82.30431944444443,585.0581736111114,8.084729166666724,136.98015277777773
2020-12-29,3.62097916666666,78.12656944444446,566.4679791666656,7.752559027777773,136.40290277777777
2020-12-30,3.864111111111079,81.80546527777801,566.4659166666679,7.495538194444318,149.75249305555616
2020-12-31,4.589236111111145,83.31360416666682,571.4744236111114,7.420434027777748,149.11323611111078
2021-01-01,4.95305555555555,87.71398611111104,589.8866458333349,7.834704861111152,145.88177777777776
2021-01-02,4.7596458333333365,86.16277083333348,592.7606319444444,8.280694444444519,142.89924305555502
2021-01-03,5.039263888888905,87.28484722222223,659.8172291666676,8.580090277777742,142.71472916666673
2021-01-04,5.484958333333339,102.63174999999978,682.4146458333356,9.990611111111113,149.06105555555544
2021-01-05,5.879590277777781,114.14518749999984,707.3895277777773,12.026913194444372,157.41527777777776
2021-01-06,6.267076388888879,115.81820138888892,879.5314791666691,12.496989583333423,170.18406944444453
2021-01-07,6.32472916666668,118.37857638888886,1086.2991527777767,12.216114583333226,179.05685416666708
2021-01-08,6.004666666666672,111.50547222222184,1056.626090277775,11.766274305555488,167.2961597222218
2021-01-09,6.087326388888878,113.5980486111112,1220.953930555556,12.055131944444526,173.3947013888888
2021-01-10,6.195034722222236,125.04209722222234,1700.8269305555602,13.671562499999956,193.2595833333334
2021-01-11,5.235215277777762,111.06918749999988,1299.468687500001,12.366652777777787,166.61351388888815
2021-01-12,5.411041666666678,121.93430555555577,1474.4752430555536,14.181250000000018,187.21361111111145
2021-01-13,5.8219097222222285,136.3263888888889,1475.9531597222276,15.228333333333303,203.17041666666688
2021-01-14,6.517249999999984,145.27555555555543,1546.4080069444487,15.104232638888854,213.1167361111112
2021-01-15,7.0579652777777575,154.30081944444473,1522.413604166664,14.599513888888916,204.5528680555556
2021-01-16,7.918618055555565,186.2655555555557,1526.297548611109,16.056486111111102,211.86077777777743
2021-01-17,8.598256944444417,189.40578472222197,1462.9412013888882,15.493826388888984,213.53916666666643
2021-01-18,9.0534236111111,188.83393750000045,1423.2003749999965,15.267913194444365,224.62659722222156
2021-01-19,9.104944444444458,200.0649236111113,1452.376298611109,15.889100694444387,225.5889305555553
2021-01-20,8.422000000000015,187.519652777778,1367.386069444444,14.976878472222351,210.39415972222207
2021-01-21,8.191284722222228,176.25171527777755,1283.0670000000014,13.950145833333396,192.16338888888896
2021-01-22,8.3375347222222,184.1170694444447,1277.8789513888887,13.718100694444304,196.7423402777773
2021-01-23,9.07152083333333,202.55118749999968,1402.7314861111113,14.723833333333268,206.28398611111103
2021-01-24,10.517076388888896,244.18711805555512,1424.0992152777849,16.39307638888888,222.79181944444403
2021-01-25,11.80178472222218,258.0546319444455,1439.1769861111102,16.807465277777847,237.4183402777774
2021-01-26,12.795777777777827,262.6355486111123,1381.7425694444423,15.94913541666667,222.3228541666664
2021-01-27,14.094937499999956,275.265243055558,1368.510034722223,16.08351388888892,225.67513888888848
2021-01-28,14.47832638888895,288.56686111111094,1390.73461111111,16.378215277777702,240.53898611111148
2021-01-29,14.791826388888849,289.7131388888891,1394.8947291666675,16.512385416666614,251.9767777777771
2021-01-30,16.492652777777778,298.0976805555556,1455.7049375,17.173572916666597,312.74175694444455
2021-01-31,18.707458333333356,303.5796249999995,1492.4235277777757,18.20962847222224,322.111166666666
2021-02-01,18.4748125,294.48852777777694,1464.9931527777749,17.23642013888883,351.5454791666674
2021-02-02,18.997923611111084,293.087520833333,1604.813777777776,16.834972222222113,348.101173611112
2021-02-03,19.53958333333331,325.94220138889006,1690.7397916666716,17.228739583333315,355.3168055555544
2021-02-04,20.601868055555528,442.7742777777779,1810.323090277777,18.56962500000016,427.91281944444506
2021-02-05,20.62743055555556,499.8809444444439,2512.851368055564,21.421083333333296,496.4010416666665
2021-02-06,19.872006944444472,472.51985416666776,2562.1686875,20.883281250000028,470.6410208333325
2021-02-07,18.39745138888887,444.6195624999992,2447.348513888891,19.655003472222177,439.16370833333576
2021-02-08,19.07064583333335,495.54849305555865,2557.528902777773,20.920746527777784,467.8625763888873
2021-02-09,19.253791666666626,489.972472222221,2516.4594444444515,22.24498958333332,462.60247222221983
2021-02-10,20.718277777777857,527.0607152777791,2541.3757083333307,25.487333333333435,487.1642777777786
2021-02-11,20.642923611111147,524.0478541666662,2520.4959236111044,25.673802083333232,484.8591250000015
2021-02-12,22.46269444444441,519.1139999999979,2634.050215277774,26.431263888889006,525.8991527777779
2021-02-13,22.23737500000001,509.2115902777784,2656.7969305555544,26.537680555555845,528.0069791666679
2021-02-14,21.59427777777785,484.0280694444424,2563.602118055566,25.817010416666463,492.0253125000012
2021-02-15,20.172868055555607,462.73403472222304,2450.571548611115,24.74529513888871,462.57905555555584
2021-02-16,20.558138888888955,448.7072152777774,2503.191340277778,24.674756944444603,467.99402083333337
2021-02-17,20.425159722222173,432.2547847222237,2499.97947222221,23.521986111111115,445.1954444444439
2021-02-18,21.33913194444444,459.6994444444434,2620.8725486111057,23.71740277777802,464.1248958333334
2021-02-19,20.436944444444453,430.46773611111087,2561.902840277781,22.521621527777715,460.017631944446
2021-02-20,26.33280555555561,459.282777777778,2720.500548611117,24.1385729166667,474.45625000000064
2021-02-21,29.8641736111111,440.5711666666669,2648.322312500002,23.05219097222221,457.85967361111096
2021-02-22,27.164750000000108,417.2213125000009,2433.212298611116,21.177479166666732,435.47047222222216
2021-02-23,23.23793750000013,345.5292500000006,2090.285159722227,17.770211805555736,375.7500069444444
2021-02-24,25.778513888888888,381.8845138888885,2307.526062499994,19.598937499999856,430.9124375000004
2021-02-25,25.056937500000043,368.2462430555564,2217.617493055557,20.32938194444458,437.61361111111177
2021-02-26,22.989659722222232,330.3939652777774,2009.0214652777772,18.392999999999954,397.63729166666616
2021-02-27,23.830430555555477,339.01559722222123,2017.2324236111133,19.27533333333341,415.8974097222211
2021-02-28,21.914083333333327,324.2018749999986,1907.546715277774,17.65547916666668,378.0020694444444
2021-03-01,23.636833333333243,374.0371805555552,2170.0229652777803,19.78734027777781,442.652194444444
2021-03-02,25.9374652777777,390.2458055555556,2186.5949722222263,21.99901041666677,504.7344305555536
2021-03-03,26.23897916666667,403.05043749999896,2263.1028472222224,23.213809027777604,503.3783055555557
2021-03-04,27.734798611111103,387.7215694444452,2153.5745416666714,22.5904375000001,479.92224999999536
2021-03-05,27.368986111110967,358.2186250000003,2094.259506944446,20.6308506944444,457.7971597222241
2021-03-06,28.182347222222223,369.188347222222,2148.9636180555526,20.829041666666598,488.44628472222274
2021-03-07,31.170131944444456,401.31865277777774,2202.9607777777724,21.27512500000006,484.1183958333339
2021-03-08,33.27425694444449,409.8711180555559,2149.2068194444464,21.213357638888947,472.86683333333326
2021-03-09,33.13497916666677,430.37472916666655,2206.5152916666784,22.00342708333344,484.3200486111128
2021-03-10,31.71077083333337,427.2255486111097,2235.1165972222084,22.351388888889044,478.511916666664
2021-03-11,30.700381944444427,404.761305555554,2194.726465277774,21.35936111111117,467.8951736111109
2021-03-12,30.709208333333383,383.71593055555513,2187.818069444442,19.80105902777787,450.5482361111116
2021-03-13,32.16343055555555,392.4104027777781,2155.3033541666737,20.026687499999863,446.0950972222222
2021-03-14,32.11597222222219,391.3478055555553,2134.032798611106,19.780965277777835,448.2323194444444
2021-03-15,30.340888888888923,374.2004375000007,2024.5363680555536,19.081479166666725,434.430444444444
2021-03-16,29.090333333333344,366.2706041666669,2037.273097222219,18.63660763888889,431.3801805555564
2021-03-17,30.465902777777977,368.7730694444441,2088.718708333344,18.5023298611111,428.2518333333338
2021-03-18,30.634694444444424,371.7413680555558,2129.670083333336,19.072190972221996,436.4148472222236
2021-03-19,31.40913194444448,370.1060625000012,2096.2131666666687,19.222975694444504,434.6259930555569
2021-03-20,33.29072222222244,383.4336597222217,2155.713402777779,20.800767361111014,430.72340277777647
2021-03-21,32.37277083333341,368.2902222222236,2111.097666666671,19.68514930555554,412.5143888888855
2021-03-22,33.37551388888902,361.91632638888825,2055.012791666664,19.34688888888888,398.48068055555655
2021-03-23,33.159312500000034,337.9474375000011,1962.2485624999947,17.879208333333366,381.436881944445
2021-03-24,30.351048611111143,335.2336388888884,1989.472180555554,17.39928124999999,369.8022499999997
2021-03-25,26.97860416666665,316.550270833334,1873.601722222217,16.148673611111114,349.50756250000063
2021-03-26,27.80961805555557,347.6375486111109,1943.9937361111197,17.08530555555555,371.6610972222224
2021-03-27,28.511819444444274,348.8344374999996,2046.8121944444456,17.234517361111294,363.2608749999984
2021-03-28,28.116020833333423,346.1828611111099,2070.909409722221,16.893052083333185,364.4725833333338
2021-03-29,28.581916666666597,355.46823611111023,2080.581118055556,17.062923611111067,379.0713680555551
2021-03-30,28.689006944444383,368.5436249999997,2108.74277083334,17.65356597222215,410.0155694444449
2021-03-31,28.066826388888785,380.0932638888893,2084.6314513888874,17.30202430555549,394.46610416666624
2021-04-01,29.098680555555728,383.8294652777772,2262.0948055555573,18.45612847222214,443.513368055557
2021-04-02,29.304833333333463,398.5243541666672,2441.8914930555475,20.358805555555577,461.1998263888884
2021-04-03,31.05968750000009,405.248222222221,2398.547236111106,20.30084375000017,485.2631597222231
2021-04-04,30.36529861111109,395.41738194444486,2281.7055069444477,20.402888888888928,529.6709861111118
2021-04-05,30.639000000000063,398.4917986111122,2298.7129166666587,20.50837499999997,519.2077638888884
2021-04-06,31.89548611111115,405.94542361111,2315.576666666655,22.213979166666626,507.013569444443
2021-04-07,29.621486111111054,365.0580972222225,2186.039736111106,20.42892708333313,467.5980902777783
2021-04-08,29.51857638888883,360.484152777777,2159.544590277772,19.733111111111096,460.8098611111119
2021-04-09,30.053736111111085,366.81238194444455,2213.924743055559,19.925375000000148,457.31331944444577
2021-04-10,29.966333333333328,368.4592430555554,2267.81048611111,19.489076388888947,451.1565694444445
2021-04-11,29.89670138888889,368.36117361111246,2236.952819444445,18.909381944444288,450.0411944444433
2021-04-12,33.52014583333335,383.83818750000006,2417.860986111109,19.19888888888884,451.4751041666664
2021-04-13,35.422666666666665,399.7410416666671,2545.9870763888907,19.573253472222184,466.2752013888904
2021-04-14,35.43513194444443,403.8499444444455,2605.524756944436,19.537736111111155,478.15624999999926
2021-04-15,37.9018680555555,452.5657152777807,3264.808486111108,21.084524305555632,535.2557361111118
2021-04-16,37.24648611111096,453.5810486111104,3504.5184097222154,21.80500347222218,583.9842500000015
2021-04-17,37.022076388888784,451.4796041666664,3517.6023194444574,21.68141666666661,575.180965277779
2021-04-18,31.73964583333333,384.5039861111111,3143.5392708333343,18.042336805555557,486.2419861111111
2021-04-19,32.12863888888901,378.3809999999999,3553.3798888889014,17.335270833333414,488.1393402777777
2021-04-20,30.61523611111115,352.97201388888715,3414.842083333332,16.114656250000078,466.59471527777714
2021-04-21,33.12109027777777,364.6070833333324,3736.660256944452,16.574635416666627,485.721368055556
2021-04-22,36.24841666666676,381.1043680555555,4446.374027777782,16.439180555555478,551.4459097222222
2021-04-23,32.22376388888879,336.26789583333414,3899.3506111110937,14.289663194444536,546.3473124999988
2021-04-24,31.41461805555556,330.4002361111115,3889.745694444454,14.296697916666588,579.0085138888878
2021-04-25,32.290888888888816,333.2514722222213,3908.65071527778,14.018201388888832,560.1992013888878
2021-04-26,36.016513888888994,393.1670416666667,4002.8861597222126,15.564152777777847,624.3048888888876
2021-04-27,39.27061805555548,422.3233541666644,4390.324208333341,16.633746527777674,660.3825694444455
2021-04-28,41.17145833333328,459.407291666668,4412.402055555553,16.817100694444292,645.6927986111103
2021-04-29,41.9797361111112,447.7357083333312,4271.495520833344,17.215343750000034,653.9621111111111
2021-04-30,40.501125000000044,440.0869791666638,4239.892041666678,17.92831249999998,686.9420625000001
2021-05-01,40.24912499999993,473.7017083333348,4663.141763888887,18.185756944444623,780.3497152777775
2021-05-02,41.29980555555549,489.0089861111119,4866.335583333342,17.54980902777777,827.3067430555541
2021-05-03,43.48954166666677,513.9706111111116,5577.625152777785,18.3673819444444,815.1724027777786
2021-05-04,42.21375000000002,480.5942152777768,5589.366284722226,17.548253472222175,792.8738472222203
2021-05-05,43.32464583333326,466.5825694444441,5352.570597222233,17.327086805555606,768.2848333333321
2021-05-06,41.72184722222228,465.4817569444452,5215.506597222211,17.853951388888884,762.913722222223
2021-05-07,40.62183333333345,456.1621944444453,5105.348083333343,19.036552083333245,730.374263888889
2021-05-08,40.32736805555537,458.30639583333374,5420.658201388904,18.821722222222192,758.7167777777777
2021-05-09,39.56957638888892,459.262381944444,5379.036444444453,17.96143749999989,760.5284305555577
2021-05-10,39.35729861111111,464.27887499999736,5272.280250000001,17.521993055555445,783.2037361111096
2021-05-11,37.11502777777795,440.0630624999976,5053.3242708333455,16.76858333333338,822.0160277777786
2021-05-12,41.226027777777816,534.1757708333312,5569.68870833334,19.31611111111101,849.4575694444452
2021-05-13,38.02640277777778,546.5776874999999,4878.772048611112,19.816166666666632,776.7379166666659
2021-05-14,39.32479166666669,569.5086458333336,5026.435763888892,20.76138888888883,791.1474097222223
2021-05-15,39.40375694444445,561.1061666666667,4865.619881944425,20.96940972222204,740.2932499999997
2021-05-16,37.58987499999997,528.753812500001,4680.719104166662,19.585590277777825,700.1992569444432
2021-05-17,34.43700694444457,547.2079513888898,4465.895409722231,18.55895833333314,671.6487569444454
2021-05-18,35.19463888888886,634.866256944445,4753.987069444438,22.601440972222218,688.7977152777796
2021-05-19,28.13957638888886,536.5612430555547,3979.1246944444447,18.624989583333413,560.5801805555525
2021-05-20,25.734388888888805,455.9644236111116,3796.835923611112,16.08370138888892,520.6534166666663
2021-05-21,24.50518055555558,423.7699444444444,3670.0508888889008,16.61546180555542,515.5936180555581
2021-05-22,20.855145833333378,342.54660416666616,2867.4395555555634,15.024309027777708,405.7903194444432
2021-05-23,17.586201388888927,290.866354166666,2447.4055624999964,12.830364583333251,339.1744236111119
2021-05-24,20.5694027777778,339.1920833333344,3490.1866736111174,13.166697916666672,385.8526805555555
2021-05-25,24.218375000000066,359.5766041666657,3753.061430555545,13.190045138888935,403.6762777777784
2021-05-26,26.582819444444457,380.63454861111103,3872.6172291666608,14.198475694444417,441.0378958333336
2021-05-27,28.36269444444445,384.759770833334,3761.631326388879,13.639736111111173,429.5900902777776
2021-05-28,27.039743055555544,338.4606249999993,3430.2847361111094,12.28792361111105,388.2764305555565
2021-05-29,24.932472222222305,310.7648611111117,3204.495305555554,11.598118055555554,372.9685069444449
2021-05-30,24.724555555555487,320.01434027777805,3231.9170833333333,11.680770833333344,385.2045138888888
2021-05-31,26.01979861111108,345.8629027777779,3413.3283611111106,12.351701388888785,415.019631944444
2021-06-01,27.19524305555556,375.15496527778015,3579.2892083333286,12.682631944444603,423.1479097222216
2021-06-02,27.73062500000018,383.9533472222214,3615.191868055546,12.877256944444357,436.98018055555656
2021-06-03,28.32305555555569,394.6772847222222,3637.020881944429,13.398777777777791,442.84322222222187
2021-06-04,26.55526388888882,369.8449583333343,3652.9695625000136,12.3330277777778,409.33734722222266
2021-06-05,26.367097222222235,372.5500694444439,3685.62878472222,12.22496527777782,399.4445486111123
2021-06-06,25.89883333333333,362.7219444444448,3587.120944444444,11.87559722222221,387.46115972222185
2021-06-07,26.249854166666648,372.4737847222206,3656.4233541666554,11.881944444444446,393.04148611111225
2021-06-08,23.180520833333272,324.36743055555536,3215.9162916666564,10.312263888888802,337.6083124999984
2021-06-09,23.768215277777795,327.3271388888897,3224.2920416666493,10.491458333333338,357.5461875000013
2021-06-10,24.204451388888973,322.6986944444446,3196.7977222222253,10.45621874999998,344.65999305555613
2021-06-11,22.712861111111103,302.38214583333354,3037.786472222229,9.112340277777756,319.4293541666658
2021-06-12,21.255215277777765,279.3856458333344,2925.9919722222253,8.395041666666657,294.97579861111103
2021-06-13,21.46404861111104,286.96522222222313,2981.402729166664,8.524840277777786,301.62581944444446
2021-06-14,23.285041666666597,316.1315347222218,3166.2416249999947,9.210847222222196,328.59999305555573
2021-06-15,23.915895833333348,317.25568750000105,3199.04009722223,9.9638263888889,334.8603611111122
2021-06-16,22.657520833333272,302.1876319444445,3053.0626180555573,9.375506944444483,315.5995833333343
2021-06-17,22.293770833333365,296.3263611111116,2974.2188819444427,9.14754861111109,310.2866458333331
2021-06-18,21.03955555555556,275.50816666666657,2780.9472291666684,8.529156249999971,292.2411874999996
2021-06-19,20.464756944444478,263.7930763888898,2665.054395833336,8.334527777777724,280.06209027777857
2021-06-20,19.88417361111106,261.23278472222177,2610.880180555551,8.228354166666648,277.35788194444496
2021-06-21,18.03386805555555,236.5480763888884,2362.771090277778,7.377083333333308,254.37649305555496
2021-06-22,16.099513888888907,203.98668750000036,2210.800194444447,6.465944444444437,228.9350416666677
2021-06-23,17.75167361111114,215.91161111111103,2374.5307013888905,6.763340277777792,252.41413888888852
2021-06-24,17.574041666666613,205.8923611111119,2220.704805555561,6.631319444444446,243.97338888888945
2021-06-25,16.850375000000025,198.14509722222348,2116.227583333341,6.256118055555581,237.9856111111109
2021-06-26,15.898180555555536,184.26890972222216,1976.5020486111089,5.808826388888924,220.95561111111112
2021-06-27,16.255701388888877,193.42581250000023,2032.9781527777784,6.04197916666665,234.6431597222211
2021-06-28,17.411708333333387,214.40303472222237,2166.037236111108,6.61822222222222,277.4092777777772
2021-06-29,18.60218055555556,242.21548611111064,2374.8240277777754,7.256409722222279,318.28708333333265
2021-06-30,18.141465277777776,232.8945555555568,2376.1150833333304,7.003687499999979,305.432388888889
2021-07-01,18.24412499999997,239.1938541666672,2616.9262916666635,6.944499999999967,337.7366111111111
2021-07-02,17.585506944444532,225.77148611111087,2491.429847222231,6.653083333333376,334.73089583333217
2021-07-03,18.62844444444445,250.8349305555552,2623.617743055563,7.112006944444445,374.2325347222233
2021-07-04,20.499625000000037,270.9360138888887,2764.044958333336,7.829451388888958,419.7181527777788
2021-07-05,20.100840277777756,279.9545555555555,2738.652548611104,9.45328472222224,446.9237708333334
2021-07-06,22.04397916666667,326.35159027777894,2905.877694444444,11.663409722222168,499.24192361111005
2021-07-07,22.77895833333329,321.47012500000017,2871.2479236111176,11.226180555555512,470.5944791666667
2021-07-08,20.823152777777832,296.55727777777844,2694.104041666673,10.01300694444441,427.1239722222218
2021-07-09,20.760750000000044,296.6607013888882,2679.792666666666,10.866590277777734,411.1995763888896
2021-07-10,20.520284722222208,298.2356597222234,2676.5746319444293,11.05661111111112,432.55852083333474
2021-07-11,20.41727777777777,297.8210138888895,2677.3054305555597,11.523256944444435,434.1666944444431
2021-07-12,20.409284722222235,306.28755555555495,2652.454965277788,12.837145833333343,426.56516666666647
2021-07-13,19.039680555555574,287.48619444444483,2579.8187013888946,11.589861111111055,403.6688749999992
2021-07-14,17.738513888888875,271.297944444444,2499.3882361111155,10.492847222222217,392.6034374999991
2021-07-15,17.45239583333328,274.65890972222246,2524.619868055551,9.932812499999986,413.7907986111125
2021-07-16,16.786215277777714,266.69973611111084,2498.7323194444343,9.481062500000007,391.05550694444594
2021-07-17,16.321055555555564,252.7206250000003,2422.8434444444324,8.960472222222217,376.9009444444458
2021-07-18,16.59411111111105,259.81612500000017,2486.797777777768,9.188458333333294,386.0979375000011
2021-07-19,16.037312500000045,243.70572222222225,2377.960722222218,8.467638888888956,357.4951250000002
2021-07-20,14.880652777777856,223.24431249999952,2189.1025000000027,7.652187499999993,331.5092222222217
2021-07-21,15.77325694444443,244.1419722222225,2349.9532638888923,7.973236111111168,371.6650138888895
2021-07-22,16.848562500000032,268.89262499999984,2433.0506111111176,8.586159722222213,389.1644583333341
2021-07-23,17.607618055555573,281.3977222222217,2479.916506944452,8.503875000000026,406.95143055555343
2021-07-24,18.49930555555558,291.1310347222211,2545.84104166666,8.58981250000002,411.33198611110913
2021-07-25,17.919881944444437,283.4665000000008,2517.265486111112,8.328861111111099,392.5637152777789
2021-07-26,19.500423611111117,320.08007638888944,2720.1098541666684,9.38141666666676,415.11397916666846
2021-07-27,18.46153472222216,297.8216805555552,2615.939444444449,9.144701388888818,389.0504791666655
2021-07-28,18.9800486111111,299.5210069444446,2676.4678958333343,9.198437499999992,390.403638888889
2021-07-29,19.180444444444525,303.9682777777788,2762.306527777796,9.372538194444427,391.0585902777764
2021-07-30,20.14956250000001,311.84947222222223,2847.032736111106,9.500774305555655,394.0507430555553
2021-07-31,21.264777777777823,319.5198055555564,2913.2360069444444,9.855083333333283,400.7447777777778
2021-08-01,22.370951388888937,329.78829166666577,3013.45489583332,10.03582638888891,407.3899444444442
2021-08-02,22.267923611111083,320.7977222222221,2944.057152777777,9.564520833333267,406.9904652777782
2021-08-03,21.373756944444555,309.8985624999985,2816.178576388882,9.11497916666664,395.3660763888893
2021-08-04,22.09029166666657,318.8512986111125,2858.4864097222244,9.360611111111089,423.5152152777743
2021-08-05,23.8294166666664,361.5550277777751,2968.3990138888857,10.014069444444411,465.856638888888
2021-08-06,25.461736111111207,367.8380972222215,3230.296034722214,10.287638888888871,466.54377083333407
2021-08-07,27.407243055555515,379.4870416666662,3341.676965277773,10.508138888888904,484.8683819444444
2021-08-08,27.465166666666665,371.7884722222223,3319.4538055555527,10.14317361111109,485.126638888889
2021-08-09,27.34829861111105,368.57728472222135,3257.139979166662,9.949847222222228,470.8495416666688
2021-08-10,29.096180555555552,381.8109652777769,3369.6523194444226,10.20492361111114,472.7909791666674
2021-08-11,29.7067291666666,406.1340763888902,3453.894555555564,10.834645833333296,484.50505555555605
2021-08-12,28.339701388889,396.8902430555567,3297.5733749999968,10.483312500000114,459.1929444444474
2021-08-13,29.378395833333368,415.1632013888893,3540.7954027777846,11.468958333333196,471.60542361111015
2021-08-14,29.78543750000001,415.85513888888937,3724.718041666644,12.487090277777815,470.7054513888807
2021-08-15,29.33684027777776,403.7977638888907,3735.980131944463,12.54108333333323,470.70865972222407
2021-08-16,30.22541666666664,426.2909722222219,3777.525611111135,12.777423611111177,502.2382430555581
2021-08-17,29.14060416666677,419.5647916666684,3628.6162291666647,12.24761805555552,480.1971458333323
2021-08-18,26.574736111111115,383.01555555555655,3514.361256944457,11.414770833333344,442.9434374999996
2021-08-19,26.467701388888983,384.313180555556,3590.919895833335,11.653229166666632,437.5192013888881
2021-08-20,28.3003333333333,411.1156527777786,3762.441979166684,12.457229166666696,470.590736111111
2021-08-21,28.920798611111145,407.2228472222217,3868.78638194442,13.554715277777683,472.2768680555572
2021-08-22,28.325805555555664,399.8157430555552,3803.4515972222207,13.3431875,465.21409722222177
2021-08-23,29.06544444444445,409.31236805555534,3932.463583333361,13.824555555555524,468.98672916666766
2021-08-24,28.04324999999989,396.0011944444439,3779.8162847222015,13.118562500000037,449.9531458333326
2021-08-25,26.79033333333339,378.7325902777788,3667.554881944448,12.380687499999985,429.16461111111136
2021-08-26,26.061729166666687,362.49353472222185,3575.5715902777665,11.732972222222234,414.6176458333344
2021-08-27,26.489354166666605,361.9095694444451,3687.99225000001,11.7570833333334,409.0709583333313
2021-08-28,27.04615972222217,367.6789861111128,3663.496965277794,12.093194444444462,418.4390555555556
2021-08-29,26.69863194444437,363.97099305555474,3519.1252013888766,11.653249999999955,412.5236180555552
2021-08-30,26.58738888888899,360.01910416666743,3412.9193125000024,11.432993055555622,424.7657777777751
2021-08-31,28.146534722222217,371.7872361111105,3458.7442430555434,11.422881944444452,433.1654236111102
2021-09-01,30.03170833333329,402.71188888888855,3565.0872083333397,12.047656250000015,459.8466388888887
2021-09-02,30.311055555555512,406.4675972222216,3616.961090277766,12.54161111111111,468.8375972222225
2021-09-03,29.46015277777784,397.6678611111109,3596.86059027777,12.53635416666675,470.2906875000006
2021-09-04,28.835833333333408,398.64176388889,3653.04065972222,12.515329861111097,471.78586805555454
2021-09-05,29.010402777777763,413.3072152777776,3619.992083333316,12.718652777777864,500.37679166666777
2021-09-06,29.60744444444443,413.4410833333334,3642.362736111085,13.309850694444448,509.4988888888895
2021-09-07,26.435423611111077,374.54396527777806,3351.0895972222133,12.339499999999983,456.2264375000023
2021-09-08,23.41772222222233,335.8740972222222,3011.702270833336,10.745361111111045,408.732895833335
2021-09-09,23.712145833333317,338.64202083333294,3019.4280277777607,11.267350694444506,414.48907638888863
2021-09-10,22.97375694444453,323.29798611111136,2880.276722222227,11.066604166666732,403.1791805555549
2021-09-11,23.06481250000004,324.20393055555627,2865.724722222214,10.83545138888886,399.5760624999989
2021-09-12,23.41108333333341,335.93961805555404,2897.26864583334,11.022697916666724,404.6561527777772
2021-09-13,22.45788194444437,318.06315972222245,2769.9065000000014,10.93791319444451,382.7302013888881
2021-09-14,23.880770833333383,353.4391388888886,2859.274124999988,12.92739583333337,405.5613541666656
2021-09-15,25.71084027777781,390.1952083333341,2923.5119027777787,13.87660069444452,433.0516111111109
2021-09-16,26.74422222222225,395.17115277777685,3075.625201388896,14.97512500000006,436.6204027777779
2021-09-17,25.104451388888847,370.7294861111117,2859.000138888895,13.545347222222212,408.9083402777772
2021-09-18,24.609076388888933,359.56613888888825,2847.232937500005,12.983545138888884,404.6572083333321
2021-09-19,24.12771527777783,348.8208680555563,2816.888701388885,12.657208333333356,396.8546736111106
2021-09-20,22.108513888889,310.9893194444441,2560.436694444444,11.233194444444392,360.69025000000016
2021-09-21,20.626541666666625,290.63593055555583,2449.5366944444468,10.47927083333344,333.2347083333331
2021-09-22,20.42733333333332,288.7520625,2429.173326388894,10.287732638888851,332.11845138888896
2021-09-23,21.397999999999964,303.45081944444485,2518.3190069444468,11.229215277777833,354.1601458333331
2021-09-24,20.133715277777835,287.4964722222223,2332.6214027777787,10.757812499999924,347.3385486111104
2021-09-25,19.562319444444505,277.52806250000015,2270.311229166664,10.337322916666674,337.7211180555548
2021-09-26,21.74111111111108,281.9557916666664,2381.06348611112,10.19814930555546,339.4767986111091
2021-09-27,24.02236805555558,292.1550833333323,2352.709500000009,10.405222222222203,356.5964999999993
2021-09-28,23.69693750000001,270.3375694444443,2309.6366041666665,9.735851209493443,332.6438680555556
2021-09-29,23.517208333333368,269.4119930555556,2257.63300694444,9.585840277777836,326.4769097222213
2021-09-30,23.23944444444445,274.3174652777783,2267.962395833329,9.535187500000005,300.9603888888885
2021-10-01,24.970368055555586,290.15687500000007,2370.3320138888944,10.057437499999962,320.7304374999997
2021-10-02,26.22745138888893,309.47468055555584,2465.8613194444374,10.679687499999998,334.65493055555584
2021-10-03,26.16400000000004,315.2431944444449,2519.6672708333303,10.880416666666658,335.0287291666656
2021-10-04,25.314451388888767,303.110597222222,2467.734194444446,10.454041666666646,317.9986736111114
2021-10-05,25.26443055555553,303.82424305555526,2536.104854166661,10.254763888888863,310.0017777777766
2021-10-06,25.140819444444364,304.5955555555545,2490.001298611101,10.186701388888892,305.16276388888883
2021-10-07,25.49340972222219,307.35936805555616,2486.3926319444504,10.136166666666664,311.0769861111109
2021-10-08,25.34066666666667,313.83515277777747,2514.352881944447,10.223152777777775,322.52816666666666
2021-10-09,25.188625000000016,309.27404166666537,2525.583562500001,10.145999999999976,322.12643055555566
2021-10-10,25.149888888888817,301.6218055555541,2581.435819444433,10.053138888888906,320.81949305555514
2021-10-11,24.43627777777765,293.74187500000005,2491.28729861112,9.728743055555563,308.30099305555626
2021-10-12,23.25925000000002,281.6474444444453,2423.585729166671,9.281999999999984,299.6038819444442
2021-10-13,24.01337500000003,289.52829166666606,2435.5923402777885,9.284625000000036,304.0409583333346
2021-10-14,25.311826388888868,300.7519513888897,2530.360298611114,9.728548611111137,313.1594375000002
2021-10-15,25.99524999999988,300.7129930555572,2542.562937500008,9.86835416666666,312.83994444444346
2021-10-16,26.69593749999994,307.35116666666465,2597.563826388889,9.856215277777784,320.6723749999995
2021-10-17,26.43567361111105,308.2341805555546,2581.917604166667,9.74429861111108,314.7854652777773
2021-10-18,25.62785416666663,298.6584652777781,2502.13082638889,9.485833333333307,307.01713888888867
2021-10-19,25.78433333333346,299.143048611111,2490.425708333333,9.42127083333332,305.4077777777778
2021-10-20,26.234840277777742,305.8139999999996,2515.6677916666563,9.623756944444374,315.052625000002
2021-10-21,26.8171319444444,322.51235416666697,2607.9204027777787,9.771513888888856,323.38541666666674
2021-10-22,26.22249305555553,317.50283333333425,2566.2902222222237,9.627111111111098,320.80890277777684
2021-10-23,26.036527777777795,316.3399652777779,2519.2031250000155,9.823854166666653,312.8059930555546
2021-10-24,26.38454861111113,314.310395833334,2477.592194444443,9.686618055555591,310.87913888888863
2021-10-25,26.34089583333335,311.0112847222214,2452.116034722228,9.656381944444448,316.24425694444443
2021-10-26,27.62265277777776,336.584784722222,2533.1805833333374,10.510284722222226,349.2854374999994
2021-10-27,25.701513888888908,354.69636805555604,2354.0407499999947,9.967166666666673,325.3419513888889
2021-10-28,24.80696527777773,333.7159513888882,2333.648548611108,9.629493055555496,312.4967569444444
2021-10-29,25.4178333333333,336.5490347222216,2437.1088263888896,10.104895833333329,321.32219444444405
2021-10-30,25.00235416666657,320.9976666666663,2425.7604375000046,10.0712152777778,321.3253958333324
2021-10-31,24.782958333333383,313.4849999999995,2379.8799861111097,9.881055555555555,332.04327777777746
2021-11-01,25.331534722222184,316.7287083333341,2442.7041041666744,10.225506944444469,350.7025694444435
2021-11-02,25.668395833333356,323.24847916666624,2598.2036041666665,10.42534722222226,363.0776875000004
2021-11-03,26.37804166666654,319.12839583333374,3129.029881944439,11.10350694444443,372.8499999999989
2021-11-04,26.29499999999996,322.49831250000005,3043.059062499997,10.814708333333384,374.70692361111134
2021-11-05,25.63620833333333,335.5657986111106,2939.9081319444413,10.486381944444403,363.61609027777865
2021-11-06,25.208902777777837,318.18500694444407,2936.850631944442,10.132888888888932,349.96029166666614
2021-11-07,25.280305555555557,320.3832013888885,2994.907076388887,10.3400763888889,359.9792361111107
2021-11-08,25.797555555555668,326.0408819444442,3184.978152777771,10.407993055555544,356.8459305555557
2021-11-09,26.703326388888943,338.73145138888947,3204.570687499993,10.66057638888888,362.36709027777823
2021-11-10,26.69591666666674,332.92681944444394,3117.171611111107,10.428937499999972,352.4004861111114
2021-11-11,25.559000000000005,314.0142291666661,2999.553902777777,9.918597222222196,335.3394791666676
2021-11-12,24.88629861111112,307.3396111111116,2915.3924930555545,9.76521527777782,327.47543055555514
2021-11-13,24.548041666666656,309.0447569444449,3018.385076388887,9.639333333333344,339.7129236111108
2021-11-14,24.573083333333347,313.7217291666673,3046.641340277796,10.064458333333317,349.0867986111105
2021-11-15,24.51560416666668,310.41620833333377,3057.417618055555,9.903430555555518,344.96276388888947
2021-11-16,22.099847222222188,283.1742013888896,2856.610430555548,9.084041666666694,317.1334583333345
2021-11-17,21.62741666666669,278.0833472222231,2757.665368055553,8.81498611111108,317.3270138888882
2021-11-18,21.122812499999977,273.6250486111107,2896.128937500006,8.573312499999936,306.55948611111154
2021-11-19,20.75859722222219,272.4303888888882,2901.064999999999,8.484763888888876,302.42447916666544
2021-11-20,21.409125,275.8676388888886,3018.959222222227,8.779263888888906,312.5415486111112
2021-11-21,21.76702777777775,269.0774374999995,3041.331243055572,8.731395833333318,309.15554861111144
2021-11-22,21.3475486111111,262.849847222221,2900.8367708333394,8.308652777777798,293.1845208333335
2021-11-23,21.61361111111111,269.56931944444426,2972.584375000008,8.093770833333322,286.9165624999997
2021-11-24,21.40481249999997,259.9805902777769,3046.3017638888955,8.010249999999987,280.86194444444544
2021-11-25,21.189895833333303,258.9277569444445,3302.615111111109,8.046972222222154,284.54522916666645
2021-11-26,19.936937499999956,242.9912013888883,3159.9119374999937,7.635673611111103,267.71104166666635
2021-11-27,19.77009027777774,237.90597222222047,3137.043659722221,7.7206388888888995,270.2725069444436
2021-11-28,19.24209722222217,228.70081249999916,2981.618868055565,7.445097222222226,273.8023194444452
2021-11-29,20.094854166666607,240.35729861111108,3068.3242152777725,7.713854166666617,286.37393055555464
2021-11-30,20.539534722222225,255.00577777777775,3086.837805555563,7.755069444444474,287.0204375
2021-12-01,21.667861111111048,262.06715972222287,3062.683055555565,7.585590277777794,280.58807638888885
2021-12-02,22.18099305555546,245.24261111111213,2977.201000000001,7.263416666666701,270.5015069444438
2021-12-03,21.49502777777784,238.47460416666704,2880.1424444444483,7.311743055555587,266.74750694444475
2021-12-04,17.410208333333323,199.19267361111196,2587.184763888885,6.062506944444457,224.969965277778
2021-12-05,16.770347222222252,196.96435416666645,2591.4926666666656,6.0327777777777785,217.29329861111063
2021-12-06,16.25635416666667,179.69424999999978,2518.203395833329,5.709972222222228,210.8023333333332
2021-12-07,17.264708333333417,188.50804861111143,2633.368888888889,5.964972222222212,226.2582361111116
2021-12-08,17.82679166666666,188.1809513888888,2688.2218888888856,5.975506944444429,220.14490277777767
2021-12-09,17.20674999999996,189.8230902777776,2615.423340277782,5.877833333333326,207.8315625
2021-12-10,15.865381944444485,175.3667916666669,2496.1749444444445,5.587999999999993,194.45102777777788
2021-12-11,15.806562499999924,174.52549999999954,2405.706881944446,5.498479166666678,190.98910416666592
2021-12-12,15.782347222222183,179.90446527777817,2437.237062500004,5.5383888888888695,196.6121527777776
2021-12-13,15.081381944444404,169.74796527777823,2355.9230486111137,5.179965277777794,188.67838194444508
2021-12-14,14.470965277777797,164.51161111111116,2255.09740277778,5.010833333333319,183.56598611111104
2021-12-15,14.933722222222212,167.98567361111125,2310.392152777782,5.043187500000029,186.18790972222223
2021-12-16,14.967673611111127,176.53288888888946,2384.6458680555543,5.1823402777777305,193.6328194444436
2021-12-17,14.393770833333324,171.48597222222253,2315.5353194444488,4.970090277777771,188.5551736111108
2021-12-18,15.48409722222222,194.05153472222256,2441.059124999995,5.236541666666702,206.8343472222222
2021-12-19,15.330409722222171,187.24562500000005,2435.845458333339,5.254423611111136,203.2940833333324
2021-12-20,14.478083333333316,176.05742361111092,2314.573333333339,5.005118055555548,189.084868055556
2021-12-21,14.800541666666753,182.76672916666695,2398.854500000009,5.290347222222247,192.10725694444383
2021-12-22,15.438868055555483,202.0792291666662,2462.5618194444414,5.47191666666665,202.46218749999932
2021-12-23,17.128611111111088,231.29062499999992,2506.1655694444294,5.793840277777772,220.16504166666653
2021-12-24,17.845909722222164,259.4993819444438,2619.7497361111145,6.021298611111095,229.48173611111
2021-12-25,17.529250000000026,266.7255208333328,2640.077631944444,5.817347222222254,230.3729236111102
2021-12-26,17.45309027777785,263.19568055555584,2683.4784027777773,5.976909722222205,229.5990069444436
2021-12-27,19.290847222222254,282.79993749999846,2725.7581736111238,6.452930555555529,239.55497222222291
2021-12-28,18.5061736111111,275.39905555555464,2560.87870833333,6.102576388888865,219.99011805555585
2021-12-29,18.419597222222155,249.01357638888885,2463.8444652777853,5.738833333333342,206.81550694444527
2021-12-30,17.295604166666646,246.0092569444444,2369.5671805555617,5.480937499999997,199.80979861111047
2021-12-31,17.97319444444444,263.67276388888945,2368.9797708333226,5.572333333333315,202.25986805555445
2022-01-01,17.217736111111186,258.0548194444449,2366.486951388877,5.783562500000004,202.18173611111055
2022-01-02,17.54961111111108,259.1471736111111,2402.8264097222223,6.089312500000018,207.5942638888889
2022-01-03,18.500625000000017,272.6451180555548,2466.2501875000007,6.509701388888923,215.50215277777684
2022-01-04,18.44097222222224,260.3545138888887,2436.2874861111072,6.94622222222221,225.9511388888886
2022-01-05,18.69111111111109,251.14922222222236,2443.0088749999986,6.93818750000001,229.1856527777788
2022-01-06,16.765201388889,224.7468541666659,2215.1251597222213,6.080972222222201,200.5215833333328
2022-01-07,16.010770833333392,211.44961111111064,2180.3779791666625,5.5295069444444485,195.8376666666676
2022-01-08,15.654729166666614,218.24771527777816,2123.5046458333286,5.3751736111111486,193.22392361111125
2022-01-09,15.75688194444482,213.39753472222156,2105.0619513889287,5.104062499999937,194.6497638888876
2022-01-10,15.7039444444448,204.24072916666825,2061.067854166706,4.968312499999967,188.74559027777343
2022-01-11,15.692715277777763,207.267069444444,2034.939652777783,4.964958333333293,186.9318263888892
2022-01-12,16.294916666666627,217.6114583333335,2110.173715277772,5.238416666666685,195.34423611111083
2022-01-13,16.021333333333303,214.9144166666664,2146.9640208333376,5.30736111111109,194.4153263888891
2022-01-14,15.63734027777782,214.74670833333337,2144.29997222222,5.111791666666679,188.86389583333371
2022-01-15,16.30109027777774,234.3477083333322,2207.124826388883,5.343986111111131,194.046
2022-01-16,17.14774305555555,236.99334722222255,2217.23620138889,5.313513888888887,190.6116041666666
2022-01-17,17.02203472222226,231.20197916666697,2149.1598263888864,5.110416666666668,183.43299305555564
2022-01-18,16.60522222222218,231.29815972222204,2070.9634861111185,5.0024652777777625,178.19615972222215
2022-01-19,15.620243055555587,219.99748611111025,2034.525166666668,4.963437499999984,173.06614583333334
2022-01-20,15.544986111111076,213.77853472222276,2007.9870486111124,4.973826388888856,171.22323611111133
2022-01-21,13.95036805555555,186.1956666666674,1838.0313611111117,4.617097222222179,152.30615972222253
2022-01-22,11.63034027777775,153.9964166666666,1842.323430555555,3.9146805555555297,126.13079861111146
2022-01-23,11.374138888888869,153.02352777777745,1840.696541666663,3.859277777777759,125.90420138888852
2022-01-24,10.480312500000036,145.72319444444446,1799.1727430555568,3.83310416666666,119.83578472222192
2022-01-25,10.615749999999998,150.76486111111143,1882.0642916666648,4.183902777777757,124.97149305555516
2022-01-26,10.863965277777748,153.87331249999997,1781.7050624999968,4.583826388888911,130.21470138888913
2022-01-27,10.398500000000013,144.72303472222214,1723.1428749999998,4.6438680555555445,124.18961805555575
2022-01-28,10.312743055555549,145.4165069444449,1807.97727777778,4.576743055555569,122.6468402777783
2022-01-29,10.958256944444404,152.66098611111127,1906.9297013888925,4.913090277777751,123.92173611111106
2022-01-30,11.12050000000002,152.17168055555516,1957.4254652777704,5.322979166666687,121.26989583333308
2022-01-31,10.984715277777696,149.68870833333344,2041.9937291666672,5.446208333333331,117.08287499999976
2022-02-01,11.381895833333331,163.57334027777782,2184.3485902777784,5.501020833333336,125.61688888888904
2022-02-02,10.991020833333298,158.76197916666732,2214.1873819444413,5.658208333333318,125.76922222222191
2022-02-03,10.375770833333334,149.78575694444467,2230.620541666673,5.148173611111078,120.50965972222228
2022-02-04,10.714861111111054,158.33195833333312,2291.816152777782,5.209756944444415,130.74530555555555
2022-02-05,11.482847222222254,168.98086111111135,2274.0485972222173,5.789131944444437,137.30040972222193
2022-02-06,11.34887500000002,169.63170138888867,2247.889805555552,5.721923611111103,137.928201388889
2022-02-07,12.01238888888892,179.1084722222221,2230.916069444441,5.80525694444446,143.7862222222224
2022-02-08,12.08252083333339,182.12574305555543,2234.726673611118,5.640416666666645,143.8063958333332
2022-02-09,12.212520833333365,184.56648611111157,2211.4147916666752,5.592777777777792,145.3251527777781
2022-02-10,11.957319444444368,182.71399999999997,2218.3438819444423,5.566993055555565,140.80029166666748
2022-02-11,11.307034722222236,175.1074166666666,2081.204743055558,5.188805555555554,133.6072499999995
2022-02-12,10.749312500000045,164.75919444444474,2011.6018541666667,4.897083333333341,127.3455694444449
2022-02-13,10.63379861111112,161.87799999999964,1997.2702013888847,4.767743055555569,127.4548055555556
2022-02-14,10.45466666666664,157.2723124999999,1921.9416805555495,4.479013888888859,124.3140069444446
2022-02-15,11.025229166666652,165.84883333333352,2018.144479166659,4.836666666666705,132.5882986111108
2022-02-16,11.192229166666689,169.60297916666664,2098.466861111109,4.982000000000013,133.9671527777777
2022-02-17,10.846798611111105,163.28929166666683,2050.304208333335,4.827291666666647,130.2753333333334
2022-02-18,10.40501388888889,150.2567777777776,1962.7729305555551,4.537708333333297,123.05333333333355
2022-02-19,10.14129861111106,146.16455555555544,1900.4283055555543,4.36063888888884,122.20902083333316
2022-02-20,9.50734027777775,139.4092638888891,1824.225888888891,4.11336111111112,116.16104166666686
2022-02-21,9.385972222222184,139.2861874999999,1783.3293750000014,4.061715277777739,115.36699999999928
2022-02-22,8.637312500000045,131.6698958333332,1725.3420069444464,3.843604166666663,108.77512500000026
2022-02-23,9.053861111111116,137.57631944444438,1823.087243055556,4.005881944444449,114.23179861111122
2022-02-24,8.202027777777785,121.06740972222184,1698.560743055556,3.604465277777749,102.1917847222222
2022-02-25,8.918868055555556,131.1719305555559,1945.4446388888923,4.00066666666664,110.00030555555526
2022-02-26,9.187618055555545,139.21559722222287,1990.5028958333328,3.9838194444444417,114.17445833333365
2022-02-27,9.378986111111114,135.97643749999992,1894.85251388889,3.850243055555554,111.47378472222212
2022-02-28,9.911680555555565,136.1029444444444,1839.4902569444528,3.850701388888881,111.84275000000018
2022-03-01,10.389694444444464,143.9049513888888,1963.252756944448,4.160673611111095,123.4694166666665
2022-03-02,10.228881944444456,140.9248472222217,1974.0712847222176,4.06484722222223,122.8921805555554
2022-03-03,9.830444444444442,132.3038958333333,1965.671673611113,3.882118055555533,119.84208333333352
2022-03-04,9.148145833333311,127.98764583333347,1907.4785972222223,3.710749999999972,113.21331944444456
2022-03-05,8.95413194444446,124.50501388888917,1817.638916666666,3.692673611111104,108.3839930555557
2022-03-06,8.739284722222193,120.9642152777782,1805.3126944444489,3.7301180555555815,106.09691666666669
2022-03-07,8.398444444444479,117.39280555555509,1744.3191388888931,3.585923611111114,101.53827083333356
2022-03-08,8.60089583333331,121.21296527777795,1758.529666666661,3.837604166666682,104.03226388888872
2022-03-09,9.20505555555554,127.42793055555552,1849.817881944444,4.513875000000015,109.74980555555582
2022-03-10,8.757618055555556,120.8918194444444,1812.847666666668,4.566555555555536,103.64435416666666
2022-03-11,8.677604166666642,117.41106249999996,1750.9037986111057,4.35749305555555,101.8953958333332
2022-03-12,8.675729166666692,120.03540972222196,1766.1709444444446,4.23021527777778,103.0419097222218
2022-03-13,8.54392361111106,119.20106944444473,1739.762583333334,4.113020833333277,101.96797916666624
2022-03-14,8.389541666666663,117.62561805555563,1738.5602638888913,3.9515902777777394,100.4644097222218
2022-03-15,8.438138888888858,117.8685972222225,1781.6870347222198,3.8944652777777855,101.66390972222248
2022-03-16,8.821736111111106,127.56180555555532,1845.4107152777829,4.026833333333361,106.18304166666655
2022-03-17,9.191250000000045,143.87588194444402,2013.558013888901,4.372277777777755,112.7302361111115
2022-03-18,9.32966666666668,155.32531944444457,2063.764951388895,4.669868055555532,114.460479166667
2022-03-19,9.722555555555596,160.51547222222237,2057.726534722221,5.226520833333339,120.53576388888844
2022-03-20,9.468583333333404,154.0162430555564,2025.1164166666688,5.185319444444431,116.42227777777786
2022-03-21,9.394104166666713,153.98821527777795,1999.1371249999972,5.127159722222177,114.86831944444404
2022-03-22,9.881986111111091,156.92228472222257,2049.1832291666638,5.127854166666686,116.42390277777768
2022-03-23,9.85099305555559,153.24699999999973,1990.225951388889,5.146944444444483,114.47423611111122
2022-03-24,10.330986111111104,161.33398611111073,2012.4629861111168,5.290736111111124,117.53200694444438
2022-03-25,10.799472222222231,167.14353472222183,2013.508458333328,5.199493055555555,118.17866666666669
2022-03-26,10.574166666666684,163.9697638888891,1999.2233194444495,5.117124999999971,118.85154861111091
2022-03-27,10.81142361111114,163.67786805555588,2006.1065347222225,5.2030277777777325,122.496402777778
2022-03-28,11.372854166666682,172.09959027777742,2109.201319444438,5.5554027777778,129.1338888888891
2022-03-29,11.250493055555598,193.2776944444451,2116.670569444444,5.6619861111111005,139.8680486111115
2022-03-30,11.46098611111112,227.2613194444449,2176.6034861111107,6.2243194444444425,153.43945138888833
2022-03-31,11.79715277777776,218.1580624999997,2160.3697847222256,6.913187499999975,156.0195486111105
2022-04-01,11.45647222222222,232.90727083333456,2158.0051388888783,7.250618055555554,151.24481250000008
2022-04-02,11.767361111111128,243.91816666666656,2290.2430277777694,7.51195138888886,155.98761805555569
2022-04-03,11.818263888888886,242.7359583333324,2272.472499999998,7.215041666666653,161.56290277777768
2022-04-04,11.672923611111075,237.06814583333363,2316.538611111111,7.073562500000022,162.9257291666669
2022-04-05,11.536034722222196,231.16450694444435,2394.790763888893,6.673534722222247,160.57125694444449
2022-04-06,10.600104166666616,206.9485277777777,2206.276805555564,5.805173611111092,145.0674583333329
2022-04-07,10.139437500000026,201.2806736111112,2050.44025,5.6232222222222,136.81679861111058
2022-04-08,10.204638888888862,194.41497916666643,2072.954319444443,5.588986111111083,139.49343749999994
2022-04-09,9.922743055555596,181.99609722222183,2054.187993055562,5.274291666666687,136.0660625000002
2022-04-10,10.091520833333371,181.92669444444465,2066.161277777778,5.278972222222233,136.90590972222222
2022-04-11,9.425423611111114,166.6839652777774,1937.489097222223,4.781979166666639,125.16817361111156
2022-04-12,9.242076388888938,164.52990972222142,1858.8331111111152,4.7848472222222265,124.36088888888968
2022-04-13,9.516250000000012,170.11875000000026,1871.639708333332,5.014305555555518,137.00949999999926
2022-04-14,9.585854166666522,174.19724305555567,1912.7130902777776,5.311777777777783,149.25344444444426
2022-04-15,9.6910625,173.5956666666659,1947.594152777776,5.458368055555567,143.69034027777695
2022-04-16,9.695750000000045,173.5777708333335,1901.9886111111127,5.346249999999994,143.8082500000002
2022-04-17,9.602611111111235,173.4252847222227,1846.2350416666616,5.224451388888872,146.23316666666594
2022-04-18,9.14393055555553,164.2505347222222,1769.741583333333,4.969993055555567,138.54640277777813
2022-04-19,9.403145833333356,173.64002083333358,1836.9305416666728,5.473284722222221,141.0275138888886
2022-04-20,9.396930555555532,187.08750000000023,1832.5997361111124,6.41981944444446,144.07786111111062
2022-04-21,9.35693750000003,186.0809513888892,1811.7219236111168,6.430659722222218,143.77020138888955
2022-04-22,8.969034722222188,176.65729166666688,1754.3388402777814,5.709687499999994,136.33849999999967
2022-04-23,9.050250000000046,176.23869444444486,1754.0680555555582,5.66352083333329,134.7046597222224
2022-04-24,8.948743055555559,171.14438888888915,1759.5797847222216,5.938826388888892,131.7119097222221
2022-04-25,8.507944444444446,162.53011805555587,1724.199027777772,5.61661805555554,127.32311805555604
2022-04-26,8.49258333333326,168.2229097222223,1716.3985069444484,6.040868055555572,128.22093055555555
2022-04-27,8.22288194444445,168.4413680555559,1648.860118055559,5.755312500000002,123.9187083333332
2022-04-28,8.21813888888889,170.4039375000001,1649.612437500006,5.652402777777764,123.92102777777816
2022-04-29,7.953076388888887,160.22867361111153,1579.4968819444446,5.412763888888908,119.05772916666665
2022-04-30,7.595416666666631,156.0092916666664,1541.1898958333406,4.897034722222261,113.57365277777784
2022-05-01,6.94257638888886,143.87290972222186,1457.7872777777852,4.577937500000003,103.78011805555548
2022-05-02,6.930958333333353,144.92490972222183,1452.9467083333357,4.666750000000013,105.0521041666672
2022-05-03,6.959062499999964,143.5378194444442,1453.948937500002,4.74856250000003,104.4713402777782
2022-05-04,7.251138888888889,147.822402777778,1439.4789791666672,4.811840277777764,108.2864097222226
2022-05-05,7.634999999999964,152.35054166666623,1448.1979513888873,4.8513541666667015,110.8758402777778
2022-05-06,7.323083333333327,138.95332638888917,1354.5422777777771,4.556583333333326,103.45693750000008
2022-05-07,7.4270833333333,136.5065277777779,1318.61805555556,4.59422222222222,101.67838888888896
2022-05-08,7.130055555555586,130.04347222222208,1224.1786180555594,4.295854166666705,99.05274999999988
2022-05-09,6.733986111111131,115.97031944444495,1125.4712361111117,3.82471527777778,90.69395138888878
2022-05-10,6.304541666666667,109.34200694444438,1189.78758333333,3.4886249999999723,88.35692361111066
2022-05-11,5.573118055555563,95.59723611111134,1326.3968125000029,2.856534722222225,80.25903472222247
2022-05-12,4.579694444444441,75.84920138888864,1143.7623263888902,2.4137847222222257,62.4004236111111
2022-05-13,5.166145833333324,85.9893611111112,1472.1137638888863,2.733180555555576,69.58113888888887
2022-05-14,5.048562500000021,82.20015972222241,1497.5587986111157,2.6154374999999828,68.85498611111117
2022-05-15,5.212083333333341,87.20093750000032,1554.7890972222217,2.77082638888888,71.18808333333322
2022-05-16,5.091291666666657,84.8579374999996,1534.3903541666684,2.837895833333327,69.13804166666675
2022-05-17,5.259416666666675,89.58145138888916,1602.243055555551,2.814006944444473,70.26583333333303
2022-05-18,5.171416666666651,88.06632638888894,1509.1451458333293,2.6898194444444767,68.5324305555556
2022-05-19,4.967909722222219,85.60947222222211,1415.890805555556,2.564493055555548,65.56088194444446
2022-05-20,5.232312500000021,91.4227152777778,1423.2324444444405,2.628680555555526,66.69245138888905
2022-05-21,5.194916666666655,91.10196527777784,1393.982770833327,2.5682708333333504,67.10537499999994
2022-05-22,5.319118055555539,92.91440972222222,1407.6714027777812,2.6913750000000256,70.10781250000014
2022-05-23,5.690090277777809,100.35529861111114,1401.989694444449,2.778847222222216,72.28454166666658
2022-05-24,5.588451388888887,100.0230833333333,1293.4863194444504,2.6148263888888525,68.96059722222233
2022-05-25,5.573048611111124,102.65820138888871,1274.9942500000031,2.59749305555553,67.88669444444443
2022-05-26,5.234055555555534,101.29312499999985,1207.5804027777765,2.4853402777777904,62.08495138888889
2022-05-27,4.808256944444455,94.38148611111122,1147.8782777777765,2.4212986111111228,57.24001388888863
2022-05-28,4.829930555555564,93.84865277777796,1184.5302916666676,2.462333333333336,56.832062500000006
2022-05-29,4.883819444444441,94.57357638888908,1193.3234027777785,2.5400972222221885,56.61674305555545
2022-05-30,5.365937499999983,105.99524305555568,1295.983173611112,2.975249999999986,60.21556944444434
2022-05-31,5.683833333333323,116.66334027777756,1326.9735138888896,3.192812499999981,63.92073611111116
2022-06-01,5.5257569444444,112.89722916666678,1277.5048611111097,3.0996388888888777,63.686909722222175
2022-06-02,5.1987361111110975,106.74836805555545,1200.0242013888917,2.869194444444465,57.94461111111093
2022-06-03,5.142902777777814,108.06140972222208,1157.5836250000011,2.79836805555556,56.95816666666686
2022-06-04,5.070187499999995,105.42025694444406,1159.7977847222226,2.668361111111104,56.493159722222266
2022-06-05,5.063159722222229,105.5670763888892,1169.6917430555518,2.6173402777777466,57.810076388888845
2022-06-06,5.29495138888889,107.85231250000017,1207.455763888882,2.754791666666656,59.68165972222206
2022-06-07,5.138520833333354,99.52850000000016,1155.623611111111,2.613187499999999,56.992243055555456
2022-06-08,5.151881944444419,98.12652083333327,1156.783986111108,2.682444444444436,56.42934027777781
2022-06-09,5.179986111111105,96.86661111111128,1146.2363749999988,2.677291666666668,55.82625694444425
2022-06-10,5.009201388888865,91.86002777777762,1093.2359652777768,2.606152777777748,53.52545833333335
2022-06-11,4.650000000000029,82.88634722222203,1019.5024027777808,2.40871527777778,48.59018749999986
2022-06-12,4.265208333333302,73.64194444444448,942.5766736111124,2.275152777777798,43.38150694444455
2022-06-13,3.710381944444455,61.36590277777788,789.6581736111107,1.9043124999999868,36.44818749999998
2022-06-14,3.685326388888874,60.00561805555545,774.849041666665,1.837465277777796,35.1180416666665
2022-06-15,3.807819444444419,58.88987500000004,751.7248958333332,1.760375000000027,32.45290972222219
2022-06-16,4.06393055555556,60.61550000000005,769.0591249999998,1.844611111111086,32.52420833333332
2022-06-17,3.912791666666645,57.8955347222224,765.1654444444448,1.74511805555556,31.61928472222218
2022-06-18,3.729486111111105,52.34295833333339,723.4263472222212,1.593611111111096,29.892687500000086
2022-06-19,3.84588194444446,50.076284722222375,784.4174236111108,1.716527777777798,29.54848611111108
2022-06-20,4.170263888888908,57.58274305555565,899.1680902777772,2.6943958333333398,32.71556944444445
2022-06-21,4.625090277777772,67.45608333333323,921.8450555555576,3.0630416666666545,40.26121527777774
2022-06-22,4.914124999999998,63.8201041666668,904.9457013888908,3.259590277777792,39.10452777777779
2022-06-23,5.3371805555555705,65.99725694444426,933.6339722222224,3.053673611111133,42.15833333333326
2022-06-24,5.541895833333317,67.86280555555575,1010.6893333333304,3.036923611111116,43.780229166666665
2022-06-25,5.473645833333328,70.86342361111112,1041.184812500001,2.8978749999999747,49.314104166666574
2022-06-26,5.6637777777777805,69.90309027777793,1052.629034722223,2.856118055555542,52.9821944444446
2022-06-27,5.588277777777754,65.84406249999996,1024.4632013888888,2.6211805555555547,50.9033472222224
2022-06-28,5.22686111111112,65.15414583333333,988.8048958333354,2.421826388888884,49.89636111111109
2022-06-29,5.011048611111087,60.32009722222205,942.1781319444405,2.5622291666666643,48.05367361111106
2022-06-30,4.845965277777784,55.60829861111117,871.2000277777819,2.2282361111111304,45.79720833333342
2022-07-01,4.884402777777778,56.83449999999984,899.6026111111112,2.2278194444444512,47.250437499999855
2022-07-02,4.889340277777789,56.607756944444425,896.0412361111096,2.395208333333344,46.65916666666652
2022-07-03,4.854402777777806,56.59640277777779,895.825756944443,2.6483888888888774,48.08127083333327
2022-07-04,4.939104166666684,59.02239583333324,910.4828611111076,2.703236111111136,48.47161805555548
2022-07-05,5.259673611111126,61.2061319444444,934.3284861111126,2.674208333333325,47.48245833333354
2022-07-06,5.344347222222229,61.66179861111112,961.4276805555558,2.6373541666666456,46.39519444444453
2022-07-07,5.540416666666692,65.87023611111138,988.7544583333276,2.663104166666673,47.69234722222216
2022-07-08,5.735215277777774,71.3296041666668,976.224576388887,2.587958333333298,47.59835416666658
2022-07-09,6.27250694444446,75.1624444444444,985.8279722222244,2.558291666666672,50.73766666666665
2022-07-10,6.233076388888868,78.52458333333361,965.386159722226,2.474347222222216,54.37762499999998
2022-07-11,6.004812499999993,75.82537500000007,920.2837430555498,2.383777777777764,52.80495833333329
2022-07-12,5.63822222222224,68.88311111111105,860.7801527777775,2.407965277777792,48.48001388888891
2022-07-13,5.640152777777796,72.79464583333309,838.4976666666664,2.367930555555572,46.940923611111074
2022-07-14,6.41811805555554,82.34388194444432,855.5656597222214,2.664597222222205,50.02072916666668
2022-07-15,6.961562500000017,91.42159722222227,911.6759722222216,2.647201388888865,56.54802083333324
2022-07-16,7.03461805555555,90.53887500000027,922.329062500002,2.7267569444444586,54.69090972222215
2022-07-17,7.124250000000003,89.92652777777776,951.3533333333356,2.741006944444477,55.0062499999999
2022-07-18,7.19006249999999,94.15475694444424,999.0806319444442,2.8339097222222227,56.836152777778
2022-07-19,7.462027777777775,97.1584097222218,1037.222819444449,2.916527777777804,59.21752083333328
2022-07-20,7.30120833333331,95.58550694444445,1023.4214722222224,3.046812500000011,59.52108333333339
2022-07-21,6.9757500000000086,92.52186111111118,970.8313263888864,2.9780763888889066,56.36820138888896
2022-07-22,7.164548611111118,93.03481250000004,979.9545902777778,3.190326388888913,58.17718749999987
2022-07-23,6.900256944444424,89.27108333333331,952.0328958333328,3.0480416666666965,55.7915902777778
2022-07-24,7.021708333333367,90.89870833333322,984.1282291666624,3.35056249999997,55.744374999999984
2022-07-25,7.111902777777779,85.55200694444466,938.2395555555548,3.248687500000038,52.542694444444535
2022-07-26,6.583951388888897,79.78125694444432,877.9484722222219,2.944409722222224,48.817368055555626
2022-07-27,6.986972222222217,84.61028472222246,940.1492083333328,3.0606666666666342,50.07338194444439
2022-07-28,8.660416666666713,95.77761805555522,1045.8192986111137,3.936652777777789,55.89725694444425
2022-07-29,9.019013888888896,98.25154861111136,1111.798277777774,4.036402777777796,57.83994444444464
2022-07-30,8.847097222222214,96.73258333333366,1144.8409444444446,3.8705069444444367,58.89154166666686
2022-07-31,8.856680555555538,100.19040277777744,1133.3589722222175,3.7078819444444218,59.68015277777761
2022-08-01,8.32385416666669,97.52643749999996,1093.755256944441,3.6346874999999934,58.96276388888863
2022-08-02,8.188277777777811,93.2448333333334,1045.7895624999985,3.622645833333337,56.51968055555556
2022-08-03,8.767430555555546,96.71498611111096,1062.5914652777817,3.850465277777769,57.59001388888896
2022-08-04,8.82213194444447,96.21403472222232,1053.951472222227,3.7740624999999945,56.8154513888888
2022-08-05,9.01612499999999,100.90057638888888,1089.331708333334,3.965569444444451,58.87811805555557
2022-08-06,8.966541666666624,101.04306249999978,1115.5868263888883,4.150249999999992,62.09523611111105
2022-08-07,8.86981250000001,100.77768055555572,1111.317326388884,4.1380069444444345,63.92190972222216
2022-08-08,8.967708333333388,103.78974305555543,1152.209708333338,4.146458333333316,63.93048611111138
2022-08-09,8.542236111111096,99.99334027777778,1102.848215277779,3.931250000000016,61.30699305555566
2022-08-10,8.780736111111095,103.60434722222206,1087.268041666669,3.9096527777777945,61.44033333333324
2022-08-11,9.19786111111113,109.70190277777787,1100.562895833335,4.156902777777772,64.70152083333325
2022-08-12,9.048965277777766,110.47937500000018,1078.5818055555587,4.035625000000016,64.49615277777774
2022-08-13,9.094034722222236,112.33837499999984,1080.1405486111116,4.069541666666674,65.3304513888889
2022-08-14,9.165520833333373,109.89289583333336,1057.0583888888875,3.968840277777807,64.93659027777811
2022-08-15,8.695708333333254,108.14883333333334,1013.3727916666644,3.784555555555583,62.24078472222214
2022-08-16,8.37678472222216,108.26069444444444,989.3461041666644,3.695472222222212,61.29604861111076
2022-08-17,8.247958333333324,106.79768055555542,970.6720138888866,3.634111111111091,60.70159722222257
2022-08-18,7.9940555555556125,99.82864583333348,935.2915069444448,3.5105486111111417,59.05906944444462
2022-08-19,7.129256944444464,87.98855555555565,856.4411250000011,2.9677777777777736,52.35395833333313
2022-08-20,7.050576388888844,84.3981319444446,839.7571805555582,2.833055555555573,50.71569444444449
2022-08-21,7.142423611111119,84.52954166666674,835.3099652777796,2.842256944444446,50.50529861111103
2022-08-22,6.9204791666666745,85.07222222222212,824.7891111111089,2.93173611111113,49.67971527777776
2022-08-23,7.054006944444538,88.58167361111106,844.2383472222189,3.052250000000019,50.68261805555544
2022-08-24,7.07063888888891,89.1130763888893,854.821124999996,3.0545277777777797,51.02246527777771
2022-08-25,7.089902777777771,90.8640833333333,856.9975555555563,3.015743055555592,51.41424999999993
2022-08-26,6.690493055555502,89.55895138888856,814.0503055555548,3.0153333333333303,49.61286805555557
2022-08-27,6.087194444444443,82.2186597222224,766.3807638888884,2.7646458333333053,46.39501388888915
2022-08-28,5.999680555555599,82.0018541666665,765.9703194444438,2.9949027777777606,46.20300000000002
2022-08-29,6.047750000000007,82.2654513888889,771.0843263888872,3.1236666666666686,46.57179166666677
2022-08-30,6.247965277777774,85.62772916666667,803.3747708333337,3.2080763888888826,48.776812500000034
2022-08-31,6.270381944444456,86.55780555555575,793.7339444444489,3.017840277777813,47.72309722222214
2022-09-01,6.146604166666668,84.5619583333332,753.9326041666673,2.9689166666666758,46.40640972222221
2022-09-02,6.381243055555588,87.55429861111116,758.7307986111139,3.0104236111110745,46.91702777777782
2022-09-03,6.325479166666719,87.1647569444444,743.6674027777782,2.9433541666666474,47.003638888888894
2022-09-04,6.395333333333329,87.71424999999975,744.0222500000011,2.956631944444431,48.27157638888897
2022-09-05,6.385333333333339,88.84842361111144,743.2885416666647,2.9706597222221776,47.89802777777786
2022-09-06,6.3496180555555854,89.97279861111107,741.0917222222234,2.938861111111119,48.5022361111112
2022-09-07,5.9309652777778,84.3326180555553,722.7956250000021,2.8487847222222733,45.96434027777777
2022-09-08,6.115048611111126,87.89016666666662,732.8319166666678,2.9191805555555472,49.0389652777779
2022-09-09,6.466006944444408,90.9161874999999,760.3257152777763,3.014361111111124,50.862881944444425
2022-09-10,6.5604791666667,91.58119444444463,766.4097569444455,3.020194444444489,53.3824305555555
2022-09-11,6.557354166666677,91.6573333333335,764.5400277777811,2.99877777777782,55.61918055555593
2022-09-12,6.67645138888889,91.97665277777791,748.6240972222217,2.962416666666649,54.90688194444439
2022-09-13,6.412722222222199,88.25031944444427,719.8081597222199,2.865951388888845,54.8083888888889
2022-09-14,6.130986111111115,84.01947222222226,699.3707013888873,2.715625,54.120013888888806
2022-09-15,6.017041666666696,80.82210416666626,682.9149652777799,2.643583333333343,56.43013194444429
2022-09-16,5.834604166666661,78.92428472222231,664.6935347222222,2.5901041666666624,55.393555555555565
2022-09-17,5.929722222222208,80.3717777777779,676.3412361111107,2.660638888888888,54.37286111111129
2022-09-18,5.864868055555566,78.82072222222199,667.2570902777798,2.6273541666666294,52.96620138888891
2022-09-19,5.38281250000002,74.05991666666675,624.512743055553,2.448722222222232,51.00294444444451
2022-09-20,5.426659722222203,75.54259722222224,619.0999791666667,2.4714861111111053,53.59386111111085
2022-09-21,5.403430555555588,75.05725694444422,610.6822847222228,2.3480694444444574,54.52261111111103
2022-09-22,5.675493055555567,75.00154861111132,625.1344791666687,2.3924166666666973,57.41221527777777
2022-09-23,5.843784722222247,75.8970416666667,657.364250000001,2.4633402777778275,61.69404861111106
2022-09-24,5.917444444444471,76.51368055555547,680.1398055555542,2.4906319444444387,62.43054861111116
2022-09-25,5.836499999999977,75.65129861111112,693.7001874999992,2.405305555555552,62.453069444444594
2022-09-26,5.752430555555521,74.85848611111102,696.7488263888882,2.3045486111111195,62.81807638888878
2022-09-27,6.413256944444434,78.24503472222224,746.9944861111109,2.3492430555555552,63.27997222222233
2022-09-28,6.295166666666633,75.64315972222215,712.0334305555542,2.3255833333333125,60.82831944444453
2022-09-29,6.359854166666651,76.33365277777828,727.056159722221,2.3985486111110874,61.2498333333334
2022-09-30,6.38840972222221,76.30251388888898,756.6246458333346,2.3904791666666387,61.70572222222226
2022-10-01,6.5082222222222414,74.88588888888881,756.8739375000005,2.3585138888888757,61.97405555555543
2022-10-02,6.310187499999971,74.2494930555556,752.0794097222241,2.2855972222222443,60.01715972222231
2022-10-03,6.454520833333312,74.5260208333332,790.6249513888872,2.266944444444414,59.48641666666653
2022-10-04,6.699930555555563,77.63128472222195,843.5953333333359,2.3203125000000155,60.03691666666671
2022-10-05,6.657173611111053,77.81613888888867,841.3615833333336,2.319090277777772,59.43268055555535
2022-10-06,6.897006944444375,78.91054861111147,842.489284722223,2.304902777777759,59.58978472222201
2022-10-07,6.894263888888857,76.8023472222218,849.2838055555542,2.265861111111142,59.092041666666624
2022-10-08,6.663659722222238,75.4341249999999,871.7528194444484,2.2455972222222464,59.22820833333306
2022-10-09,6.576159722222353,75.1875208333331,883.5407291666679,2.243277777777728,59.20198611111138
2022-10-10,6.446736111111145,74.90072916666682,937.9461458333363,2.2195694444444944,58.78595138888875
2022-10-11,6.227430555555549,72.46275000000013,964.408833333333,2.082187499999987,56.39720833333339
2022-10-12,6.095534722222203,71.99268055555571,950.963527777776,2.079812499999989,55.84072916666648
2022-10-13,5.826900085397137,68.87547803617566,923.6960973526924,2.024995693367809,53.93058570198123
