day,tvl,volume_traded,fees_collected,ma_tvl,apy
2021-05-05T00:00:00+00:00,1146.0330024895693,5189.385,15.568155,1146.0330024895693,0.7063880867666096
2021-05-06T00:00:00+00:00,1431.91342200071,0,0,1288.9732122451396,0.6280534399857173
2021-05-07T00:00:00+00:00,999128.9494352461,68341.81795125858,205.02545385377573,333902.2986199121,0.03435396434168866
2021-05-08T00:00:00+00:00,1.0330345373227538e+06,65514.496891887764,196.5434906756633,508685.3582956225,0.04264154417223275
2021-05-09T00:00:00+00:00,939690.8687265352,26010.76857311537,78.03230571934611,594886.4603818051,0.04328356886188155
2021-05-10T00:00:00+00:00,969690.9699460499,30085.562875581087,90.25668862674326,657353.8786425125,0.04631015024113485
2021-05-11T00:00:00+00:00,917070.46900914,10751.60878156787,32.25482634470361,694456.248694888,0.04625116112327452
2021-05-12T00:00:00+00:00,1.0387562301845914e+06,22404.280427134338,67.21284128140302,737493.7463811008,0.04829122385490873
2021-05-13T00:00:00+00:00,966220.4837242027,45034.54955281728,135.10364865845185,762907.8283081122,0.055891241046623186
2021-05-14T00:00:00+00:00,1.0025359502830482e+06,49841.089000895045,149.52326700268515,786870.6405056057,0.0640703472937684
2021-05-15T00:00:00+00:00,1.414069678056025e+06,335418.98543029407,1006.2569562908822,843888.7348283712,0.12174642544610483
2021-05-16T00:00:00+00:00,1.4735259678417044e+06,100236.79914543475,300.7103974363043,896358.5042461489,0.1320647676632856
2021-05-17T00:00:00+00:00,1.427532510942677e+06,654050.756780026,1962.152270340078,937218.0432228049,0.23517397819833052
2021-05-18T00:00:00+00:00,952741.1688817192,582977.6415734567,1748.93292472037,938326.8379127274,0.33181807784802997
2021-05-19T00:00:00+00:00,797195.4958306744,688040.7747511942,2064.1223242535825,928918.0817739238,0.4507266860507792
2021-05-20T00:00:00+00:00,1.379163252215691e+06,304983.39153945824,914.9501746183747,957058.4049265343,0.4871861270854775
2021-05-21T00:00:00+00:00,1.3434592837570198e+06,344239.27598821494,1032.7178279646448,979787.868387151,0.5306933485519194
2021-05-22T00:00:00+00:00,1.1976563033561152e+06,432796.5401616957,1298.389620485087,991891.6703298712,0.5922856120112099
2021-05-23T00:00:00+00:00,1.081580479427755e+06,407764.4817697564,1223.2934453092691,996612.133966602,0.6533077432790418
2021-05-24T00:00:00+00:00,1.1989067054120481e+06,420391.28254753456,1261.1738476426037,1.0067268625388744e+06,0.7118867002676927
2021-05-25T00:00:00+00:00,1.9644583942406569e+06,594132.3332641996,1782.3969997925985,1.052333125953245e+06,0.7691101688922993
2021-05-26T00:00:00+00:00,1.658997063073643e+06,289330.9134763785,867.9927404291354,1.0799087594587177e+06,0.7912665984517758
2021-05-27T00:00:00+00:00,1.7663997541832142e+06,436077.8815099295,1308.2336445297883,1.1097561940119567e+06,0.8312851824828708
2021-05-28T00:00:00+00:00,1.591580230062319e+06,384307.37584273325,1152.9221275281998,1.129832195514055e+06,0.869576769703559
2021-05-29T00:00:00+00:00,1.6511067574815622e+06,1.6082828436253802e+06,4824.84853087614,1.1506831779927553e+06,1.071857117646606
2021-05-30T00:00:00+00:00,1.8688243169807987e+06,270661.4587011007,811.9843761033022,1.1783039910307568e+06,1.0825654090582018
2021-05-31T00:00:00+00:00,1.8957611153248898e+06,900220.0217741026,2700.6600653223077,1.2048764771157247e+06,1.1752453403618717
2021-06-01T00:00:00+00:00,2.5975269618590004e+06,748064.0686458158,2244.1922059374474,1.2546139944279846e+06,1.2216693476701126
2021-06-02T00:00:00+00:00,3.0986229959239415e+06,2.4238802060549776e+06,7271.640618164934,1.3182005117209486e+06,1.4495888564028387
2021-06-03T00:00:00+00:00,3.497108035556024e+06,1.8937279433848e+06,5681.1838301544,1.3908307625154513e+06,1.5862967594080126
2021-06-04T00:00:00+00:00,3.3412902410555454e+06,652032.0419875433,1956.09612596263,1.5021689027838863e+06,1.5358977154150426
2021-06-05T00:00:00+00:00,3.869963245020066e+06,253142.8029903657,759.428408971097,1.6311199471704888e+06,1.4386851606410462
2021-06-06T00:00:00+00:00,3.73715424960717e+06,263714.2955536332,791.1428866608995,1.7223874571762197e+06,1.380146005953265
2021-06-07T00:00:00+00:00,3.3996133696690137e+06,434210.18808607035,1302.630564258211,1.801273418254428e+06,1.3516341677386363
2021-06-08T00:00:00+00:00,3.098537793310398e+06,315067.39656282414,945.2021896884723,1.8732349824072234e+06,1.3237824164119585
2021-06-09T00:00:00+00:00,3.177861109861726e+06,389786.7173798811,1169.3601521396433,1.946840653737746e+06,1.3025559676661231
2021-06-10T00:00:00+00:00,3.2047885272539095e+06,365919.32372314075,1097.7579711694223,2.0230979223459049e+06,1.2808451071647893
2021-06-11T00:00:00+00:00,2.998316660308253e+06,248800.23447856563,746.4007034356969,2.088416603350027e+06,1.2576958255219344
2021-06-12T00:00:00+00:00,2.8229733988492345e+06,177132.7944406743,531.3983833220229,2.150308367187528e+06,1.2310793235897177
2021-06-13T00:00:00+00:00,2.8666729414856583e+06,176199.45575565824,528.5983672669747,2.2124462668942814e+06,1.2054132637281851
2021-06-14T00:00:00+00:00,3.1063255749417255e+06,208951.55651727374,626.8546695518212,2.2688547967904718e+06,1.1667485994408089
2021-06-15T00:00:00+00:00,3.102970027643412e+06,178676.5975635494,536.0297926906483,2.3231695987838623e+06,1.1447376749571914
2021-06-16T00:00:00+00:00,2.9605804674220425e+06,230214.80133089886,690.6444039926965,2.3742711973331734e+06,1.0922515333993232
2021-06-17T00:00:00+00:00,2.8984752905362193e+06,133086.35494330787,399.2590648299236,2.439129001388324e+06,1.0344341417951135
2021-06-18T00:00:00+00:00,2.8263387909446885e+06,310022.8003034472,930.0684009103416,2.506767111225458e+06,0.9829981812950431
2021-06-19T00:00:00+00:00,2.7372628229189054e+06,126867.9146468729,380.6037439406187,2.552037096915565e+06,0.9546732294033808
2021-06-20T00:00:00+00:00,2.6849722476576227e+06,297869.7720806447,893.609316241934,2.596754195712252e+06,0.9354477440610258
2021-06-21T00:00:00+00:00,2.4911328138768184e+06,651281.2479206192,1953.8437437618577,2.639870079396276e+06,0.9330805663109548
2021-06-22T00:00:00+00:00,2.239305397272235e+06,444439.35120696365,1333.318053620891,2.6784609099910916e+06,0.9217729252994168
2021-06-23T00:00:00+00:00,2.4915810759532237e+06,130900.60184556834,392.70180553670497,2.7215500556757976e+06,0.8905852005397946
2021-06-24T00:00:00+00:00,2.487442003093493e+06,116467.64576035162,349.40293728105485,2.7389828426375585e+06,0.8577112913201953
2021-06-25T00:00:00+00:00,2.1520781345898677e+06,100191.79745721842,300.57539237165525,2.755418878354766e+06,0.8418868096558267
2021-06-26T00:00:00+00:00,2.0344185639568574e+06,96788.60727380318,290.3658218214095,2.7643528386805537e+06,0.820018939067368
2021-06-27T00:00:00+00:00,2.1130583313372005e+06,182696.8429295011,548.0905287885033,2.781735442056383e+06,0.8035884380132658
2021-06-28T00:00:00+00:00,2.4072700697781136e+06,131896.0822978127,395.68824689343813,2.8069408857996017e+06,0.7143200322546011
2021-06-29T00:00:00+00:00,2.602680952771495e+06,185872.45855042606,557.6173756512782,2.8314027736592917e+06,0.7034771027943145
2021-06-30T00:00:00+00:00,2.577461584796213e+06,272969.92530517146,818.9097759155144,2.854126122641669e+06,0.6635922603362322
2021-07-01T00:00:00+00:00,2.6142846694901455e+06,312254.8987816404,936.7646963449213,2.8546847128960406e+06,0.6396467414635142
2021-07-02T00:00:00+00:00,2.5222904235393195e+06,145268.45345994807,435.8053603798442,2.8354736271498874e+06,0.5186175343069418
2021-07-03T00:00:00+00:00,2.6066613808434107e+06,160020.80358475895,480.0624107542768,2.8057920719928e+06,0.4277109623606879
2021-07-04T00:00:00+00:00,2.7069041187802595e+06,470557.9721791122,1411.6739165373367,2.784645867916957e+06,0.42079249139225117
2021-07-05T00:00:00+00:00,2.7759703891758677e+06,615308.2579674927,1845.9247739024781,2.7481794393888167e+06,0.4469343834606027
2021-07-06T00:00:00+00:00,2.9007142129949816e+06,1.6232901021726485e+06,4869.870306517945,2.7202981048350767e+06,0.5294823044043682
2021-07-07T00:00:00+00:00,2.931177071327188e+06,566257.2126314868,1698.7716378944604,2.704683561557016e+06,0.5401552572763694
2021-07-08T00:00:00+00:00,2.7400718681573924e+06,1.5418787703547236e+06,4625.6363110641705,2.6927346973852487e+06,0.6136258506862976
2021-07-09T00:00:00+00:00,2.738543108873643e+06,658683.8239968664,1976.051471990599,2.67809076401898e+06,0.6326445655804425
2021-07-10T00:00:00+00:00,2.7422261744556855e+06,386045.04990605573,1158.1351497181672,2.662672018925706e+06,0.6374871441947876
2021-07-11T00:00:00+00:00,2.79986150648228e+06,686375.0960274042,2059.1252880822126,2.656056847131506e+06,0.6647752519231055
2021-07-12T00:00:00+00:00,2.83257072499294e+06,770781.2854767733,2312.3438564303196,2.656376758002964e+06,0.6995581551739711
2021-07-13T00:00:00+00:00,2.658464024700211e+06,315802.24090388825,947.4067227116647,2.6494364607767817e+06,0.7096105479757304
2021-07-14T00:00:00+00:00,2.561635494239705e+06,482630.48887325736,1447.891466619772,2.6312801247533807e+06,0.7307325260120064
2021-07-15T00:00:00+00:00,2.53134345896445e+06,354590.79653743305,1063.772389612299,2.612225905797416e+06,0.7465681214316057
2021-07-16T00:00:00+00:00,2.465884556044552e+06,429601.640314909,1288.804920944727,2.595736042084833e+06,0.7632936870331071
2021-07-17T00:00:00+00:00,2.4135757066518837e+06,216443.03436116324,649.3291030834897,2.5795727226220216e+06,0.7731174076339712
2021-07-18T00:00:00+00:00,2.4771966346236374e+06,241189.10712148782,723.5673213644635,2.5679346507446533e+06,0.7724396410964962
2021-07-19T00:00:00+00:00,2.3557274937803424e+06,203956.40353922872,611.8692106176861,2.5552168064400344e+06,0.7809906068315055
2021-07-20T00:00:00+00:00,2.1972414588669236e+06,303703.1414276159,911.1094242828477,2.5389591134803444e+06,0.7863499334296182
2021-07-21T00:00:00+00:00,2.364034393790136e+06,338577.2249493507,1015.7316748480521,2.5347224994774554e+06,0.7684188319170271
2021-07-22T00:00:00+00:00,2.512304533417388e+06,167013.55948200086,501.0406784460025,2.5438224706822936e+06,0.7486568346345237
2021-07-23T00:00:00+00:00,2.0587492605214682e+06,600348.9780336486,1801.0469341009455,2.5293947435012357e+06,0.7818803413503471
2021-07-24T00:00:00+00:00,2.1386933715875037e+06,468106.0044910448,1404.3180134731342,2.517769789117702e+06,0.8072777813942901
2021-07-25T00:00:00+00:00,2.106391127535451e+06,168146.63243397293,504.4398973019188,2.5162468888825546e+06,0.8119793700308257
2021-07-26T00:00:00+00:00,2.2948582011940414e+06,440835.6375007749,1322.5069125023247,2.524928210123794e+06,0.8304441654954955
2021-07-27T00:00:00+00:00,2.1939341985148154e+06,220074.50627340964,660.223518820229,2.5276240723630483e+06,0.8318653231958664
2021-07-28T00:00:00+00:00,2.2431113345701685e+06,216316.62953652354,648.9498886095706,2.5221521145227836e+06,0.8388916786819223
2021-07-29T00:00:00+00:00,2.279786636416745e+06,270314.284517896,810.9428535536881,2.511388970644292e+06,0.8477322194928315
2021-07-30T00:00:00+00:00,2.354716420189732e+06,290504.62562049984,871.5138768614994,2.5039641318240757e+06,0.8513383767164383
2021-07-31T00:00:00+00:00,2.4491930005208543e+06,226224.99302839412,678.6749790851824,2.498461076191766e+06,0.8478419432791678
2021-08-01T00:00:00+00:00,2.33205646009715e+06,326257.39014567505,978.7721704370252,2.492119944077027e+06,0.8613286745168056
2021-08-02T00:00:00+00:00,2.2925143843678613e+06,256012.22552853296,768.0366765855989,2.4816483775278423e+06,0.8709972974274596
2021-08-03T00:00:00+00:00,2.1968307593436306e+06,123479.5584756297,370.43867542688906,2.4646459322132873e+06,0.8550375410563752
2021-08-04T00:00:00+00:00,2.31679338024287e+06,171391.15798138853,514.1734739441656,2.449340031915521e+06,0.8321073037223402
2021-08-05T00:00:00+00:00,2.558137145889516e+06,451990.27388073824,1355.9708216422148,2.4379207963453387e+06,0.7610546492832226
2021-08-06T00:00:00+00:00,2.6591667467269725e+06,395019.0481749314,1185.0571445247942,2.428853785525332e+06,0.7528974423596819
2021-08-07T00:00:00+00:00,2.8194531609915155e+06,345755.1106162076,1037.2653318486227,2.4314998286198024e+06,0.6753372929499832
2021-08-08T00:00:00+00:00,2.882151393283981e+06,125303.94295141527,375.9118288542458,2.4362867714334805e+06,0.6398570434744563
2021-08-09T00:00:00+00:00,2.841716883399836e+06,324983.64087900583,974.9509226370175,2.4396031283982852e+06,0.6350826709401527
2021-08-10T00:00:00+00:00,2.998426007006862e+06,316104.62059855147,948.3138617956545,2.446221945082438e+06,0.6097514903129395
2021-08-11T00:00:00+00:00,3.1336420262737796e+06,1.075406687829171e+06,3226.2200634875135,2.456257655125133e+06,0.6266073252558674
2021-08-12T00:00:00+00:00,3.0568640683818227e+06,1.288674602575599e+06,3866.0238077267973,2.469537656581186e+06,0.6846938022313197
2021-08-13T00:00:00+00:00,3.473261162703237e+06,598645.0763057038,1795.9352289171113,2.4999251788633033e+06,0.6836106208004653
2021-08-14T00:00:00+00:00,3.5586851468673684e+06,458151.1477443783,1374.453443233135,2.5341699017934008e+06,0.6807478918619019
2021-08-15T00:00:00+00:00,5.539610846577831e+06,801011.9429488737,2403.0358288466214,2.6366274448111774e+06,0.6762695385674156
2021-08-16T00:00:00+00:00,6.0660514735888755e+06,2.8272877032224042e+06,8481.863109667212,2.7583766370424097e+06,0.7940766914874778
2021-08-17T00:00:00+00:00,5.9510519130798e+06,4.1838851693210234e+06,12551.65550796307,2.874171812990949e+06,0.9760805414769943
2021-08-18T00:00:00+00:00,6.607317532300207e+06,3.0847341227055187e+06,9254.202368116557,3.015891480941611e+06,1.0792246751185661
2021-08-19T00:00:00+00:00,6.763148327664603e+06,2.33310487934828e+06,6999.314638044841,3.1680883765682e+06,1.127307937885363
2021-08-20T00:00:00+00:00,7.6611100958263725e+06,1.660153810191693e+06,4980.461430575079,3.3446575666360753e+06,1.1294361371423827
2021-08-21T00:00:00+00:00,1.7490605938503534e+07,3.788492499112329e+06,11365.477497336986,3.8439342801389466e+06,1.1297091782096889
2021-08-22T00:00:00+00:00,1.8124598888540946e+07,2.2648160208629826e+06,6794.448062588947,4.379462601072929e+06,1.0508560329437917
2021-08-23T00:00:00+00:00,1.8949375385828964e+07,1.732164843734475e+06,5196.494531203425,4.939818668214311e+06,0.9715696459048554
2021-08-24T00:00:00+00:00,1.9199488869766526e+07,4.083969405758643e+06,12251.908217275928,5.509588592955348e+06,0.9819691862052009
2021-08-25T00:00:00+00:00,1.882065078799428e+07,2.209373549605144e+06,6628.120648815433,6.06044834584869e+06,0.9382372089901594
2021-08-26T00:00:00+00:00,1.8785230652610004e+07,3.9957028336112145e+06,11987.108500833643,6.613491560985195e+06,0.9488386130741518
2021-08-27T00:00:00+00:00,1.9038176059662584e+07,2.2024171408256586e+06,6607.251422476976,7.173327051821609e+06,0.9179795919651684
2021-08-28T00:00:00+00:00,1.9380640954305872e+07,1.1693691959657618e+06,3508.107587897285,7.743355529084581e+06,0.8685149972759714
2021-08-29T00:00:00+00:00,1.928811821774763e+07,1.3749839910734599e+06,4124.95197322038,8.307802255669844e+06,0.829870400749512
2021-08-30T00:00:00+00:00,1.9078691063991345e+07,1.5113266508697364e+06,4533.979952609209,8.862118857785527e+06,0.8005845057754682
2021-08-31T00:00:00+00:00,1.9358529457775213e+07,1.7679058268448655e+06,5303.717480534596,9.429667957708128e+06,0.7762491993183418
2021-09-01T00:00:00+00:00,2.079942586602613e+07,3.719721193988783e+06,11159.163581966348,1.0046565007096736e+07,0.7823679830406012
2021-09-02T00:00:00+00:00,2.129570411194958e+07,2.1422128599747936e+06,6426.638579924381,1.0683194118850267e+07,0.7652236873331503
2021-09-03T00:00:00+00:00,2.1255626276939504e+07,2.084801643685608e+06,6254.404931056824,1.1314488548740156e+07,0.7489092587252468
2021-09-04T00:00:00+00:00,2.1256978696698483e+07,1.4759953717389642e+06,4427.986115216892,1.1937783267100455e+07,0.7231887054735485
2021-09-05T00:00:00+00:00,2.1525209498148896e+07,3.743204049872284e+06,11229.612149616853,1.2566651358814519e+07,0.7285621782608801
2021-09-06T00:00:00+00:00,2.1772079255937036e+07,5.203373072101437e+06,15610.119216304309,1.319840556197937e+07,0.7511040059241775
2021-09-07T00:00:00+00:00,1.987622809582789e+07,2.745475425094167e+07,82364.26275282502,1.37648747853975e+07,1.029923610529359
2021-09-08T00:00:00+00:00,1.7680830659205936e+07,1.389906446171756e+07,41697.193385152685,1.4259511911257703e+07,1.1426987295860935
2021-09-09T00:00:00+00:00,1.7979067112554602e+07,5.52382693188998e+06,16571.48079566994,1.4758866614775961e+07,1.1590816065067533
2021-09-10T00:00:00+00:00,1.7484988887090996e+07,9.755508626956243e+06,29266.52588086873,1.5237244843469867e+07,1.2115593677349665
2021-09-11T00:00:00+00:00,1.76244676774398e+07,1.5366844926951556e+06,4610.053478085467,1.5722831630438467e+07,1.1766020718317634
2021-09-12T00:00:00+00:00,1.779503803915922e+07,1.4103149057968527e+06,4230.944717390558,1.6200224192987e+07,1.14974561727977
2021-09-13T00:00:00+00:00,1.707225314367611e+07,7.615226994294483e+06,22845.68098288345,1.6650676459547292e+07,1.1856960072981377
2021-09-14T00:00:00+00:00,1.7993586086028263e+07,4.063366503661809e+06,12190.099510985427,1.7065808967528977e+07,1.1866749444402012
2021-09-15T00:00:00+00:00,1.9276370657102898e+07,3.5800675073959893e+06,10740.202522187967,1.7506152940312777e+07,1.163533851627409
2021-09-16T00:00:00+00:00,2.014654093202188e+07,2.5024031090405416e+06,7507.2093271216245,1.7979335907610845e+07,1.1183221927515956
2021-09-17T00:00:00+00:00,1.8650087490843598e+07,3.5603137251477814e+06,10680.941175443344,1.8380761572895627e+07,1.0979349628340043
2021-09-18T00:00:00+00:00,1.8331849093905564e+07,1.3239333813804958e+06,3971.800144141487,1.8766384931770325e+07,1.0669849357516066
2021-09-19T00:00:00+00:00,1.7923004837394346e+07,996327.7007674386,2988.9831023023157,1.9108448089822587e+07,1.0424652517047837
2021-09-20T00:00:00+00:00,1.6175397782061486e+07,3.0261885404956755e+06,9078.565621487027,1.9064607817941185e+07,1.0386247605611032
2021-09-21T00:00:00+00:00,1.5183012268414464e+07,2.560922882077501e+06,7682.768646232503,1.8966554930603635e+07,1.046429700758434
2021-09-22T00:00:00+00:00,1.5280328460560923e+07,1.352334412972734e+06,4057.003238918202,1.8844253366428033e+07,1.0500767777037148
2021-09-23T00:00:00+00:00,1.606657185893375e+07,1.3998421740361536e+06,4199.526522108461,1.8739822799400277e+07,1.033584426727999
2021-09-24T00:00:00+00:00,1.5431380954782292e+07,2.198140595850625e+06,6594.421787551875,1.8626847138293207e+07,1.0397592528958377
2021-09-25T00:00:00+00:00,1.5220829275748279e+07,1.4123255223916702e+06,4236.97656717501,1.8508033759064484e+07,1.0246593479698218
2021-09-26T00:00:00+00:00,1.5741072162985688e+07,5.09518035800559e+06,15285.541074016768,1.839813029584192e+07,1.0553083684832145
2021-09-27T00:00:00+00:00,1.646328289028041e+07,2.174132753206304e+06,6522.398259618912,1.830088502704107e+07,1.0694807355849816
2021-09-28T00:00:00+00:00,1.562934114356141e+07,1.3713316320064561e+06,4113.994896019369,1.8178925791234862e+07,1.0766243526885604
2021-09-29T00:00:00+00:00,1.55992649249193e+07,1.3691782096647965e+06,4107.534628994389,1.8062944919932462e+07,1.0823096201860496
2021-09-30T00:00:00+00:00,1.5638768391206097e+07,1.1858573222435976e+06,3557.571966730793,1.7938952884380158e+07,1.084728836428303
2021-10-01T00:00:00+00:00,1.6437088491273105e+07,1.634361468158992e+06,4903.0844044769765,1.7793541638555057e+07,1.0753105683203468
2021-10-02T00:00:00+00:00,1.7382697697019417e+07,1.5618296862776561e+06,4685.489058832968,1.7663108091390718e+07,1.078125293587006
2021-10-03T00:00:00+00:00,1.7560438779815402e+07,819834.8235854802,2459.5044707564407,1.7539935174819913e+07,1.074445748226519
2021-10-04T00:00:00+00:00,1.7020799471821874e+07,1.3485644894987934e+06,4045.6934684963803,1.739872920065736e+07,1.0820232522736932
2021-10-05T00:00:00+00:00,1.686723611508643e+07,1.1615177076786954e+06,3484.553123036086,1.724346342122195e+07,1.0684098684646273
2021-10-06T00:00:00+00:00,1.6496968798661629e+07,953977.5373655133,2861.9326120965397,1.7067626405979432e+07,1.0405770761481803
2021-10-07T00:00:00+00:00,1.6501591016348792e+07,336947.29548087943,1010.8418864426383,1.695513850333013e+07,0.7979765482077483
2021-10-08T00:00:00+00:00,1.678221297631349e+07,503899.7402497507,1511.6992207492522,1.692518458056705e+07,0.6759251071245572
2021-10-09T00:00:00+00:00,1.669382763027052e+07,383614.2783593545,1150.8428350780634,1.6882343264490914e+07,0.6301426206128445
2021-10-10T00:00:00+00:00,1.655907527885823e+07,677657.8022350583,2032.9734067051747,1.6851479477549825e+07,0.5472599192493149
2021-10-11T00:00:00+00:00,1.572450605943734e+07,626171.3936923821,1878.5141810771463,1.6788147423616406e+07,0.5408636834995693
2021-10-12T00:00:00+00:00,1.5060122029260455e+07,626307.1133748522,1878.9213401245568,1.669698355661978e+07,0.5364917566503611
2021-10-13T00:00:00+00:00,1.5387662734657355e+07,587153.0863515652,1761.4592590546956,1.6640830542985823e+07,0.4724171963116145
2021-10-14T00:00:00+00:00,1.5710233160905102e+07,1.0235660214743959e+06,3070.6980644231876,1.656471877881505e+07,0.44596022020249765
2021-10-15T00:00:00+00:00,1.5817313133191114e+07,652263.338188059,1956.790014564177,1.6449416861351324e+07,0.42131999220469823
2021-10-16T00:00:00+00:00,1.6146025163738338e+07,705541.7830102625,2116.6253490307877,1.6316066335741874e+07,0.407583401543781
2021-10-17T00:00:00+00:00,1.6051030266698137e+07,678633.4274131509,2035.9002822394527,1.6229431094937027e+07,0.3820599535632155
2021-10-18T00:00:00+00:00,1.5677849078312458e+07,201292.60968426272,603.8778290527881,1.6140964427750587e+07,0.3733038231436179
2021-10-19T00:00:00+00:00,1.5609823868255382e+07,378977.0838139206,1136.9312514417618,1.6063858395445954e+07,0.3691004295419203
2021-10-20T00:00:00+00:00,1.5775895176635176e+07,1.8704829725249007e+06,5611.448917574702,1.6050541641931744e+07,0.3581740163981371
2021-10-21T00:00:00+00:00,1.563679642904114e+07,654947.5923632615,1964.8427770897845,1.6065667780619299e+07,0.339329487855915
2021-10-22T00:00:00+00:00,1.5418313194338337e+07,1.5125108891998467e+06,4537.532667599539,1.6070267271745212e+07,0.3407872599593364
2021-10-23T00:00:00+00:00,1.5236889518132789e+07,191094.70835451587,573.2841250635475,1.6042611193718513e+07,0.3296207632194205
2021-10-24T00:00:00+00:00,1.5345351006917654e+07,436092.3256754549,1308.2769770263649,1.6039743528789693e+07,0.31254229262211036
2021-10-25T00:00:00+00:00,1.5221130700772997e+07,220756.05536283168,662.268166088495,1.6039753576290518e+07,0.3009530885709823
2021-10-26T00:00:00+00:00,1.605944862867674e+07,1.489645044969684e+06,4468.935134909052,1.6050366125146886e+07,0.2657104415323398
2021-10-27T00:00:00+00:00,1.566702970452233e+07,2.0364384763991737e+06,6109.315429197522,1.602382435228828e+07,0.2648100396882232
2021-10-28T00:00:00+00:00,1.5125336027626453e+07,480008.413205589,1440.025239616767,1.6007024181757117e+07,0.2564013831647198
2021-10-29T00:00:00+00:00,1.547146628598138e+07,466318.6288595361,1398.9558865786082,1.6002764227125853e+07,0.24766827716112993
2021-10-30T00:00:00+00:00,1.5246010944951996e+07,384229.88308879896,1152.6896492663968,1.5989672312250715e+07,0.24005014552418855
2021-10-31T00:00:00+00:00,1.5049069001480626e+07,819863.9466374,2459.5918399122,1.5943404995924301e+07,0.2327772237505874
2021-11-01T00:00:00+00:00,1.5626255079934422e+07,1.5937443494079039e+06,4781.233048223711,1.5884856908688134e+07,0.23394861287659732
2021-11-02T00:00:00+00:00,1.650628124982928e+07,744028.8256869997,2232.086477060999,1.5849718324355263e+07,0.2337211569347778
2021-11-03T00:00:00+00:00,1.716118991778554e+07,685240.1195390195,2055.7203586170585,1.5854398005887385e+07,0.22712536299440447
2021-11-04T00:00:00+00:00,1.704779145544009e+07,366600.46870089433,1099.801406102683,1.586041651723251e+07,0.21922052356485583
2021-11-05T00:00:00+00:00,1.6824515163503174e+07,593159.9051007624,1779.479715302287,1.5871334729393896e+07,0.21552322602685894
2021-11-06T00:00:00+00:00,1.617317770559626e+07,956550.3167957444,2869.650950387233,1.5860387619035475e+07,0.22176629083987764
2021-11-07T00:00:00+00:00,1.6480937639222868e+07,343316.7433849859,1029.9502301549578,1.5850345107799122e+07,0.22032633121199113
2021-11-08T00:00:00+00:00,1.6864823855912745e+07,1.119138824373092e+06,3357.4164731192764,1.5856044981987197e+07,0.22748360132183484
2021-11-09T00:00:00+00:00,1.7805969098277654e+07,674439.5144437997,2023.318543331399,1.5897608109301178e+07,0.22685728177045572
2021-11-10T00:00:00+00:00,1.820378533544176e+07,2.425183558943846e+06,7275.550676831537,1.5980250751834659e+07,0.2432461242612838
2021-11-11T00:00:00+00:00,1.7738764284254164e+07,556370.2462966059,1669.1107388898176,1.6069538827001115e+07,0.24121562856116008
2021-11-12T00:00:00+00:00,1.7294789408104356e+07,691753.6063787264,2075.260819136179,1.6133109716116017e+07,0.24127658327884927
2021-11-13T00:00:00+00:00,1.7024083829664476e+07,80531.73193953722,241.59519581861164,1.6176904738407996e+07,0.23152935010535494
2021-11-14T00:00:00+00:00,1.729132226287917e+07,623202.4101843991,1869.6072305531973,1.6226038376064265e+07,0.2305488653071119
2021-11-15T00:00:00+00:00,1.715598688063947e+07,542091.730150852,1626.275190452556,1.6259703766627636e+07,0.22850333444640594
2021-11-16T00:00:00+00:00,1.564838965694497e+07,690471.6665099312,2071.414999529794,1.6246282412969198e+07,0.2288057783679097
2021-11-17T00:00:00+00:00,1.5323636250033522e+07,303582.95199428574,910.7488559828572,1.6234475318693234e+07,0.2299551117729107
2021-11-18T00:00:00+00:00,1.4935346387922006e+07,693049.287671518,2079.1478630145543,1.621199273601545e+07,0.23329617227647662
2021-11-19T00:00:00+00:00,1.4894078786133992e+07,1.410115366327822e+06,4230.346098983466,1.618259885633208e+07,0.22928199213613157
2021-11-20T00:00:00+00:00,1.3461148194743864e+07,449827.4295661743,1349.4822886985228,1.611007724852217e+07,0.22832787835705678
2021-11-21T00:00:00+00:00,1.337807039861203e+07,136441.06669747885,409.32320009243654,1.6042069155331293e+07,0.21591434574148347
2021-11-22T00:00:00+00:00,1.2856749420087162e+07,732748.1798118035,2198.2445394354104,1.5962731152063105e+07,0.22228093512066302
2021-11-23T00:00:00+00:00,1.3208847511934813e+07,409858.25273335696,1229.5747582000708,1.5891514368897013e+07,0.22301954426180629
2021-11-24T00:00:00+00:00,1.3283689149648612e+07,495344.3498951024,1486.033049685307,1.5826932983859533e+07,0.22663608102633684
2021-11-25T00:00:00+00:00,1.3567397485827362e+07,499530.3546945467,1498.5910640836403,1.574386461243122e+07,0.21802119485549953
2021-11-26T00:00:00+00:00,1.2728763464791255e+07,1.5470575987193466e+06,4641.17279615804,1.5645922404440185e+07,0.2145065449496905
2021-11-27T00:00:00+00:00,1.250696144016939e+07,835833.567016005,2507.5007010480153,1.5558643251524948e+07,0.21927756979629032
2021-11-28T00:00:00+00:00,1.2123021254644392e+07,658656.29085125,1975.9688725537503,1.5447028417147046e+07,0.22280441673636805
2021-11-29T00:00:00+00:00,1.2723494102726173e+07,350200.469258577,1050.6014077757309,1.5362944522406187e+07,0.22367831656381088
2021-11-30T00:00:00+00:00,1.2744842311811514e+07,821831.0139103289,2465.4930417309865,1.5286136966083882e+07,0.2248222973766827
2021-12-01T00:00:00+00:00,1.2945662618511304e+07,447999.29838019557,1343.9978951405867,1.5196783884036444e+07,0.2143827422716461
2021-12-02T00:00:00+00:00,1.2548842074040283e+07,429445.1172460843,1288.335351738253,1.506486924484348e+07,0.2130023893404092
2021-12-03T00:00:00+00:00,1.1990346570486138e+07,390961.5787523399,1172.8847362570198,1.4892507799933499e+07,0.21238502839017542
2021-12-04T00:00:00+00:00,1.00701467334593e+07,1.0124295140202893e+06,3037.2885420608677,1.465991964253414e+07,0.22262707453664068
2021-12-05T00:00:00+00:00,9.909174422365198e+06,745521.2141037206,2236.563642311162,1.4429408284496209e+07,0.22783078296400505
2021-12-06T00:00:00+00:00,9.41478209981191e+06,134472.06437616638,403.4161931284991,1.4204128430970062e+07,0.22241556003523558
2021-12-07T00:00:00+00:00,1.0182577600274242e+07,217167.7855985474,651.5033567956423,1.3994183096338442e+07,0.22434606727372247
2021-12-08T00:00:00+00:00,1.0108847673435995e+07,281078.1898252329,843.2345694756988,1.3768983890255881e+07,0.21852029949078197
2021-12-09T00:00:00+00:00,9.989426676681546e+06,601422.5252793734,1804.2675758381204,1.3508432476202678e+07,0.2218919062854443
2021-12-10T00:00:00+00:00,9.410135566473287e+06,927116.8048793889,2781.350414638167,1.3215310817237066e+07,0.2091296570818433
2021-12-11T00:00:00+00:00,9.261789574246125e+06,82327.92326644878,246.98376979934633,1.2932744993570128e+07,0.20798081291971252
2021-12-12T00:00:00+00:00,9.295396446532903e+06,142533.4238139609,427.6002714418827,1.2666098561517745e+07,0.20559483695142772
2021-12-13T00:00:00+00:00,8.839885999085724e+06,653644.3057918438,1960.9329173755316,1.239329196716512e+07,0.21733450944455002
2021-12-14T00:00:00+00:00,8.489279350158686e+06,94719.8389867268,284.1595169601804,1.2099890536741104e+07,0.21579093968260948
2021-12-15T00:00:00+00:00,8.642554203301253e+06,200617.8368886711,601.8535106660133,1.1816109447496498e+07,0.21646522766197787
2021-12-16T00:00:00+00:00,8.97666571706047e+06,100661.03950922417,301.9831185276725,1.1593718649500346e+07,0.21268123182593648
2021-12-17T00:00:00+00:00,8.72262048028481e+06,153918.94307869454,461.75682923608366,1.1373684790508723e+07,0.21474296355271066
2021-12-18T00:00:00+00:00,9.188412482000973e+06,599229.1759218207,1797.6875277654622,1.118212032697802e+07,0.21711292402550925
2021-12-19T00:00:00+00:00,9.115655990551414e+06,68287.60039647119,204.86280118941355,1.0989506233791936e+07,0.20187055380963284
2021-12-20T00:00:00+00:00,8.794143281856416e+06,158303.35648524237,474.9100694557271,1.0833939403362354e+07,0.2005715440345709
2021-12-21T00:00:00+00:00,8.858487338765413e+06,147992.903506938,443.97871052081393,1.06832866347008e+07,0.20356863154711646
2021-12-22T00:00:00+00:00,8.78118011348109e+06,79566.52480868889,238.69957442606665,1.0547434324480599e+07,0.19652985159243766
2021-12-23T00:00:00+00:00,9.164661711699601e+06,1.8267153249816427e+06,5480.145974944928,1.0412628131139427e+07,0.22030128963136902
2021-12-24T00:00:00+00:00,1.0327022322205998e+07,511073.36552496324,1533.2200965748896,1.0314072570224673e+07,0.22264426748454844
2021-12-25T00:00:00+00:00,1.0381089933871584e+07,66829.480160132,200.48844048039604,1.0207862318492813e+07,0.21834814442147263
2021-12-26T00:00:00+00:00,1.0326396515451469e+07,338311.7681933907,1014.9353045801721,1.0127783420181489e+07,0.20145607005428698
2021-12-27T00:00:00+00:00,1.0785707842007905e+07,673380.3734387675,2020.1411203163027,1.0070408300242774e+07,0.20008729417099236
2021-12-28T00:00:00+00:00,1.0474572184264654e+07,1.5565436070609605e+06,4669.630821182882,1.0015459997896783e+07,0.21517046344091476
2021-12-29T00:00:00+00:00,1.0080928487078222e+07,226673.88747469214,680.0216624240763,9.927374477375183e+06,0.21513855727217485
2021-12-30T00:00:00+00:00,9.80446102822461e+06,321029.019515164,963.087058545492,9.829361767922284e+06,0.2093356577995198
2021-12-31T00:00:00+00:00,1.0072295146434862e+07,1.0056946953794436e+06,3017.084086138331,9.733582852186404e+06,0.2203337071187108
2022-01-01T00:00:00+00:00,9.73065486159825e+06,1.1398388558078245e+06,3419.5165674234736,9.639643278438335e+06,0.2339773113419992
2022-01-02T00:00:00+00:00,9.90215785973894e+06,183902.0050443439,551.7060151330318,9.570036988080095e+06,0.23230385899820122
2022-01-03T00:00:00+00:00,1.0132565202151038e+07,464314.65960501647,1392.9439788150494,9.572117603703152e+06,0.2233205539567082
2022-01-04T00:00:00+00:00,1.005581404946652e+07,582106.3950766424,1746.3191852299271,9.577005591273196e+06,0.22054470720515948
2022-01-05T00:00:00+00:00,9.912934460216636e+06,621120.5902691268,1863.3617708073805,9.593610669953354e+06,0.22807628319979165
2022-01-06T00:00:00+00:00,8.891282491568616e+06,1.0524823727666263e+06,3157.447118299879,9.550567499663169e+06,0.242748312050442
2022-01-07T00:00:00+00:00,8.462965611541769e+06,875492.0014251199,2626.47600427536,9.495704764266692e+06,0.2539161393633351
2022-01-08T00:00:00+00:00,8.34795587387821e+06,362306.37898736226,1086.9191369620867,9.440989070839915e+06,0.2514366405514637
2022-01-09T00:00:00+00:00,8.241226642776892e+06,377321.8740643003,1131.9656221929008,9.402025440050038e+06,0.2433563470804374
2022-01-10T00:00:00+00:00,8.041749557779046e+06,587130.5101802836,1761.3915305408507,9.361357439501135e+06,0.2528257023729887
2022-01-11T00:00:00+00:00,8.019983087130306e+06,161783.17373468162,485.3495212040449,9.31884366085438e+06,0.2543013722559693
2022-01-12T00:00:00+00:00,8.397607593791937e+06,162586.69805948064,487.7600941784419,9.304101047344588e+06,0.24647085541298402
2022-01-13T00:00:00+00:00,8.449333821850356e+06,89085.90347999064,267.2577104399719,9.30276952973431e+06,0.24641165652034372
2022-01-14T00:00:00+00:00,8.315235246562488e+06,69254.69971884982,207.76409915654946,9.291858897843016e+06,0.24449555526264943
2022-01-15T00:00:00+00:00,8.476813485974751e+06,244372.83914055733,733.118517421672,9.275197156806827e+06,0.24735185706636165
2022-01-16T00:00:00+00:00,8.585587134468757e+06,223078.15097024274,669.2344529107282,9.270629378612958e+06,0.24863749630003634
2022-01-17T00:00:00+00:00,8.381692128730996e+06,275936.1977161573,827.8085931484719,9.243738700170627e+06,0.2439048145294487
2022-01-18T00:00:00+00:00,8.123591090279592e+06,153114.85362125075,459.34456086375224,9.210669870161565e+06,0.24621720859560997
2022-01-19T00:00:00+00:00,7.910663120653476e+06,109183.37319207628,327.55011957622884,9.1812205314548e+06,0.246172357976789
2022-01-20T00:00:00+00:00,7.792470568173138e+06,555979.6018318966,1667.9388054956896,9.145686639101723e+06,0.2540879349984017
2022-01-21T00:00:00+00:00,6.901015209878149e+06,541961.7044481505,1625.8851133444516,9.083014475648293e+06,0.26378272177360773
2022-01-22T00:00:00+00:00,5.618272870203736e+06,1.1380560511104395e+06,3414.168153331318,8.964801514265098e+06,0.25527742359160105
2022-01-23T00:00:00+00:00,5.548018706945059e+06,109169.6492296859,327.5089476890577,8.805501393756399e+06,0.25277543598003893
2022-01-24T00:00:00+00:00,5.31521160422684e+06,243649.63543414455,730.9489063024337,8.63663878276824e+06,0.26091150211681013
2022-01-25T00:00:00+00:00,5.659614875891383e+06,340169.2128971029,1020.5076386913087,8.481079394782905e+06,0.265731288969242
2022-01-26T00:00:00+00:00,5.952891224591744e+06,906696.1152602991,2720.0883457808973,8.319985507535697e+06,0.2752511303146008
2022-01-27T00:00:00+00:00,5.832057474862623e+06,240904.5828360038,722.7137485080115,8.165235017222297e+06,0.2553319926461151
2022-01-28T00:00:00+00:00,5.675185794480556e+06,311486.30048252887,934.4589014475866,8.018376927469041e+06,0.26165849806996716
2022-01-29T00:00:00+00:00,5.805352234433562e+06,63354.69922806017,190.0640976841805,7.88507330100934e+06,0.2609841647980898
2022-01-30T00:00:00+00:00,5.88981051256663e+06,5217.900989065203,15.65370296719561,7.745657146547066e+06,0.2455317675348625
2022-01-31T00:00:00+00:00,5.885672636551884e+06,295762.1561797854,887.2864685393561,7.617491072378854e+06,0.2323768952204332
2022-02-01T00:00:00+00:00,6.258439793932639e+06,61806.772484425055,185.42031745327517,7.4960338035186445e+06,0.23360114353639383
2022-02-02T00:00:00+00:00,6.178664209202134e+06,1.0860400118201394e+06,3258.1200354604184,7.364237103753682e+06,0.2509521621042027
2022-02-03T00:00:00+00:00,5.781530040889091e+06,88181.72979439603,264.5451893831881,7.221760970134434e+06,0.24523367402701227
2022-02-04T00:00:00+00:00,6.114620855685383e+06,299321.50219048327,897.9645065714499,7.095150516650059e+06,0.2425344344524428
2022-02-05T00:00:00+00:00,6.430993499382643e+06,315521.08341412497,946.5632502423749,7.013140883577193e+06,0.2289776269192231
2022-02-06T00:00:00+00:00,6.401333230740421e+06,168378.11430966566,505.13434292899694,6.944419804217148e+06,0.21535889714983503
2022-02-07T00:00:00+00:00,6.593203430935049e+06,141852.71173527327,425.55813520581984,6.885928056119043e+06,0.21219388387189564
2022-02-08T00:00:00+00:00,6.64563799781394e+06,107450.1829307173,322.3505487921519,6.832741767953611e+06,0.20768410144358726
2022-02-09T00:00:00+00:00,6.721827972548473e+06,49207.72454553154,147.62317363659463,6.788744381779259e+06,0.19666904582501998
2022-02-10T00:00:00+00:00,6.661747157594677e+06,456091.57898201386,1368.2747369460417,6.743469850794738e+06,0.2047978298546579
2022-02-11T00:00:00+00:00,6.227040009187635e+06,39073.07090241423,117.21921270724268,6.671117597974596e+06,0.2041306940399343
2022-02-12T00:00:00+00:00,5.845587452707659e+06,35730.436755022856,107.19131026506857,6.584326052336505e+06,0.20555731926537768
2022-02-13T00:00:00+00:00,5.797604397298917e+06,115643.02339896909,346.9290701969073,6.500405024027719e+06,0.2093243399375871
2022-02-14T00:00:00+00:00,5.663374485152842e+06,46029.6648084481,138.08899442534428,6.406623724000323e+06,0.20755885050721626
2022-02-15T00:00:00+00:00,5.9682037466812795e+06,56760.47229904692,170.2814168971408,6.319377611074072e+06,0.20631871968345003
2022-02-16T00:00:00+00:00,6.047647727312551e+06,5747.184799078768,17.241554397236307,6.2415761310267905e+06,0.20213747063443166
2022-02-17T00:00:00+00:00,5.849823749318781e+06,60384.055375277596,181.1521661258328,6.165783886328097e+06,0.20227604962559975
2022-02-18T00:00:00+00:00,5.574940533617519e+06,24676.976973859113,74.03093092157734,6.087926466760231e+06,0.2026974892517512
2022-02-19T00:00:00+00:00,5.47287551219905e+06,47714.60188796943,143.1438056639083,6.010606631561096e+06,0.19211339892166987
2022-02-20T00:00:00+00:00,5.29162431160908e+06,119462.89902699119,358.38869708097354,5.95696026828546e+06,0.18277917039692
2022-02-21T00:00:00+00:00,5.243655312104884e+06,53514.87889371643,160.54463668114929,5.944473016348832e+06,0.15470165825122428
2022-02-22T00:00:00+00:00,4.8858064768411545e+06,50423.23846031532,151.26971538094594,5.922399275345369e+06,0.15373083621176584
2022-02-23T00:00:00+00:00,5.013061444444442e+06,73968.64173287114,221.90592519861343,5.912327603352622e+06,0.1495155913654263
2022-02-24T00:00:00+00:00,4.532347909666732e+06,42380.701923623645,127.14210577087093,5.8747520378118e+06,0.14256434056432066
2022-02-25T00:00:00+00:00,4.96632154782992e+06,16137.99749269593,48.41399247808779,5.84186638191974e+06,0.11958559785618014
2022-02-26T00:00:00+00:00,5.211855934349499e+06,19131.137005590106,57.393411016770315,5.821192997235969e+06,0.1140670695239846
2022-02-27T00:00:00+00:00,5.074085792131907e+06,32076.521035786827,96.22956310736049,5.801156330491013e+06,0.10694738520898353
2022-02-28T00:00:00+00:00,5.113032120427407e+06,96077.34118100697,288.2320235430209,5.778078993357474e+06,0.10825799259551869
2022-03-01T00:00:00+00:00,5.5140287848959975e+06,136745.69070609045,410.2370721182713,5.7655529357684525e+06,0.11205197060409347
2022-03-02T00:00:00+00:00,5.5385560727365725e+06,310926.1804941466,932.7785414824398,5.753982383641274e+06,0.11268841519424021
2022-03-03T00:00:00+00:00,5.347971240008524e+06,19110.86061702927,57.33258185108781,5.723633431843804e+06,0.11212223865462792
2022-03-04T00:00:00+00:00,5.038948349209386e+06,88548.10029522753,265.6443008856826,5.68564290317738e+06,0.08550270632495004
2022-03-05T00:00:00+00:00,4.856213489621613e+06,34943.51021858017,104.83053065574052,5.65479901813513e+06,0.08450038482935628
2022-03-06T00:00:00+00:00,4.7958247532961685e+06,43270.3174458413,129.8109523375239,5.61083914805549e+06,0.07804335444131855
2022-03-07T00:00:00+00:00,4.600384997065221e+06,43087.88353871788,129.26365061615363,5.54981886464491e+06,0.07124360971187386
2022-03-08T00:00:00+00:00,4.757708847893488e+06,151524.9111834816,454.5747335504448,5.495031385216679e+06,0.07147548429537949
2022-03-09T00:00:00+00:00,5.044919453063375e+06,170447.32097290037,511.3419629187011,5.443421919287622e+06,0.07297262538299183
2022-03-10T00:00:00+00:00,4.867418978542073e+06,52052.34785412446,156.1570435623734,5.38414795197856e+06,0.0721708856650195
2022-03-11T00:00:00+00:00,4.803843733149666e+06,49646.940305766584,148.94082091729976,5.320215143998599e+06,0.07305103898717306
2022-03-12T00:00:00+00:00,4.793309167096221e+06,49141.05935752898,147.42317807258695,5.257933877648652e+06,0.061842345379281086
2022-03-13T00:00:00+00:00,4.789589810708012e+06,38395.6392171854,115.18691765155621,5.2100188710326655e+06,0.06239080731691207
2022-03-14T00:00:00+00:00,4.7472777913616495e+06,7352.115056673755,22.056345170021263,5.173408548987797e+06,0.061976598654259626
2022-03-15T00:00:00+00:00,4.741764827964206e+06,4002.094742009681,12.006284226029043,5.138213896676641e+06,0.059011611143857494
2022-03-16T00:00:00+00:00,4.951864410019513e+06,78178.08815335692,234.53426446007074,5.114496894172196e+06,0.0602658366725513
2022-03-17T00:00:00+00:00,5.324632966428596e+06,80437.37196406648,241.31211589219944,5.093044534830441e+06,0.061244905419736366
2022-03-18T00:00:00+00:00,5.693432590408627e+06,49331.83079706577,147.9954923911973,5.08123736360031e+06,0.06272531920926656
2022-03-19T00:00:00+00:00,5.953780126284663e+06,221427.71067245392,664.2831320173617,5.084702576165838e+06,0.0676234333642225
2022-03-20T00:00:00+00:00,5.937798567454578e+06,160343.6034675617,481.0308104026851,5.096797843960407e+06,0.07161536532232415
2022-03-21T00:00:00+00:00,5.801219334599807e+06,31216.69742430599,93.65009227291796,5.107742638040433e+06,0.07095803217915736
2022-03-22T00:00:00+00:00,6.005308861584386e+06,418567.41847184714,1255.7022554155415,5.131532123039609e+06,0.07972193522273055
2022-03-23T00:00:00+00:00,5.989234918539557e+06,347018.08424455934,1041.054252733678,5.156384776587431e+06,0.08821726679638978
2022-03-24T00:00:00+00:00,6.143429084477111e+06,34623.78245813297,103.8713473743989,5.198305530175297e+06,0.08703171711983988
2022-03-25T00:00:00+00:00,6.267140382131005e+06,52197.86989686491,156.59360969059475,5.240108161431516e+06,0.08568930300011844
2022-03-26T00:00:00+00:00,6.201777481750901e+06,135733.37153969606,407.2001146190882,5.295755813834321e+06,0.08753882330589448
2022-03-27T00:00:00+00:00,6.29828802016562e+06,473554.6709054521,1420.6640127163564,5.340154696245511e+06,0.10017335900154647
2022-03-28T00:00:00+00:00,6.620626631233767e+06,38808.87800608673,116.42663401826017,5.387113719474987e+06,0.09986998402538019
2022-03-29T00:00:00+00:00,6.780353840837658e+06,1.1733197617536518e+06,3519.9592852609558,5.443989321098512e+06,0.1315294473271255
2022-03-30T00:00:00+00:00,7.200263940831678e+06,624824.9488859191,1874.474846657757,5.513563715111988e+06,0.14483001824612224
2022-03-31T00:00:00+00:00,7.281410503806958e+06,323586.909983833,970.7607299514989,5.572476439075685e+06,0.14852943259916995
2022-04-01T00:00:00+00:00,7.176946437173743e+06,289080.79521519976,867.2423856455994,5.627089451223593e+06,0.14648227839800984
2022-04-02T00:00:00+00:00,7.502885761140647e+06,611877.8089412691,1835.6334268238072,5.69891993526133e+06,0.1608621524634882
2022-04-03T00:00:00+00:00,7.443387051054684e+06,225756.8019797826,677.2704059393478,5.779067891989508e+06,0.16233501708232123
2022-04-04T00:00:00+00:00,7.420462639670279e+06,234935.1735484316,704.8055206452948,5.864542863657796e+06,0.165288890708333
2022-04-05T00:00:00+00:00,7.339841221183199e+06,183679.10658126738,551.0373197438021,5.949343412587363e+06,0.16661461388383725
2022-04-06T00:00:00+00:00,6.791862878702707e+06,1.6924088221741559e+06,5077.2264665224675,6.022392675308613e+06,0.2073165416623621
2022-04-07T00:00:00+00:00,6.516745739861891e+06,84572.81690959795,253.71845072879384,6.081027238374225e+06,0.2035999917017317
2022-04-08T00:00:00+00:00,6.532107154776572e+06,140087.9729537349,420.2639188612047,6.1306001617646655e+06,0.20118112492023774
2022-04-09T00:00:00+00:00,6.278676699581007e+06,28386.18594760067,85.15855784280201,6.177642085799297e+06,0.19905153109294896
2022-04-10T00:00:00+00:00,6.325507437597496e+06,76857.30683798234,230.57192051394702,6.22836420928089e+06,0.1981120389624869
2022-04-11T00:00:00+00:00,5.897095698583975e+06,88575.97033173185,265.72791099519554,6.265157093663815e+06,0.19793051642196086
2022-04-12T00:00:00+00:00,5.723201708769352e+06,179800.66190064696,539.4019857019408,6.296277490265859e+06,0.2004557398404811
2022-04-13T00:00:00+00:00,5.87097763240938e+06,119812.82161168133,359.438464835044,6.333734151634118e+06,0.20204018705847232
2022-04-14T00:00:00+00:00,6.042047805964572e+06,256868.91456408054,770.6067436922416,6.377076917567464e+06,0.2068527749811447
2022-04-15T00:00:00+00:00,6.059218341933183e+06,114735.64721223935,344.206941636718,6.41398871529792e+06,0.20655150713321524
2022-04-16T00:00:00+00:00,6.049801599817873e+06,45409.5818196785,136.22874545903548,6.438161003077561e+06,0.20492726105902284
2022-04-17T00:00:00+00:00,6.022801176408399e+06,165972.55830751077,497.9176749225323,6.449139955944221e+06,0.20739984916539062
2022-04-18T00:00:00+00:00,5.741173522951088e+06,91523.6564896506,274.57096946895183,6.442053069166437e+06,0.20448226792196494
2022-04-19T00:00:00+00:00,6.005783520072835e+06,84160.66107686363,252.48198323059088,6.444319234253713e+06,0.20256617265408197
2022-04-20T00:00:00+00:00,6.209391123395928e+06,265080.89449122833,795.242683473685,6.457924960546915e+06,0.20778871008632097
2022-04-21T00:00:00+00:00,6.195263125224222e+06,124141.92261549999,372.4257678465,6.464256769334911e+06,0.2004798952573237
2022-04-22T00:00:00+00:00,5.957036614600074e+06,129511.25097588208,388.5337529276462,6.463183492536928e+06,0.19526328712469004
2022-04-23T00:00:00+00:00,5.924906967220919e+06,70638.47606943977,211.91542820831933,6.455899421961722e+06,0.19635385612326767
2022-04-24T00:00:00+00:00,5.8999142451855e+06,71164.81007154108,213.49443021462324,6.443658550730204e+06,0.1971860518229077
2022-04-25T00:00:00+00:00,5.644954001061497e+06,128323.09473842286,384.9692842152686,6.425097768040557e+06,0.19757576173343555
2022-04-26T00:00:00+00:00,5.720641107413701e+06,162134.91435728807,486.4047430718642,6.405842870948827e+06,0.1905857087515578
2022-04-27T00:00:00+00:00,5.5777673146947585e+06,219210.2195809862,657.6306587429585,6.37108089373086e+06,0.19604282755624722
2022-04-28T00:00:00+00:00,5.629294482948747e+06,106578.38897679387,319.7351669303816,6.332712248467896e+06,0.17095251076745316
2022-04-29T00:00:00+00:00,5.380120427320388e+06,238444.62596245453,715.3338778873635,6.2720407980175195e+06,0.16299602655493992
2022-04-30T00:00:00+00:00,5.1673507252265485e+06,234003.16615226594,702.0094984567978,6.201572138731507e+06,0.1625946843594818
2022-05-01T00:00:00+00:00,5.109981688562975e+06,211772.71895134458,635.3181568540338,6.132673313777815e+06,0.16245486324767558
2022-05-02T00:00:00+00:00,5.167401246192387e+06,1.9595695920344547e+06,5878.7087761033645,6.054823829946206e+06,0.19926632988522483
2022-05-03T00:00:00+00:00,2.562957313262337e+06,168178.04176756972,504.5341253027092,5.892142838686461e+06,0.2032435853793464
2022-05-04T00:00:00+00:00,2.585639455083952e+06,345654.91238146526,1036.9647371443957,5.730982065866917e+06,0.21197283491691865
2022-05-05T00:00:00+00:00,2.644681458485397e+06,232034.76612036212,696.1042983610863,5.574476740443657e+06,0.21927726227280733
2022-05-06T00:00:00+00:00,2.4856209985149223e+06,156196.44329944535,468.589329898336,5.430935344437396e+06,0.18094615472636863
2022-05-07T00:00:00+00:00,2.4558689911882887e+06,108717.96540364945,326.15389621094835,5.295572786148277e+06,0.18628268369549777
2022-05-08T00:00:00+00:00,2.318111795119946e+06,131365.67088435212,394.09701265305637,5.155106274159723e+06,0.19109457279739475
2022-05-09T00:00:00+00:00,2.154713971987822e+06,298119.3216679882,894.3579650039646,5.017640849906615e+06,0.20471596734095054
2022-05-10T00:00:00+00:00,2.0615687493792416e+06,315088.8470999405,945.2665412998216,4.87550956029934e+06,0.2183064780153194
2022-05-11T00:00:00+00:00,1.8992117530959193e+06,677587.9205827446,2032.763761748234,4.742246762116405e+06,0.24381716997833103
2022-05-12T00:00:00+00:00,1.5543564345422224e+06,267490.33334358805,802.4710000307641,4.6032852529755e+06,0.25414909338216735
2022-05-13T00:00:00+00:00,1.7636364288702845e+06,439320.5202130118,1317.9615606390355,4.466373879524198e+06,0.2730993883420644
2022-05-14T00:00:00+00:00,1.7260350445079515e+06,245848.0819600081,737.5442458800243,4.322506787475645e+06,0.2817912809872389
2022-05-15T00:00:00+00:00,1.8004980549404577e+06,194283.03338652218,582.8491001595665,4.1805494445758876e+06,0.2943283253253839
2022-05-16T00:00:00+00:00,1.7558368061344489e+06,136145.8140006786,408.4374420020358,4.0374172847864395e+06,0.30826859880748114
2022-05-17T00:00:00+00:00,1.8019775167137245e+06,112350.74062818209,337.05222188454627,3.896723162796617e+06,0.3172521921565022
2022-05-18T00:00:00+00:00,1.7632289531747098e+06,151045.49747614766,453.13649242844303,3.764125010470738e+06,0.33089479476729017
2022-05-19T00:00:00+00:00,1.6981292089696191e+06,136370.4476399434,409.1113429198302,3.620536533433964e+06,0.3462674904520047
2022-05-20T00:00:00+00:00,1.7596632813120047e+06,91779.03200114027,275.3370960034208,3.4722122720311666e+06,0.3532730469430572
2022-05-21T00:00:00+00:00,1.3218923403815292e+06,45054.60649429065,135.16381948287196,3.3097665792030767e+06,0.3668842979105178
2022-05-22T00:00:00+00:00,1.358141918596311e+06,49347.3943078084,148.0421829234252,3.156470089336285e+06,0.38074044486545433
2022-05-23T00:00:00+00:00,1.4051455740346727e+06,121468.04486488247,364.4041345946474,3.0058113762300764e+06,0.4024621266380787
2022-05-24T00:00:00+00:00,1.3591681302202141e+06,165335.00033005085,496.0050009901526,2.8544531723978994e+06,0.4289493344191864
2022-05-25T00:00:00+00:00,1.3663097708884205e+06,225268.09109967228,675.8042732990168,2.711831698058797e+06,0.4570855959646998
2022-05-26T00:00:00+00:00,1.3030032111213822e+06,188356.6163296583,565.0698489889749,2.564577101515719e+06,0.48492587438133455
2022-05-27T00:00:00+00:00,1.2183096656751826e+06,198630.24065397063,595.8907219619119,2.4192618465484e+06,0.5127263584253895
2022-05-28T00:00:00+00:00,1.2145798800603843e+06,60251.643452612356,180.75493035783708,2.2721046931187883e+06,0.5427533106600556
2022-05-29T00:00:00+00:00,1.2283293279885512e+06,60316.15238716501,180.94845716149504,2.1337116564743933e+06,0.5649330821346586
2022-05-30T00:00:00+00:00,1.335550849577653e+06,248457.6266562726,745.3728799688178,2.0059849939527633e+06,0.6020280320929409
2022-05-31T00:00:00+00:00,1.4186741368286416e+06,65624.62994292875,196.87388982878625,1.8829414088949522e+06,0.6292602047173638
2022-06-01T00:00:00+00:00,1.388811201223771e+06,16418.199914697514,49.254599744092545,1.7569884073959985e+06,0.5018408064331802
2022-06-02T00:00:00+00:00,1.3022082224218461e+06,193742.40280931242,581.2272084279373,1.7149634377013152e+06,0.5164637916543902
2022-06-03T00:00:00+00:00,1.2860401025263513e+06,165594.62711202365,496.783881336071,1.6716434592827286e+06,0.5130442800582774
2022-06-04T00:00:00+00:00,1.2635422411140369e+06,130866.0039476697,392.5980118430091,1.6256054853703498e+06,0.5178653712472584
2022-06-05T00:00:00+00:00,1.267555685676787e+06,175678.87041840763,527.036611255223,1.5850033082757457e+06,0.5330487592057872
2022-06-06T00:00:00+00:00,1.2213587728807745e+06,134744.59273809954,404.2337782142987,1.5438529676654956e+06,0.54988669158135
2022-06-07T00:00:00+00:00,1.1660729020831615e+06,26633.9096219205,79.9017288657615,1.505451671230936e+06,0.553060627472622
2022-06-08T00:00:00+00:00,1.1800092454203477e+06,7765.8627857454585,23.297588357236375,1.4729615136786865e+06,0.5345088103278195
2022-06-09T00:00:00+00:00,1.1783835384494192e+06,21994.123983551624,65.98237195065487,1.4435220066476928e+06,0.5137352434626894
2022-06-10T00:00:00+00:00,1.1332643226976544e+06,131519.94670568831,394.559840117065,1.4179904256344172e+06,0.4629097021655867
2022-06-11T00:00:00+00:00,1.0324971762400377e+06,25338.279712024065,76.0148391360722,1.4005951170243446e+06,0.44168782092562786
2022-06-12T00:00:00+00:00,951996.9261130723,56654.661135300645,169.96398340590193,1.3735404669324371e+06,0.40692643913848936
2022-06-13T00:00:00+00:00,810796.8399142663,131407.57882220083,394.2227364666025,1.3430325267793143e+06,0.40287722146944394
2022-06-14T00:00:00+00:00,795566.1457790111,136634.27218120554,409.90281654361667,1.309534796473933e+06,0.4063152864792919
2022-06-15T00:00:00+00:00,779616.3045074847,37487.57995299265,112.46273985897795,1.2769941130863675e+06,0.4046168390108487
2022-06-16T00:00:00+00:00,806231.5577679361,64755.67629609122,194.26702888827364,1.243802581121508e+06,0.4094447938654915
2022-06-17T00:00:00+00:00,778032.9875911037,21743.775731709764,65.2313271951293,1.2109627156020543e+06,0.40389139693815035
2022-06-18T00:00:00+00:00,726587.3010442647,37389.16377228675,112.16749131686025,1.1785779853378756e+06,0.40188799422160193
2022-06-19T00:00:00+00:00,650423.6938302994,41838.53573167944,125.51560719503833,1.1416033324218185e+06,0.4080801202242844
2022-06-20T00:00:00+00:00,732062.9584932202,53438.89034890618,160.31667104671854,1.1219423530255416e+06,0.41639712786011923
2022-06-21T00:00:00+00:00,798643.6031870266,122506.25539836055,367.51876619508164,1.1032924091785657e+06,0.43378015816396986
2022-06-22T00:00:00+00:00,794445.2355302579,143110.66630336092,429.33199891008275,1.0829357312284184e+06,0.4450518999426479
2022-06-23T00:00:00+00:00,817874.2310750476,65152.33722627583,195.45701167882748,1.064892601256913e+06,0.43791656426608305
2022-06-24T00:00:00+00:00,862267.5159215119,60469.51125113027,181.40853375339083,1.0480911927580162e+06,0.4204076265910944
2022-06-25T00:00:00+00:00,878736.7566477814,37660.59639819307,112.9817891945792,1.0339489776088962e+06,0.40342121393044
2022-06-26T00:00:00+00:00,889791.0931312854,40270.88952324149,120.81266856972447,1.0229983585240995e+06,0.3835909311515089
2022-06-27T00:00:00+00:00,862776.5144972339,42310.0369395483,126.9301108186449,1.0112715796719946e+06,0.3852713851832537
2022-06-28T00:00:00+00:00,833709.0239109423,46270.69988084458,138.81209964253372,998117.5695360744,0.3881535838365964
2022-06-29T00:00:00+00:00,798621.5173758523,425953.72117422876,1277.8611635226862,980219.9251293476,0.4234889454993729
2022-06-30T00:00:00+00:00,747314.866046677,57534.984452382916,172.60495335714876,957841.282769949,0.43206565137511793
2022-07-01T00:00:00+00:00,759060.3892018016,78961.52408413794,236.88457225241385,936849.5890358833,0.4521612447525813
2022-07-02T00:00:00+00:00,747335.9332482484,28347.462523760423,85.04238757128127,918353.84606343,0.4331723195204945
2022-07-03T00:00:00+00:00,751857.8195226238,16632.131515623063,49.89639454686919,900547.7699633058,0.415932756506728
2022-07-04T00:00:00+00:00,772395.1389412286,81630.6578796001,244.8919736388003,884176.1998908788,0.41494738535767567
2022-07-05T00:00:00+00:00,803353.0623333837,49016.67734347221,147.05003203041662,868702.7791127653,0.39959271291275056
2022-07-06T00:00:00+00:00,813852.0833265447,33338.569043519965,100.01570713055989,855119.222794291,0.387440665222727
2022-07-07T00:00:00+00:00,841547.9762569035,36767.47478634838,110.30242435904513,844301.7252667489,0.39427705372109617
2022-07-08T00:00:00+00:00,856998.5330171208,60013.060340590724,180.03918102177218,833534.7015199746,0.4091483640530777
2022-07-09T00:00:00+00:00,884941.4975490305,83016.74561935954,249.05023685807865,823753.3001566284,0.42556295485177276
2022-07-10T00:00:00+00:00,879477.9146268622,41145.883565655306,123.43765069696593,815293.7532209352,0.4126862659065805
2022-07-11T00:00:00+00:00,847208.842455369,68084.63565075917,204.2539069522775,809117.475428113,0.4240780561297335
2022-07-12T00:00:00+00:00,785138.5481324792,69504.94434743402,208.51483304230206,803555.5294954266,0.4295081020199846
2022-07-13T00:00:00+00:00,781575.1444786701,109806.59298110729,329.41977894332183,802581.4729809067,0.4258307325244777
2022-07-14T00:00:00+00:00,845061.171066993,112914.95646677128,338.74486940031386,804231.3071571727,0.4203562336979671
2022-07-15T00:00:00+00:00,911521.1668349162,142012.40521562562,426.03721564687686,808628.1359014206,0.4382354512615596
2022-07-16T00:00:00+00:00,921311.8985952121,161268.58909130786,483.80576727392355,812464.1472623297,0.45469764011177455
2022-07-17T00:00:00+00:00,945836.7136160345,55066.10975051712,165.19832925155134,818057.6047964941,0.45794307435811277
2022-07-18T00:00:00+00:00,977191.2323569003,91372.97100405287,274.1189130121586,826411.0691735819,0.46350454726331847
2022-07-19T00:00:00+00:00,1.0118487803218595e+06,63823.01191324411,191.46903573973233,838458.572056634,0.46093495807079127
2022-07-20T00:00:00+00:00,1.0132477296859084e+06,38251.73695143443,114.7552108543033,847831.397763057,0.4530448764205361
2022-07-21T00:00:00+00:00,975333.5103044198,49668.07196240129,149.00421588720388,853721.061333637,0.4366097207754557
2022-07-22T00:00:00+00:00,999077.1781612418,51893.668189587974,155.68100456876394,860542.126088003,0.4166130298966829
2022-07-23T00:00:00+00:00,968517.0914177416,14541.64922551613,43.62494767654839,865563.5547660928,0.4050745820390828
2022-07-24T00:00:00+00:00,1.0257383667416353e+06,41398.33730143687,124.1950119043106,871012.5831267633,0.39912476441042555
2022-07-25T00:00:00+00:00,997669.8429477423,54024.290026854294,162.0728700805629,874977.0193367621,0.4002338581537913
2022-07-26T00:00:00+00:00,938511.8341471212,28369.20174330249,85.10760522990746,876601.0440372902,0.3973743441452805
2022-07-27T00:00:00+00:00,979831.133520273,67755.6656114145,203.2669968342435,880502.8646713912,0.4001216772368832
2022-07-28T00:00:00+00:00,1.1380385990382489e+06,199106.18320234705,597.3185496070412,890647.1838423016,0.42233403444854234
2022-07-29T00:00:00+00:00,1.1876688051231182e+06,107009.24640566502,321.0277392169951,903615.4267672102,0.3612103896080804
2022-07-30T00:00:00+00:00,1.188318668174482e+06,60023.09778699095,180.06929336097284,918315.5535048039,0.35585091071524055
2022-07-31T00:00:00+00:00,1.1881188729985734e+06,121831.08896669911,365.49326690009735,932617.5029646961,0.3575646790889766
2022-08-01T00:00:00+00:00,1.1568570434251078e+06,47585.78828691534,142.757364860746,946268.2066372581,0.3555781063120612
2022-08-02T00:00:00+00:00,1.1267591315977008e+06,50757.66868075297,152.2730060422589,958764.9170397609,0.3564959821772161
2022-08-03T00:00:00+00:00,1.1502434457401289e+06,144948.0341397758,434.8441024193274,971359.8605997242,0.3620422932203608
2022-08-04T00:00:00+00:00,1.1526385002166715e+06,105011.93993728,315.03581981184,983002.7085291671,0.36664050801816717
2022-08-05T00:00:00+00:00,1.1853546810244196e+06,234704.22338121771,704.1126701436532,995386.1284524295,0.39363784898653476
2022-08-06T00:00:00+00:00,1.208829519802309e+06,144617.8069693239,433.85342090797167,1.0076288465706096e+06,0.4055524092292422
2022-08-07T00:00:00+00:00,1.2053515491806003e+06,10295.842698815453,30.88752809644636,1.019240613776059e+06,0.3933226511630719
2022-08-08T00:00:00+00:00,1.2257333538775737e+06,40848.20978425324,122.54462935275971,1.0306003423203438e+06,0.38260430605468854
2022-08-09T00:00:00+00:00,1.18537740921251e+06,29252.961806024203,87.75888541807261,1.0407969921398655e+06,0.3770733735421457
2022-08-10T00:00:00+00:00,1.190939363727564e+06,64350.00618320355,193.05001854961066,1.0522546761822721e+06,0.3724138648863346
2022-08-11T00:00:00+00:00,1.2626309533474315e+06,130752.1767419327,392.2565302257981,1.068171089689437e+06,0.3758094587375631
2022-08-12T00:00:00+00:00,1.2495694427577872e+06,83414.28995793588,250.24286987380762,1.0837708996320742e+06,0.36660109615285624
2022-08-13T00:00:00+00:00,1.3193383781001447e+06,29570.196928756268,88.71059078626881,1.0995801398665127e+06,0.3495059644696837
2022-08-14T00:00:00+00:00,1.3094436735669116e+06,99630.17757800726,298.8905327340218,1.1128442234242458e+06,0.33939897591605517
2022-08-15T00:00:00+00:00,1.25119324217617e+06,42078.027901686575,126.23408370505972,1.1238402682102777e+06,0.31953336465740084
2022-08-16T00:00:00+00:00,1.2283578266666182e+06,30098.026829047038,90.29408048714112,1.1332576386452974e+06,0.31344102981522887
2022-08-17T00:00:00+00:00,1.2157048340059277e+06,53234.03158824302,159.70209476472905,1.141208092033598e+06,0.30604389260132203
2022-08-18T00:00:00+00:00,1.1837302255158813e+06,75276.4416616039,225.82932498481168,1.1469374735400653e+06,0.3060729201839714
2022-08-19T00:00:00+00:00,1.0587363806041921e+06,87662.55670477817,262.9876701143345,1.1484537619040085e+06,0.3123805255177019
2022-08-20T00:00:00+00:00,1.0325418220831265e+06,22228.374946765653,66.68512484029695,1.150360705629965e+06,0.3081416074167783
2022-08-21T00:00:00+00:00,1.033245982370698e+06,28502.121677554438,85.50636503266331,1.1514996657702806e+06,0.30466783978730877
2022-08-22T00:00:00+00:00,1.0207681541484555e+06,66154.41008151564,198.46323024454693,1.1532413678613042e+06,0.31118941479277223
2022-08-23T00:00:00+00:00,1.0506397063346775e+06,39737.723301119564,119.2131699033587,1.1540714125144058e+06,0.3107411263348051
2022-08-24T00:00:00+00:00,1.0554390077605313e+06,12712.876017368471,38.13862805210541,1.1559970513414987e+06,0.30464858850752297
2022-08-25T00:00:00+00:00,1.0735399022093907e+06,40440.28473200476,121.32085419601428,1.1604979869435742e+06,0.3050896795510759
2022-08-26T00:00:00+00:00,1.0320868632105549e+06,36051.05274495721,108.15315823487163,1.162239844599917e+06,0.30037693249906783
2022-08-27T00:00:00+00:00,951793.641499758,24627.72657870965,73.88317973612895,1.1560316793486339e+06,0.2784451376775407
2022-08-28T00:00:00+00:00,952424.7229383868,40156.340942518524,120.46902282755558,1.1481902099424761e+06,0.2712637193441862
2022-08-29T00:00:00+00:00,956998.1203379491,22303.754908694234,66.9112647260827,1.1404795250145919e+06,0.26793828619646115
2022-08-30T00:00:00+00:00,997514.5687184602,31169.68538975357,93.50905616926072,1.1341260482052548e+06,0.2569687477664001
2022-08-31T00:00:00+00:00,994463.9266870607,46466.71500352333,139.40014501057,1.1287129443139865e+06,0.25804645587844705
2022-09-01T00:00:00+00:00,974615.5598606622,16264.295346361961,48.792886039085886,1.1236414919227518e+06,0.2544222608360566
2022-09-02T00:00:00+00:00,996978.4998112533,26203.10516450837,78.60931549352512,1.1185326603917892e+06,0.2390231499636298
2022-09-03T00:00:00+00:00,991248.7070903811,8066.647188503969,24.199941565511907,1.113153000620913e+06,0.2265921522149618
2022-09-04T00:00:00+00:00,989382.3150238569,13668.360885870725,41.00508265761217,1.1066205884208942e+06,0.196770367264432
2022-09-05T00:00:00+00:00,1.0003711940926258e+06,25374.292415637876,76.12287724691363,1.0996719775639048e+06,0.18109777769981703
2022-09-06T00:00:00+00:00,988432.420761087,54956.34598890798,164.86903796672394,1.092441339949921e+06,0.18867391988139998
2022-09-07T00:00:00+00:00,930326.339813701,31611.08332032561,94.83324996097683,1.0825944394811252e+06,0.18905897781866116
2022-09-08T00:00:00+00:00,815154.3330021771,20138.659293419332,60.415977880258,1.0702536702741142e+06,0.18991046008414475
2022-09-09T00:00:00+00:00,848333.726136055,24483.355295925598,73.4500658877768,1.0588334823543974e+06,0.18608513300124194
2022-09-10T00:00:00+00:00,865407.0524981911,41586.17335298377,124.75852005895132,1.0455926856594224e+06,0.17513824969607558
2022-09-11T00:00:00+00:00,868003.9872065702,31506.5413871967,94.5196241615901,1.0328738371410486e+06,0.16945502712009683
2022-09-12T00:00:00+00:00,864040.1720527654,44845.700008283224,134.53710002484968,1.0176972302728029e+06,0.17432359771405204
2022-09-13T00:00:00+00:00,824548.6017216969,88227.776781554,264.683330344662,1.0015340612112955e+06,0.17536085375680638
2022-09-14T00:00:00+00:00,793334.4113436381,37155.61484127455,111.46684452382365,986272.1001835446,0.17729587156583704
2022-09-15T00:00:00+00:00,795170.9679530376,66997.11804898304,200.99135414694913,971832.5382264251,0.1858532439786846
2022-09-16T00:00:00+00:00,767420.4960012883,106518.47790894943,319.55543372684826,956889.7269596036,0.19744239919865528
2022-09-17T00:00:00+00:00,775848.1050242255,32214.875963544786,96.64462789063435,943293.6562765485,0.19316678109529564
2022-09-18T00:00:00+00:00,762101.0879475315,59758.02610092737,179.2740783027821,933405.813187993,0.19054937297731442
2022-09-19T00:00:00+00:00,708727.0171982618,71976.27539812209,215.92882619436628,922611.9863584975,0.20119028112717122
2022-09-20T00:00:00+00:00,716335.0335843206,22902.77651030432,68.70832953091296,912048.2880656183,0.2025628132612438
2022-09-21T00:00:00+00:00,708499.7988313893,87762.0909951638,263.2862729854914,901639.3428883828,0.20863981454111175
2022-09-22T00:00:00+00:00,713014.9861996026,62228.657972793204,186.6859739183796,890385.185550547,0.21521747464104068
2022-09-23T00:00:00+00:00,729431.6495187094,68740.87372794286,206.22262118382858,879518.2736091529,0.22781427600431337
2022-09-24T00:00:00+00:00,739250.3132406455,59545.89097238084,178.63767291714254,868375.2873101947,0.23416982988795396
2022-09-25T00:00:00+00:00,749148.151297261,37537.53247073126,112.61259741219378,858943.996913085,0.237011009887938
2022-09-26T00:00:00+00:00,741194.1312223062,45256.523784739664,135.76957135421898,851924.0132371701,0.2427414573324415
2022-09-27T00:00:00+00:00,782980.3039416929,125004.17164618183,375.0125149385455,846275.8659372801,0.2600021422751664
2022-09-28T00:00:00+00:00,756880.7120224468,47485.97168236776,142.45791504710328,839605.2856600966,0.2667467293754336
2022-09-29T00:00:00+00:00,764081.7694917185,37515.62443683527,112.54687331050582,831824.1923525386,0.27043206061523684
2022-09-30T00:00:00+00:00,768560.1467510557,54592.64302184284,163.77792906552853,824294.0663546717,0.27444037803011884
2022-10-01T00:00:00+00:00,765836.8274391359,61842.162551039204,185.5264876531176,817334.7752739543,0.2854763182981933
2022-10-02T00:00:00+00:00,754226.331797306,233671.938634682,701.015815904046,809243.036340156,0.32832517371450687
2022-10-03T00:00:00+00:00,757514.2078497736,40175.565411399875,120.52669623419963,801451.8863654692,0.3377668158646832
2022-10-04T00:00:00+00:00,784028.5605819677,28428.67221863851,85.28601665591553,794606.7612174063,0.34357429815478885
2022-10-05T00:00:00+00:00,784617.689219327,70930.49762518085,212.79149287554256,787414.9777216294,0.35573774468643127
2022-10-06T00:00:00+00:00,800712.493930259,19593.398538894016,58.78019561668206,781157.6468272686,0.35152521340615667
2022-10-07T00:00:00+00:00,790379.379090427,72558.1770481752,217.6745311445256,776492.7481364928,0.3618634633751397
2022-10-08T00:00:00+00:00,784604.9560113812,32342.631437570963,97.02789431271289,775474.435570133,0.3647936821706548
2022-10-09T00:00:00+00:00,777525.0385376306,38725.9735894711,116.1779207684133,773114.1459835187,0.36878127856777065
2022-10-10T00:00:00+00:00,777518.2311065682,44104.04091183137,132.3121227354941,770184.5186037979,0.3706940397755282
2022-10-11T00:00:00+00:00,753328.0634720216,11370.189554100712,34.110568662302136,766361.9878126462,0.36844408279404217
2022-10-12T00:00:00+00:00,753662.6591420817,27795.615960781564,83.3868478823447,762682.7373822901,0.3667340466318176
2022-10-13T00:00:00+00:00,733122.0069697034,111370.35919345784,334.11107758037355,759635.1842238905,0.372957934698815
2022-10-14T00:00:00+00:00,763688.8347574424,39722.747255860835,119.1682417675825,758646.998337684,0.37397161355812464
2022-10-15T00:00:00+00:00,753595.8542100951,16973.221052109973,50.919663156329925,757261.161212919,0.364350805626861
2022-10-16T00:00:00+00:00,759650.2127253696,25101.589583313067,75.3047687499392,757002.1517703887,0.3476973994902135
2022-10-17T00:00:00+00:00,780208.7842080136,45305.52217417806,135.9165665225342,757147.5077431817,0.350327799636487
2022-10-18T00:00:00+00:00,792386.8158527389,74192.50444698133,222.57751334094397,758157.0320066885,0.3528313894311322
2022-10-19T00:00:00+00:00,804192.1985817093,48142.25859252314,144.42677577756942,761339.2047194701,0.3464730185350508
2022-10-20T00:00:00+00:00,790271.0841376624,77474.3695846092,232.4231087538276,763803.7397379149,0.35650082179651926
2022-10-21T00:00:00+00:00,770805.2515861279,70186.924787823,210.56077436346897,765880.5881630728,0.3519542591175872
2022-10-22T00:00:00+00:00,777398.1019177688,97872.64541360577,293.6179362408173,768026.6920203451,0.3582107235056293
2022-10-23T00:00:00+00:00,776901.6995259366,27970.73081001604,83.91219243004812,769609.0270205861,0.34921011226373977
2022-10-24T00:00:00+00:00,787336.2259280313,12010.469532765905,36.031408598297716,771211.8907768322,0.3388689050388243
2022-10-25T00:00:00+00:00,795434.9768289132,49607.70288709945,148.82310866129833,772754.7849612205,0.3406289817780026
2022-10-26T00:00:00+00:00,841124.9828498196,43687.04049777258,131.06112149331773,776085.8133488041,0.3388514925146045
2022-10-27T00:00:00+00:00,848757.9011161881,58658.72750811866,175.97618252435598,778278.3999212874,0.3245984302181137
2022-10-28T00:00:00+00:00,833180.8934815828,24816.28268343118,74.44884805029355,780821.7393032585,0.3190119624814109
2022-10-29T00:00:00+00:00,859892.322925487,70903.18814331884,212.7095644299565,784015.4244177174,0.32435578104902624
2022-10-30T00:00:00+00:00,863997.6266098013,52409.51564761545,157.22854694284635,787196.6737463423,0.3226123482744112
2022-10-31T00:00:00+00:00,846879.656509398,20887.011158910424,62.66103347673127,789898.1013820177,0.31342063415621346
2022-11-01T00:00:00+00:00,854423.7267936848,62966.71204564629,188.90013613693884,793238.0145485639,0.2785297028809061
2022-11-02T00:00:00+00:00,833931.2361552496,65143.76081280848,195.43128243842546,795785.2488254128,0.28253274023429115
2022-11-03T00:00:00+00:00,841158.4948216353,40440.78187844274,121.32234563532822,797689.5799667351,0.2842073931880303
2022-11-04T00:00:00+00:00,885350.5205666473,95777.92043565433,287.33376130696297,801047.3410116457,0.28785498964746226
2022-11-05T00:00:00+00:00,916890.075098349,80312.20510821599,240.93661532464796,804919.9270505824,0.29823787411808367
2022-11-06T00:00:00+00:00,895200.2003374158,46163.60065705044,138.49080197115134,808413.954425482,0.2918554939214396
2022-11-07T00:00:00+00:00,859240.8992117334,90774.24937203559,272.32274811610677,810901.819198827,0.30220105635195765
2022-11-08T00:00:00+00:00,788498.239883285,154711.6561719924,464.13496851597716,811267.5925770156,0.3243678845922859
2022-11-09T00:00:00+00:00,671348.7254528741,149572.7994637627,448.7183983912881,807728.6090552256,0.34615869246432435
2022-11-10T00:00:00+00:00,670676.6096910352,142884.3378058227,428.6530134174681,804973.5605958594,0.3728302406375913
2022-11-11T00:00:00+00:00,680095.989587406,329258.5195230894,987.7755585692682,802521.3382773703,0.4325700547785196
2022-11-12T00:00:00+00:00,653017.2078044665,110151.31571955307,330.4539471586592,799851.1783051958,0.43377635476240695
2022-11-13T00:00:00+00:00,646669.5467290527,30150.423753664374,90.45127126099312,795950.5353709161,0.4340260238034942
2022-11-14T00:00:00+00:00,639012.6407833268,128306.51439872914,384.9195431961874,792131.0949233572,0.4580444349410113
2022-11-15T00:00:00+00:00,665738.1888456624,52749.18616320141,158.24755848960424,789000.694127367,0.4653281899148353
2022-11-16T00:00:00+00:00,660621.0564580517,2687.7632835036734,8.06328985051102,785014.4365357015,0.459221993475398
2022-11-17T00:00:00+00:00,642104.8065216974,158837.89901642984,476.51369704928953,780005.0362246669,0.4791002091659407
2022-11-18T00:00:00+00:00,657236.8413418786,36459.241996128476,109.37772598838544,775106.5243166725,0.47977666778709177
2022-11-19T00:00:00+00:00,650495.6172301598,598098.7255127847,1794.296176538354,770447.3420864224,0.5880939555381819
2022-11-20T00:00:00+00:00,644459.9899570495,295675.24224361766,887.025726730853,766235.8333654532,0.6372341010469392
2022-11-21T00:00:00+00:00,617036.3866421422,530433.0081210005,1591.2990243630015,760890.4428562655,0.730395583575392
2022-11-22T00:00:00+00:00,611485.6249206957,189864.82908061077,569.5944872418323,755376.5737027575,0.7691613939377747
2022-11-23T00:00:00+00:00,633561.8106824564,18189.01533879285,54.567046016378555,750250.7598612383,0.7757011157583246
2022-11-24T00:00:00+00:00,646347.9975702188,6845.831288190066,20.537493864570195,745281.1938859484,0.7719227377170376
2022-11-25T00:00:00+00:00,642053.428463146,13988.404234464599,41.965212703393796,738645.4754063926,0.7725851322414379
2022-11-26T00:00:00+00:00,653275.6519854158,28836.132970174524,86.50839891052357,732129.4004353668,0.7731067584663083
2022-11-27T00:00:00+00:00,659351.5113182266,13360.00328252816,40.08000984758448,726335.0876965881,0.7768136463725704
2022-11-28T00:00:00+00:00,639068.7821563815,7528.394193930003,22.585182581790008,718974.3030042847,0.7710157898404321
2022-11-29T00:00:00+00:00,658334.8918588797,75174.33207396918,225.52299622190756,712118.8785125874,0.7834251672046812
2022-11-30T00:00:00+00:00,664244.3977076121,21025.959578494043,63.07787873548213,706031.0365525278,0.790211050984415
2022-12-01T00:00:00+00:00,662673.446675473,11383.127561563166,34.1493826846895,699639.3605485873,0.7859284643607266
2022-12-02T00:00:00+00:00,666324.696701892,15798.92360371544,47.396770811146325,694052.4759001421,0.781163834815941
2022-12-03T00:00:00+00:00,676376.5680955249,2769.363058146587,8.30808917443976,688559.7450092718,0.7788604492039624
2022-12-04T00:00:00+00:00,665065.7752563274,984.4386303686882,2.9533158911060644,681216.9201655946,0.7655478801279513
2022-12-05T00:00:00+00:00,680613.8478359103,5442.670402926861,16.328011208780584,673341.0459235132,0.7571564585473823
2022-12-06T00:00:00+00:00,681500.1896032989,9717.324785710096,29.151974357130285,666217.712232376,0.7567179518551519
